(BSplineTransformSplineOrder 3)
(Direction 1 0 0 0 -1 0 0 0 1)
(FixedImageDimension 3)
(FixedInternalImagePixelType "float")
(GridDirection 1 0 0 0 -1 0 0 0 1)
(GridIndex 0 0 0)
(GridOrigin -104.5 137.5 -86.5)
(GridSize 22 25 22)
(GridSpacing 10 10 10)
(HowToCombineTransforms "Compose")
(Index 0 0 0)
(InitialTransformParametersFileName "NoInitialTransform")
(MovingImageDimension 3)
(MovingInternalImagePixelType "float")
(NumberOfParameters 36300)
(Origin -90 126 -72)
(Size 182 218 182)
(Spacing 1 1 1)
(Transform "BSplineTransform")
(TransformParameters 0 -1.8612895899389466e-7 -0.000002052215129560864 -0.0000010779700069751398 2.536611533617392e-7 0.0000010361141646282575 0.0000032434065954584846 0.00000160925096572764 5.3912643610641275e-8 0 0 0 -2.275599120610058e-9 -2.1381298790239524e-8 -1.1311041283723047e-8 -6.86403049187192e-10 -7.519996565306746e-9 -2.8591278944567263e-8 -1.2565741885398171e-8 -2.826859080354103e-10 5.674372737915653e-13 0 0 -0.0000037937541563824165 -0.000009531069237972461 0.00003165437691144351 0.000007633179670671837 0.0000352124829444537 0.00009899797369530605 0.00003364320458966237 7.63483560217011e-7 1.016124413558617e-8 1.0054805404520918e-8 4.619976985862237e-8 4.238536822675488e-7 0.0000017841315268340166 8.294205366303758e-7 -2.131991030881131e-8 -4.690671769600565e-7 -0.0000013987497137335331 3.4285584416550987e-7 8.55417172165063e-7 3.124112640338632e-8 0 0 0.000012155255910874372 0.00021772721002995285 0.00021718447403861586 0.000027351798793966336 0.00006652038555491492 0.00012711890000158128 0.00003160183008738317 -0.0000027600222908853625 -0.0000026612045803346578 -0.0000015854178258551906 7.368646921791942e-7 0.000007852634385148413 0.000008047434522584116 0.0000026170684891534996 -0.0000027638193839622314 -0.0000018753006066982327 -0.0000022586295987092498 0.000027102174912156078 0.000026239870785982835 9.261779984249899e-7 0 0 0.000010778971657518823 0.00013611713176076045 0.00009362371460919964 0.0000177146195649336 0.00004423021708022789 0.00015573380446409256 0.00014776990298247776 -0.00011006855198452786 -0.0001432503386918863 -0.000042901473941331027 -0.000008359442987177958 0.000015482771850141806 0.000049630645478401256 0.000028919511889348585 -0.000036599451057591186 -0.000012580266855516308 -0.000012640047916458595 0.000028329549036535734 0.000030303829402510492 0.0000010653794549030174 0 0 3.76958723130448e-7 0.000005968396514668498 0.0000016386544788856504 -0.00006395090405804663 -0.001142086550283658 -0.0008047283017892025 0.00022621491979074457 -0.00017145285254893393 -0.0003078031835688528 -0.00008883989528129657 0.000020412247284138536 0.00008650201991105415 0.0002865068037000721 0.00037274458100552564 0.00004171532227764582 -0.0002569002155914639 -0.00006074286976007415 -0.000004196057094831635 0.0000015979189414594594 5.9277754890699935e-8 0 0 -8.733062051462492e-9 0.0000011904694131076469 -0.0000013242644398150706 -0.00005343422856678144 -0.0020648614563081105 -0.0027422896017922594 -0.000327853368043224 -0.000043418672091774714 -0.0000764138117360016 -0.00004724732041364244 0.00017595028246686288 0.0005251680650234256 0.00037987877216578584 0.0006510536322934825 -0.000005016899299657134 -0.0007492704334078591 -0.00012960773871974838 -0.000007608012398369264 -5.246827313805307e-7 4.5678001611175857e-10 0 0 -3.6369827320661443e-8 4.1868818090851765e-7 -0.000001212470066402941 0.000029895891251496752 -0.00010996434171376139 -0.0008478236217144493 -0.00023617411465738837 -0.00016968032124834015 -0.0004128957024029361 -0.0001947964252894192 -0.000016622973115067172 0.0005098497334036438 0.00042289593438821617 -0.00014454474424283062 -0.000518628724503469 -0.00024280513014813277 0.000012230263136547362 -0.000003963242848392827 -7.698849078521352e-7 2.1435426211682556e-9 0 0 -4.3719480396149676e-8 -0.000004081643954058316 -0.00009699287948355094 -0.0002720121333771753 -0.0001466628487635971 -0.00015736812645317737 -0.00033508495695728374 -0.0005771321560028446 -0.000725030094965351 -0.0011885345579403317 -0.0007326463537552213 0.00019430388639410167 0.0005222742902189337 0.0002543531631185887 -0.004101498283014361 -0.002949151679948958 -0.000009965106967218273 0.000008254155633952707 -2.2035510434668472e-8 5.952957235922872e-10 0 0 -1.7443618364923034e-8 -0.0000044178651445553735 -0.00013801105372275672 -0.00027406292775327974 -0.00012983336542286036 -0.0001874667065218078 -0.0004472797321796421 -0.0005384955669186415 -0.0005919393829435649 -0.0012489863084574355 -0.0006995951641893707 -0.000005708235702894236 0.00014304112692938405 0.00004780223309248249 -0.004781581779164395 -0.003826134916951657 -0.0001081484305116218 -0.000016600880802918937 0.000012351826831008146 0.0000012122593913641092 -2.816999229383492e-9 0 -1.2582569658301594e-7 -0.000003514373258960205 -0.000015138948538996937 -0.00006932399878541132 -0.0000028477292314871876 0.0001864631918681305 0.00018243133037822046 -0.00040176423919170934 -0.0012911760962490873 -0.0002742123364987175 -0.00033335229084313904 -0.0005999185054430304 -0.0000318036134236428 -0.000009102288752526577 0.0002913788403721989 0.0019977168620716633 0.0003992160888109606 0.000060191767775873965 0.00016233444716746127 0.00002326283224350832 -1.2795268948795084e-8 0 -2.6051310230783774e-7 -0.0000013633340293422371 -0.00003663037651928721 -0.0001224545744353126 0.0003044386243766729 0.0008591618441017786 0.0004080009726021425 -0.000007674691322187127 -0.0002556936273050843 -0.00015772522123360497 -0.00016418276067448707 -0.0005142585297185742 -0.00025851715747135073 0.000011076029975088982 0.00007371510403361013 0.00041228767632112026 0.0000718801530507378 0.00004957006543658468 0.00013030375010143609 0.000019138473567799967 -5.602038104234843e-9 0 4.213986149811163e-8 0.000017588155172924055 0.00002646303084305706 -0.00010800062916513382 0.00009246340329768663 0.0003170253389024689 0.00016378299657411843 0.00009439365323526928 -0.0001722936646697856 -0.0001364766580324605 0.00023536788211129864 -0.00028653155069172543 -0.00041266097676561037 -0.000181827273568444 -0.0004913541407034798 -0.0011136455882265243 -0.0001449586061073144 -0.000009940398910067864 3.03764589657813e-7 -0.0000030787078571357365 -3.8014980008382735e-9 -2.1457337657969205e-16 1.1240040407944295e-8 -0.0000011094854605600693 0.0000015711707462058898 -0.00004240140802258537 -0.000029950854865318023 0.00004518453777076129 0.000012811353103126104 -0.000006829205759396203 -0.00015123880919526507 -0.00011056129064403895 0.0002510020189219409 0.0001798102368289196 -0.0008496877439136577 -0.0014429912393024138 -0.0007554522372732271 -0.0022281591333111216 -0.000404698526919579 -0.00002984697087132572 0.000007366692950247784 -2.188339681704438e-7 -3.796324912261204e-10 -2.862707090689571e-14 2.228980319376172e-7 0.0000016494615280867637 0.000007341941232724014 0.00006121387679313752 0.00004114726449970588 0.000007859181674905157 0.00004621747914607195 0.000024163246677937875 -0.00002877892365626502 0.000027863704393803262 0.00015143692043193517 0.00011911505904505152 -0.0004900397628884016 -0.0008002080388314406 -0.0004928496229239834 -0.0007271923624328381 -0.000024541787596719404 0.0000012465025787890608 0.0000019139672645439557 2.2761813089512125e-8 -1.5902906579672743e-9 -5.701664941323131e-14 7.075509778177912e-7 0.000012835745622766432 0.000015216449754389769 0.00003193009826649496 0.00003569277256733487 0.000004761330046919254 -0.000012162283475473409 0.00008782983477376849 0.00020671165643510717 -0.00008234296215913027 -0.00017690732949450055 -0.00018400550170737082 -0.00017307311379569847 0.0003504586530914859 -0.00021818193208088645 -0.0017465197132376605 -0.0013109071605195667 -0.000028806386279889194 0.0000017942826613734109 -2.1877660630412125e-7 -4.661413504991398e-9 4.7231420946823286e-11 -6.156500629903406e-7 -0.000007733978554852682 -0.0000031924186124677514 0.000026603977914318577 0.00009183471058099566 0.00009896781868137248 -0.00014709494209454025 -0.00019473718359436356 0.00007716047543058718 0.00044837764497846703 0.00014051977277647367 -0.00023488739518038565 0.00018557099204475448 0.0008134758706323398 0.00007199606447268757 -0.0026229675309957837 -0.0019875620138458594 -0.00006069728899741301 5.553371985648075e-7 -5.2226671881433244e-8 -8.185133277432042e-10 2.5691960306640724e-10 -0.0000033191024923186447 -0.00004857276942482662 -0.00008830409503921005 -0.0001771907727482872 0.00013890807610014326 0.000185777764333885 -0.00006471533810657166 -0.00006647165587743039 5.486957316979916e-8 0.0004334722811765434 0.0002643931174133987 -0.00004337614479684858 0.00012894321045703587 0.00018201759096001538 -0.00016398501912507607 -0.001266789995095761 -0.0003940855359987841 -0.00002589397833718689 4.442613371491199e-7 6.150108829422435e-10 0 -2.3825252745943746e-10 -0.0000011542715010373355 -0.00001832249163229947 -0.0001295027465658707 -0.00045513712192158187 0.00033093523862467 0.0004948975430213444 0.00019224311940724593 0.00023151161225458817 0.0002276472939950373 0.000019074342738180977 -0.00014733633608253832 0.00016210457502586323 0.00035519139630246267 -0.0002922883217674349 -0.0005172672196163688 -0.0004188905626678891 -0.000051736015665881936 0.000055830713049803894 0.00002264312260204227 1.3825664610352913e-8 0 1.9060587864642584e-9 3.331567653589653e-7 -0.0000053815304395296785 -0.0003191689830329173 -0.0008316859886255232 -0.0004679093785912961 0.000048494223725363255 -0.00009348043628536735 0.0002447897346793501 0.00007345841900011003 -0.000019729528190918907 0.00005072714121770061 0.0007286042550867636 0.0006754430335808821 -0.0005875223655091589 -0.0010033211772496164 -0.00023076801963189475 0.00005396747234427663 0.00007078657416817857 0.000018625561038281773 -6.503088407032262e-8 0 6.609730820206776e-9 8.565733288118449e-7 -0.0000018378296531236493 0.000015507273802981463 0.0012920474344321243 0.000628768364772594 -0.00006517635173267063 -0.00012442290062495827 0.000048815011561552225 -0.00005230556391970416 0.00010703727067687672 0.00014690600410933953 0.0004946593135701694 0.00004777122031503903 -0.00009759591580223067 -0.00012188642011670471 -0.00007279134726633296 -0.000011632496778803754 0.000015386891586857415 -0.0000042092623993167236 -8.230773558731712e-8 0 -1.7261882748112412e-10 -3.790669697811333e-8 0.000001218385342262114 0.0001852277179005764 0.0012350713234300632 0.0007296417482410203 -0.0003118770222032351 -0.00013657794768289806 0.000032744590399337956 -0.000032456517396206176 0.000013139218681544146 0.00031740397330002565 -0.000004908539065195278 -0.0003628808901377884 -0.00013510264256064218 0.00010384274209792197 -0.000048088130831206774 -0.00005623993375777317 -0.000028030815497830635 -0.000011272620830099004 -4.7491808463734026e-8 0 -5.362782190452538e-9 -4.3321927908187096e-7 -1.8173996772505626e-7 0.000003844484231638218 0.00005368664245381085 0.00007911367234861972 -0.00039300474220418447 -0.0002163694160891009 -0.000011300220053373639 -0.00006836729431098566 -0.0002359712237125056 -0.0001009719604642545 0.000035042393448979046 0.00003214162584408642 0.0005449938417429528 0.00011839182056121321 0.00002195543562744439 0.00008623675656941652 0.0000662481772852821 0.0000018007459584287402 -3.324308113922108e-8 0 -4.846848232283801e-10 -0.000004558779331925757 -0.0001496082390206534 -0.00007957370520302201 0.000002165844882120016 -0.00005472361147276111 -0.0003254974674806446 -0.00012817442448407316 -0.000015878972225498316 -0.00011970479019756208 -0.000559494852298861 -0.0005457048698830427 0.00006477526429481948 -0.000034517686731784043 0.000036422962091472304 0.00001696278870508857 0.000022930917481816112 0.00006815930213769206 0.00003830485033106423 -0.00000178009720280229 -9.040511889274653e-8 0 8.45855317416099e-9 -0.000045848786645899386 -0.0004501106699532389 -0.0001972573412272004 -1.748309330864274e-7 -0.000005444252344835339 -0.000029805964795293512 -0.000017887884273425527 -0.000006791975477915457 -0.000058675495927044585 -0.00029645935707127966 -0.00019312595914967447 -0.00002790974452424825 -0.000047553052307076046 -0.000024399352655583634 -0.000002662094392428467 0.0000027355828641324796 0.000004976248078702744 0.0000010533294684941958 -5.353259919483028e-7 -1.876185965266623e-8 0 9.49950227921218e-10 -0.000010186100856688409 -0.00007341533083125704 -0.00002897540165979551 -3.837038235210057e-8 -3.167690293967345e-8 -9.758407157997699e-8 -5.191948979666788e-7 -3.965256813863144e-7 -0.0000030416545755411966 -0.000006507868589234224 -0.000002311188200864188 -0.0000014725874206886348 -0.000002186702141511455 -7.31685119712441e-7 -6.322418127521116e-8 6.101654200629986e-9 9.399734402772729e-9 1.1872759578649152e-9 3.372855455901672e-11 0 0 6.438372076236958e-12 -0.00005364609422226359 -0.0009004274624030849 -0.000820448384922341 -0.000034810686750864333 0.000021462293140663682 0.000010830536977152267 0.000013991563687547745 0.000009280469202025398 0.000008845604492453818 0.000013290397447496058 0.0000012273085606599977 -0.000009234447794140598 -0.00000827383897819438 -0.00007263736511262682 -0.00011861249771021066 -0.00006597644217774027 -0.00045984611687148393 -0.0008447452115886872 -0.0001460927986217664 -1.0296255128771596e-7 0 4.119349093124558e-9 -0.001202960418882345 -0.0038141437206293044 0.008214781596969086 0.0012919062716398467 0.0009366635944270342 0.0024008654369292114 0.000795412501798443 0.000038454148480133436 0.000023634357752688907 0.000062098590229359 0.00003107468445312618 -0.00006956748735517734 0.0009427882376844962 0.00010356459860698864 -0.0012678686981671549 -0.000813368476930364 -0.010776965967263135 -0.020442578032719594 -0.003311221217878696 0.0000037330991041635066 0 1.5432610721223225e-7 -0.00010422878539680035 0.02456702003739645 0.04235550934679329 0.003691192356193636 0.0013706662282143003 0.0037457547502441724 0.001548857929475067 0.0011269400409983491 0.0002165651983969766 -0.0013480474882682026 -0.0008909811789673684 0.001136184066721491 0.0033325880534533737 0.002462447867935891 0.0008044991485421499 0.0004168137106593358 -0.01136820202232402 -0.017234082706058248 0.0015195153714771064 0.00018658644351010392 0 5.518162641702707e-7 0.000897385975719697 0.011469678848981903 0.010375458593445509 0.0007271498282543085 -0.0003337524191937862 0.012990126417167028 0.041194492804973254 -0.0022173778793043364 -0.024593316259175907 -0.01507420410846346 -0.008026174394125753 -0.00045489849415740675 -0.013394605870056003 -0.004873912832917251 0.0019762061198516437 -0.0013734869732627524 -0.004956699765018983 0.004356724752630857 0.005695502567989036 0.00021323822388052323 0 5.599606770416557e-8 0.00007292867318889625 0.0004226029241586569 -0.0004194017367817469 0.002996080663470976 -0.0022556486745360653 0.00591884959218721 0.08077739565962518 0.0026281396634194637 -0.038148802476431584 -0.02083856910757302 -0.006896462261220694 -0.005194557658699109 -0.03802732221430144 -0.02621156416902547 -0.01385917037434048 0.0007492659912676795 -0.0034243551705873667 -0.00033681093932521304 0.00019890319968254638 0.00000961613210753348 0 -1.7869095725998257e-9 -0.0000012777731679501097 0.00001906125594813723 -0.0013709061392151221 0.024081815924302034 0.10150290783776295 -0.01118494341579171 0.011509031432728425 0.002818771318234846 -0.009530776040250306 -0.010294290489492205 0.005108826514299782 0.022907559358461463 0.0018885383195752288 -0.15428570572704003 -0.18503906360798125 -0.037987892286459546 -0.0024745367694346547 -0.00015255784868238362 -0.0003161014227149908 -0.0000027645749160080682 0 5.136159629923653e-8 0.000010838235501553803 -0.0004508842281534585 -0.022823906178630234 -0.020900990265897812 0.06311921273362385 -0.013247909372399422 -0.01288407441134988 -0.007479963029678739 -0.019330039764172 -0.014795685754863218 -0.005218611589996005 0.034701977364167934 0.024537103636551927 -0.15093029448143455 -0.2695121040572563 -0.05430625646150125 0.008154621685985202 0.0023504629519903583 -0.00041314168723642874 1.6787309131867552e-7 1.709010192177325e-9 3.408049768443178e-8 0.000008322849685010864 -0.00126536362492726 -0.027518960162390877 -0.06707968647128176 -0.0439809919082135 -0.006967555265563298 -0.010176558942626143 0.008350107390667771 0.028213941351863676 -0.0388883825474861 -0.010088554637168462 0.020899412054791355 0.024291363784986295 -0.018813464803400202 -0.16859074155460252 -0.08173248248086255 0.00466006855984068 0.00035961680286602203 -0.0001974315772097914 0.000005085452689914484 2.3991775001050706e-8 1.8910593619650117e-7 -0.0001160447374239726 -0.004872991504548425 -0.012783381985583852 -0.015401313209971797 -0.009387014463222041 -0.005677131691966823 -0.03501959205289474 -0.014659196987311975 0.05435460779961332 -0.030672491626608303 0.0046182056325649035 0.021098958687936868 0.004922325551420878 0.015586016614004881 -0.09037630740530776 -0.038231072577702606 -0.0008573344834528396 -0.00335723571150165 0.0010745630251823163 0.00012873770265665183 -0.0000010736810747834218 -5.940897497536103e-7 -0.000030333784779531225 -0.003827629946619061 -0.005723399504688006 -0.0041931388435377396 0.00013791886223295228 -0.006620995168063093 -0.020295010285032045 -0.01997459469884657 -0.01440022409714496 -0.0012643287160118482 0.005157355239780128 0.019896229534128923 0.0068731666606132984 0.01254716997836616 0.06008651130909325 0.1384022827800021 0.016960154371466706 0.011027989265172598 0.021423638778383797 0.002694269103579675 -0.000004659429400134196 0.00002806777365129527 0.0020240423708734762 0.007475043883525837 0.0035106834867674047 -0.00701341774546765 0.010220174797824982 0.026011166097390584 0.0034947691852718447 -0.010321771790088247 -0.021811451342100524 -0.027867724167888464 -0.023030564144965807 0.010483932355842534 -0.008778367440823545 -0.0002983933408880741 0.016648781029797013 0.08770495720133652 0.028249368718511917 0.009863066782304237 0.014430453790540119 0.0013774291204374533 -0.00000298641912091525 0.000039218008664829436 0.0031922135371487354 0.024126752472046695 0.024926085080739437 -0.0004909242632974365 0.0025640434997030214 0.008156692101940697 0.005532831230026577 0.003910262450927713 -0.005356145858550088 -0.0005505673692153296 0.006419562182245254 -0.010132207841879858 -0.014713828013277419 -0.0067221939747467655 -0.015049803105534167 0.013387880326746732 0.021543942171618972 0.003087694527675587 -0.0013238977617950406 -0.0013464089403833342 -0.000005027778119590895 0.0000034347014170721633 -0.000018859594876218794 0.002531620542072709 0.0019096836469359862 0.0012500177635356583 -0.0015534871737000857 -0.00008414451059531324 0.003696643459901654 0.001919890202937291 -0.010369852866502214 -0.005147135638491217 0.013880530481307602 0.005881145590788808 -0.023586626819698225 -0.07444341342177926 -0.03842883996186244 -0.10852588014625117 -0.015157117864593854 0.006157722810039335 0.005615623435380554 -0.00017523870093160367 -0.0000029396439038571545 -0.000045535082630318 -0.007889396008170907 -0.017976319594113832 -0.009493513336708372 0.004766235854394023 -0.00012431195109370737 -0.0025670439517304997 0.004809384649746331 0.004143220569146122 -0.002297914693365377 0.00001527386689574347 -0.0018198216341901417 -0.004509593952925943 -0.015399522035611646 -0.04011154013593681 -0.018441229916229058 -0.037456392362842664 -0.04085307641205767 -0.005287188540732247 0.005612163835847917 -0.00012134804077795576 -0.000002107579303524947 -0.00005268006678349029 -0.00803645855882356 -0.015005370632783038 -0.004907227574101386 -0.000009673118230117943 0.0012790755760834357 0.0011430729924237339 -0.009728730681967755 0.026894915331350917 0.027400690504644637 -0.025272204849180135 -0.021490021104974093 -0.01504251304552584 -0.00949920877046463 0.012696211964398893 -0.003280676032593894 -0.11060484520311292 -0.1463249513247446 -0.01999574614319269 0.000044303180360265445 -0.00004582106510414911 -7.292782944915018e-7 -0.000004960097345195246 -0.00195809087692012 -0.012063389605370883 -0.008922659998740127 0.00162946647575702 0.010931365500775194 0.031263137373065165 0.025569378511918525 -0.03221092544992528 -0.023438101720569465 -0.052061047848784035 -0.005057434448533235 -0.00704379582431469 -0.0007856148239203459 0.02683550799978507 0.004178465600551168 -0.16005016522680654 -0.13998930798862494 -0.008995067243467656 -7.653360764702515e-7 0.00003039827438850377 2.812417139844721e-8 1.8486926189581252e-7 -0.0031598915659082974 -0.040043434539132644 -0.030626783317743392 -0.000453953375351427 0.00773208361585185 0.018950624725156153 0.01728647975883718 -0.03212630509096722 -0.05321815275220629 -0.025988590592597987 0.027128724034610602 0.016664382889196673 0.002438084560817654 -0.0075235630590400745 0.013774392097531845 -0.03331780676461486 -0.029977083398054074 -0.002503481984832222 -0.000016087716786782368 0.00007141881185423804 2.8597397188086447e-7 -1.8240737007409076e-7 -0.0022046156428842064 -0.03424794287881413 -0.027398467382013684 -0.005338849749948874 0.014708497852523119 0.021964280960156134 0.006417509180427968 0.005853829221971264 0.0022205765529420157 0.0003727951352273501 0.0023291058038024735 0.039129761855149395 0.04393825789932979 -0.03782764349753741 0.012528281566243362 0.06360414172048098 -0.0006229557364690297 0.00025542553797681337 0.00038657906060260216 0.000035389744618576165 8.80076342178072e-8 4.0838017420132346e-8 -0.00030821765269422804 -0.004592281903973991 -0.009397853018272515 -0.019401805568345393 -0.008488323165698973 0.020121181840268634 0.005002801382027708 0.008868501862742103 -0.008496026205627304 -0.019179578958680686 -0.0001956175093268025 0.04414319950670792 0.051822303574239025 -0.016306710407053962 -0.10240589006873083 -0.03537684543085874 -0.00009800837298005964 0.00044966839270665714 0.00021050869497850355 0.000009433904532086496 1.7002574995149274e-8 4.0439252848811427e-7 0.000055438167419100576 -0.0005137582928245326 0.008002221593214297 0.10024150128741194 0.05066306510805363 0.041858948345585574 0.006073560415708396 0.0021004877519497874 -0.011332133133166498 -0.03402513629314595 0.00274708984571395 0.02733344194385568 0.049081201371167234 0.29250309236054783 0.1178812261588682 -0.022791932562259087 -0.005934056106695892 0.0007566093974021093 0.00013124004278269942 0.000014791478793867415 -3.1783287151107925e-9 -1.3850551243568636e-7 -0.00001213117886617186 -0.00006166914025232436 0.00913297218095622 0.021300274400657047 -0.028537539491253875 0.0006452060081721198 0.0008926881497306957 0.0022232426123969524 -0.002502197974654264 -0.017296180608014185 0.010308969431412135 0.08378209064373786 0.14367615252264854 0.12957839255583542 0.04254482253050382 -0.009409491912944734 -0.0037598294425352456 -0.0025007334491460947 -0.000556053802328401 -0.000008783654669311536 -4.43244329957327e-8 -5.150069861618726e-7 -0.000053013956262957466 -0.00013112139020001094 -0.0005590088036526687 -0.026730189519126358 -0.07116722922135349 -0.03887698564974138 -0.006527718003832652 -0.003615339756570528 -0.0034776914391682627 -0.033833927351226416 -0.08950394780982408 0.06240953658550034 0.10855205404949986 0.03253853446767695 0.0012060149508258886 0.002001830696910576 0.008726344120150782 0.002840345077485456 -0.0002842808129064179 -0.000014623530855192684 -4.6809792775745364e-8 9.757105819649802e-7 -0.006836145918163113 -0.042814312298098074 -0.015867902890279798 -0.001375459391509624 -0.012555162880689497 -0.02091805752974878 -0.015050811456727525 -0.008419642361579638 -0.0029173572852053023 -0.036206482811296056 -0.13387839566611515 -0.01961928994171774 0.012187337569748713 0.003345483431312611 0.0005742594590796735 0.002059320012553944 0.004610950232121856 0.0016088116973365179 -0.0004660064678536643 -0.00001826732812117612 -4.131243943964628e-9 0.0000011432672298190677 -0.017447108494344367 -0.1019809680381879 -0.03642048312172939 -0.00002185384528486807 -0.00039345371026957817 -0.0034853723279284834 -0.010036338597470891 -0.004582439342716979 0.002524500024972284 -0.0024483679983638663 -0.012083173145792563 -0.00222415119499572 -0.00014790172251312139 -0.0007174776432101309 -0.00013075309742152267 0.00023737141434216575 0.00040071900124171464 -0.000015165663744467086 -0.00010079425380764493 -0.000004266382246711745 0 1.8220324736141542e-8 -0.0025851928037121134 -0.014390772825207537 -0.004997240996602619 -0.000004022157238888969 0.0000027015187922833108 -0.000048639694633997634 -0.00028871438780060616 -0.00011602868288982873 0.00021194602310336326 0.00016630433978995327 0.00001800637868229822 0.000006976885777784588 -0.00003364565935636662 -0.00003675694767428804 -0.000003242662310933694 -5.835702952118133e-7 5.609247610686625e-7 2.990884726966516e-7 7.752033114349939e-8 2.3281336171242986e-9 0 -1.2395834109464978e-9 -0.00020260602901766168 -0.0033310715243601674 -0.002945320333569332 -0.00011167345269114351 -0.00045711333640275443 -0.0029983597486539382 -0.0007195471467598845 0.0005559258670057525 0.0007526260373494826 0.00047340923920773846 0.000026434229694506187 -0.0004402461373300582 -0.0007003950823556164 -0.003034410791149943 -0.002844801675805958 -0.00019954788868390062 -0.004143659329182239 -0.0072791839931552705 -0.000857488513000689 -7.161486795949768e-7 0 2.0066872578851074e-7 -0.007737936707636999 -0.05538006658612702 0.010798749251239694 0.0064814490182468045 -0.0033037136578253673 -0.020383408228316885 -0.0019893008045847546 0.00621337277317419 0.009300840858785691 0.003399095884484141 -0.0007994327011377674 -0.007913480179691972 -0.006048293289131937 -0.037530840835482346 -0.037930433570393836 -0.0023494869217339856 -0.11975988524197753 -0.22432662924535585 -0.03229979157277883 -0.00009962862916935816 -2.9540183223386713e-10 0.00003569451283952925 0.0019747055734118247 0.035394800766273465 0.11707246917915491 0.010224546666189634 -0.016384445219912076 -0.008631212698823233 0.02753906734261172 0.05174963102535471 0.025064199877271667 -0.010629005138286005 -0.0020726813152456445 0.00021130763579996033 0.0118684539123325 -0.015082241610267414 -0.01722291130093747 0.001754318033140193 -0.15444188335252637 -0.327537721634637 -0.05719460597719256 -0.00018706972515117353 6.254608194732526e-8 0.00011333773214173404 0.04010689276906656 0.127633602164256 0.04936541290202016 -0.009942194854261012 -0.0188381652050937 0.20258266332767913 0.4072334705056576 0.2224182366902602 -0.021352106180976053 -0.09396339823478154 0.004695750838358717 -0.0012239464118074589 0.09424043729073714 0.01352316409735507 0.010795596873748314 -0.039494113422780364 -0.06027758511102608 -0.05653854437677196 -0.045664327107086025 -0.007568708656705152 0.0000021554537199330575 -0.00003254939093723918 0.009294321382597637 0.026488063267216623 0.006000287070860259 0.03140624454070855 0.3237183505703834 0.8258643599453023 0.8944112494495512 0.10332940333114522 -0.14482256316292885 -0.12140883749401662 -0.00923548080292451 -0.016144331699025745 0.08931586593496184 -0.3257647516765646 -0.14727331534516908 0.036970345125268006 -0.02317350010179498 -0.014624084134351378 -0.05006153147942783 -0.010447523115862658 0.000042103843853976665 -0.000008194935866189259 -0.00024091262367437064 -0.0000473989563608005 -0.009196047052882766 0.13973087661985195 1.455849715552571 1.1942958360974627 0.4570382431484326 0.003673208833093912 -0.088427785145387 -0.004576138246619922 -0.010001949003158908 -0.005964648918724287 -0.08573358561098181 -1.6642530479032984 -1.4269980010463468 -0.09223267411166822 0.04517622527976359 0.006127714374974947 0.004083130406648137 0.007906446196259157 0.000303521798591002 0.0000045228838806292365 0.0007864547786295026 -0.004890211288087185 -0.17772395416796463 -0.23959247233315822 0.42335777963987475 0.25023064118158433 0.004044173105311119 0.001621686384250247 0.036058469199566706 -0.027345502010728905 -0.037549968815737106 0.18503076041767394 0.26944366349661414 -0.8666085356753448 -1.779176408930168 -0.34090610117314346 0.05506603696350788 0.007960283063859295 0.0036214649897201886 0.004726421908618394 0.00014743316595619647 0.000005309938229648766 0.0006558112821353881 -0.050918337515649836 -0.3072715413180125 -0.4945329282949764 -0.3150557089091708 -0.032391536548564775 0.028278523134052432 0.24029247318713368 0.4531761819157896 -0.03367776265666337 0.08404376297978365 0.13131226255796621 0.1369190461957373 0.00694941981224337 -0.19316069734449562 0.05871506800954609 0.06434050539473735 0.0038330138135004442 -0.0038261306761321863 0.00022979898983751832 0.000007031865854544953 0.000004182334692468411 -0.005969089454595127 -0.14995592501311034 -0.2590456200437194 -0.0506447018665402 -0.024180550621771678 0.020338403336110013 -0.04602536576972961 0.0604992166285586 0.2984474702091177 -0.027183697786444836 0.16326755455370393 0.08777795680094418 -0.03277166764710333 0.15113108723719493 0.6011033675966149 0.5526106209989242 0.08751634692278823 -0.003657180705143266 -0.007779839773671079 -0.00022487078279548938 -0.000002840274192798875 -0.000030401250032443987 -0.012740802722181569 -0.1561996722694164 -0.179674192357243 0.0006906619906512146 0.010922229664124837 -0.06356664357593189 -0.12235351756196884 -0.0006962336745152017 -0.042813651205790795 -0.09996776624682385 0.003565435245929241 0.0976720051450263 0.025965332566656233 0.059580670834091846 0.42401577103688154 0.4786730729121219 0.054886515492073476 0.016198283831157467 0.031540099791714134 0.0030706437684039226 -0.000006193089085181696 0.00020032876937711003 0.004826199365187976 -0.21304174611666382 -0.3105091010187286 -0.018397085260080607 -0.028427177256775016 -0.06694864977738613 -0.09700867353316485 -0.13607985722530905 -0.23033770754710053 -0.22121952013723725 -0.1633191806381351 0.008010294553365854 0.008119004904469969 -0.03913633048558855 0.09015842825369698 0.548951315310057 0.17516925698606903 0.026040657462461 -0.0006843234893857264 -0.007519209598299105 -0.00006724865262861629 0.00034214431289552634 0.018946066687594614 -0.09650244764856719 -0.0848106515282658 0.10409432032125465 0.0049843713571514296 -0.051665752477218885 -0.0074495465360843345 -0.06009863156999336 -0.08367403166905611 -0.05137265188658646 -0.019056725938072956 -0.004453553819009651 -0.028988927019085647 -0.17155064299581688 -0.09683705456786797 0.11182730966708436 0.013535839931294672 0.027406231929267576 -0.04297448069330347 -0.0192511082940709 -0.00018528536258415515 0.00003272119570636817 -0.009022071745627094 -0.12304659824385686 -0.05516441998191234 0.1073852827182812 0.035641024474906455 0.00040716740890142607 0.02475820572651203 -0.009621319507964196 -0.044372812961893084 -0.00892659729484957 0.06268319029776102 0.01273440881104462 0.005958481018458067 -0.20567366538821696 -0.21172111772124902 -0.544159356644743 -0.20418023956385295 0.1502936064028259 0.045538955181786814 -0.016106392527857297 -0.00019353792276189156 -0.00142178522520448 -0.0787801048930633 -0.13381589921326129 -0.05573665149590465 0.042476985738308444 0.005326403360223758 -0.009174092707001046 0.0226298513957572 0.03291474407646903 0.018222582365650938 0.009644681276276778 -0.0103162961109982 -0.04956790478732859 0.015487876008566914 -0.036400819886268046 -0.02635378180432935 -0.5144083969016199 -0.8669717469040873 0.2603219925525846 0.21656440493929327 -0.0014579761995500496 -0.00009758716227078241 -0.0019390510224090278 -0.11047995627103913 -0.18996477649190588 -0.035673063569118015 0.0400682022741793 0.02556287671467341 0.041542402917507965 0.10235087525589147 0.2552603874618655 0.3014550895377877 0.030084364674716958 -0.08600215403419553 -0.09823623085923518 -0.011514007974313232 0.03270271620826661 -0.023385314050095186 -0.6616336129473864 -1.4112548495617732 -0.18224546875048858 0.07452377633761705 0.0006905570806108344 -0.000015766583732868314 -0.0003876463968799361 -0.04844802391897415 -0.16021493210187257 -0.04868085370364593 0.0300184528582523 0.04869916120459708 0.20067004104215155 0.3412568228188965 -0.10688569354942543 -0.011530466990486446 -0.06309553818848922 0.041929063618034564 -0.11197496609831781 -0.057887286662420136 0.006739243711611523 -0.0043600124833571025 -0.3003071588449375 -0.3221343416938276 -0.07505839103480492 -0.010158451651827228 -0.000539461069931624 0.000002570735177838883 0.000008919937989870895 -0.0074702906907729875 -0.19874515690721017 -0.22720587318745 0.007434274885181319 0.009449223346295364 0.1523172232037589 0.17884640444353922 -0.22412686787808597 -0.2126860887090872 -0.12821813216140762 0.17322750284220192 0.08173482601262815 0.0003768444387821968 -0.02955870742836153 0.1366212679123986 0.24801061441935163 0.053667778949563955 0.003749144366228229 0.0001762321600032807 0.000479959663990895 0.000001867469661318244 0.00007403612351580108 -0.013559706037803886 -0.389958091168302 -0.36367648128911056 -0.013960017090469169 0.014590948327231505 0.12760063423102422 0.08547995120356792 -0.006184035593804199 -0.010053946700654934 0.0044978444542406295 0.06102650781581616 0.13705320136429533 0.12650990147409713 -0.09256643108613183 0.4101993779727297 0.9076266133569845 0.10070847236007968 -0.020470798546850476 -0.0032741750134467466 0.0012753747561153545 0.000008718780226223939 0.00009702800526637584 -0.004278210649712867 -0.07522179751274595 -0.07133218674966257 -0.15734234121261234 -0.12363318077270068 0.05156066341360906 0.04212560005216756 0.021508629443458695 -0.06840847561828822 -0.1688116659039009 -0.02669779593430771 0.19059243537853005 0.20590989934048054 -0.05897018893914405 -0.15358229164550086 0.02439574607701426 -0.000522958652388997 -0.024770261563672104 -0.0051462428303834795 0.0003783176919650656 0.000004225280938969637 0.00000497199039748403 0.0003935969586443493 -0.020202182263393226 -0.25910438667269936 -0.23961810546506546 -0.13987283308828988 0.0809853639783822 0.010066805000411778 -0.014595553850636473 -0.07354957835780841 -0.3423311760422483 -0.0944758303103108 0.14292026097690394 0.19710436288842076 0.7117736461603887 0.3102885065031215 -0.054021216400526234 -0.011164231156195628 0.012323009156121778 0.002759247654391636 0.000042779805819556344 3.2360015869523194e-7 -0.000003620485719001992 -0.00006699014590447106 -0.00265663532959431 -0.06730892042783514 -0.5186358475785043 -0.7183567672448511 -0.0822386191933065 0.03835101387455998 -0.005415225615273548 -0.027870838184765045 -0.13938789970834822 -0.03288287102797911 0.41871467575081794 0.5418632109034197 0.24883808985312095 0.02138139502570483 -0.04053327500011453 0.006081967278823008 -0.0022476182136050462 -0.0021556578751005394 -0.0002629672244708028 -0.0000012487487061985764 -0.000005856315504034087 -0.0003035191404512411 -0.00036715910055566106 -0.00877536396009747 -0.2728267548796233 -0.6014513463873059 -0.1610861323106222 0.039911158353507635 -0.028069371168378016 -0.01771238973807327 -0.07301198579468145 -0.13792474115862388 0.4241968840698138 0.5688765160239296 -0.030493734520302275 -0.04687959399737354 -0.019094869378697605 0.01913159345473384 -0.0014613415209345508 -0.003952797904191315 -0.00029301239010442044 -9.538584620818606e-7 0.00015316725926336862 -0.010815376860427802 -0.09213423702100364 -0.035163070414740906 -0.011082603288067138 -0.06552033887162668 -0.0018191615181498734 -0.09524975654710226 -0.0781533279503244 -0.000928085676021536 -0.08194200915817028 -0.23634823838644853 0.013346936570672178 0.06910675325505924 -0.002093242634774559 -0.009453825831165582 -0.0035593561036500456 0.008022248083406696 0.002282149480614883 -0.0011065556786897346 -0.00006833123039199246 -3.589943504359433e-8 0.0001861462150501971 -0.03584541200755132 -0.2273985814055862 -0.08019643538379222 0.0006137702461434402 0.0002784836234676338 -0.009681399404850247 -0.075847314888587 -0.038405919275048446 0.0184023207380744 -0.001678383934308956 -0.023735917941149168 -0.004798016133501035 0.0032412958302529154 0.00024585105778793183 -0.0003059509486439511 0.0001750339823030352 0.0012433927744811958 0.00039466719524623115 0.000060684634266997245 -0.0000058491113116347314 -1.0873655646328103e-10 0.000010815324217036474 -0.005943242606186061 -0.03266179366116985 -0.010990929456821152 0.000025867475120753553 0.00003334940016813247 -0.00024993011398146347 -0.001342934366339117 -0.0005140465267424699 0.0016937502046777005 0.0014502953810227885 0.00013167096765276317 -0.00027268743916776734 -0.00003663791266880882 -0.00006036964878909768 -0.000006833076052449078 0.000059459910695282486 0.00005705739802320715 0.000019424515605425454 0.00000829853536698378 2.3824976869085488e-7 0 -2.9152675273983804e-8 0.00025551837564893686 0.008214159182177161 0.011279647721149965 0.0009479739659044827 -0.0010203413479507146 -0.0033539227043222534 0.0003889283635081903 0.0010903932721620416 0.001532999553171625 0.0006511810890584411 -0.00015975150729979567 -0.0005218503500772538 -0.0008095533064598515 -0.009284945158237976 -0.006221527008742421 0.0021382968034633775 -0.0014766853901564251 -0.002204664557670421 0.0004904099863457518 -3.7647412150231124e-7 0 -0.0000026182350279994628 0.0006363373857568706 0.17604734233921981 0.3137816926921762 0.031857092098574465 -0.008909735325419516 -0.017050641813698333 0.018197915592111227 0.02002393317166473 0.027563748868936776 0.007887393971266539 -0.0008144918110893128 -0.002864795905027441 -0.004229168406819343 -0.13489511967852313 -0.09988940219085202 0.022983025175311107 -0.04920347582760248 -0.050736181141723014 0.0038254007919659118 -0.00001526878776023403 -8.63345981954951e-8 0.0000119723956003282 -0.017521802574748738 0.21027422780365804 0.42889520251024627 0.03220930617792991 -0.017591795197359802 0.005386899857591193 0.09632621795193813 0.13564599452634166 0.0503493398414475 0.0485661781151629 0.04369527373256552 0.0153310856909712 0.015351351618427921 -0.12220327270591798 -0.10283820325671383 0.004983081206985734 -0.07408950487573521 -0.1665065709714551 -0.042592441160798446 -0.0002761346647974667 0.000010290923446296 0.00012377306663740882 0.047633133792502086 0.13591232922923074 0.07052274654820244 -0.02117566000018533 -0.06679778724058305 0.4582327383783137 0.8285841384088763 0.5222248211975483 0.0142013994950133 -0.022957002034301385 0.21258149983621474 0.18291772288234698 0.7363085777299329 0.2070797130873512 -0.10907292323916071 -0.084871693948689 -0.04704218716156197 -0.2199885339431126 -0.3875421554071835 -0.057045858178607536 0.0004067746644584342 -0.0002606594576635011 0.017489219672280967 0.05235396074482965 0.007839271115935133 -0.07026522432646029 -0.16644342204570922 1.47581786822225 1.6317999511020302 0.253972710168454 -0.08466290987108359 -0.11221801798016193 0.07454148077129351 0.31407717402079105 1.4031733485314746 0.09302912390402891 -0.06866641956815135 0.11147854586751765 0.007636919988935708 -0.1335811759506138 -0.42132223521099793 -0.06341192453417324 0.001242498848844758 -0.000045428636262833374 -0.0005309048171286141 0.0005569633112339789 -0.1294415585812895 -0.6236243291184185 0.9711358423989142 1.691960588876866 0.7032789709407052 0.03127627502297376 0.027400358635073542 0.07025257472504323 -0.06157842387255965 0.13283233847116926 0.8391404780781663 -0.5554908322471694 -0.6450480156382631 0.07279133107567158 0.10903806784274338 -0.019509568758949682 0.1253253693450692 0.13766420778909158 0.00486661026069647 0.000020952203095999933 0.002481930833074662 -0.01838710252321514 -0.37922302818652587 -1.013553317890292 -0.011706294682574432 0.25233152284375526 -0.15881864021517217 0.002173817367478309 0.2708266906254962 0.27860675870752377 0.08545081702078072 0.38770571695817807 0.9526175679000118 -0.4581550618624468 -2.1657122972012735 -0.5911229545149547 0.1196716939306128 -0.03162172219003049 0.075875779542359 0.0688373370457337 0.0021819916360168025 0.000038810959053375015 0.0002494025419559503 -0.28437588877559905 -0.8775166567251313 -0.6399306129348696 -0.38905416417339134 -0.17676832895486183 -0.2722062354983849 0.14922310611725328 0.459712551662515 0.0899324658250495 0.20036692316489058 0.25780693633513097 0.19703551987483034 -0.7431749925076295 -1.733628638498768 -1.2494569854480446 -0.14010344898318636 -0.05931804342270369 -0.030247375261800213 0.00131090930430166 0.000052881363399181654 0.00001259428068580968 -0.01218702355524886 -0.5517636451001895 -1.0464597446245203 -0.09718375303855123 -0.050997992281298574 -0.00024815749564233505 -0.09765082527007127 -0.009752813373158595 0.12223546613016226 -0.03233361260816235 0.1394441299417615 0.053996661056629876 -0.05019181499524979 -0.06868570372892385 0.017813671060683333 -0.17481076166905934 0.2635744088769641 0.017514389698871684 -0.02325836476164123 -0.0004277467641564517 6.490661656290412e-7 -0.000018950525720423195 -0.029651762522913894 -0.4799539582990877 -0.5638814824096554 0.04119243194365182 0.029196674270864507 0.022941449986613467 -0.09044361490298276 -0.08983440617111206 -0.23731382435481052 -0.2568909854249147 -0.09406657161544474 -0.0017665903256024811 -0.004156825598341709 0.08236921030104927 0.6691763859563458 1.452572125902057 0.8238276680044844 0.029853711108117152 -0.008519085496347242 -0.0014161538802304548 0.000012679972434626606 0.00007777243851347499 -0.03540676997814471 -1.2666583254594554 -1.6153796504740021 -0.11931315305535015 -0.178541473410749 0.008785514849487995 0.02882769344688147 -0.10720234805848315 -0.355902717577866 -0.4427320012758783 -0.3470399898516086 -0.09380383935622211 0.057716289524765825 0.03709287929852715 0.028510512153556062 0.1290189881130459 -0.2124489786918741 0.09388022867513338 -0.028831362749017958 -0.017825081538142783 -0.000014848446282478153 0.00011286667434083106 -0.017116004448361224 -0.8080453514921973 -0.8801039023463455 0.07862012940129165 -0.03898742130154886 0.0896228552660622 0.12418646070281886 -0.008020830616621698 -0.1337408942708899 -0.16127750515427852 -0.19492896025763076 -0.015582492714845703 0.11247675894788674 -0.3514454176895933 -0.6413326718251912 -0.710816833250456 -0.129621528253566 0.14078818614483346 -0.16751966412272862 -0.04626352978114664 -0.00030386087076909077 0.0017976751402395059 0.0073213815746076966 -0.2563082801311801 -0.11570553755811461 0.22411076525747248 0.05650532545540971 0.02725960308620652 0.0818907369212723 -0.05851765879020949 -0.07353917578989964 0.017567430539533472 0.0474659366302036 0.009874374019342007 0.12116964672701137 -0.8399519780120587 -1.2656444006909928 -0.9283817973470964 0.10228331489113673 0.4827385759362414 -0.028869936905648243 -0.04841010720850515 -0.00040889914922297236 -0.00013066817053100015 -0.01947868139486498 -0.004996480931927101 0.050898242761027584 0.15056232882484405 0.009261451301599367 -0.008279320363423338 0.04218826131292942 0.0032729537910938565 0.028800941126843626 0.11111412954832367 0.0996175313248789 -0.025021752797264665 0.02360892392389412 -0.42899044148669563 -0.3528318321659454 -0.7481640464506476 -0.4983590536493347 1.39663055673766 0.5789364057910459 0.0021193890168384813 -0.0001952403987877512 -0.0033053562655202783 -0.1382519614401283 -0.24654656520889368 0.016819013739532436 0.20270570884017539 0.16311716276220337 0.39069796628706693 0.9829247141602796 0.6282676657665266 0.41442243498416464 -0.3320099817852172 -0.2491286320634427 -0.37595045438788793 -0.2241225785996128 -0.15316787660133094 -0.13898669199417843 -0.5408316067222599 -1.2609445590143653 -0.20850118411541815 0.1661389278921654 -0.000716422581565359 -0.00010635953459180086 -0.0020464419248501296 -0.11426111089880958 -0.3969837973106462 -0.03171957514337548 0.11201419864819795 0.06670066525354576 0.8640927385289512 2.010213732940591 0.7091492627522952 0.07664064585655037 -1.0949751376140575 -0.5184068117561658 -0.4356332830868847 -0.2454696385513989 -0.11541736650674053 -0.09203636554974771 0.19051299838913957 0.5369512085034686 -0.12867050270478564 -0.037943469445580746 -0.0025609154164749357 -0.000021650764941736985 -0.00019498962389596263 0.03527515767694551 0.08841491934289161 -0.11614549853853452 0.04947661307600692 -0.030375371383743303 0.5308813302527422 0.5215138672357991 0.0702798497491147 0.18017059090713064 -0.5541295854617285 0.01952158236873037 0.14527293105933298 0.07429815584286009 0.05220306916448771 0.13492195426069523 0.5343581136071803 0.40793717837383847 0.06076962733520026 0.018932760452529764 0.0015318774142139245 -0.000002242501612500459 0.0005479951643726387 0.02721644977617383 -0.49159380855424967 -0.7390870937347906 -0.25254302339756207 -0.06956381168713466 0.41513401156821683 0.2817708316924422 -0.07187216540269835 -0.08914789190183282 -0.1798844136219591 0.12986641477816258 0.2117690248912717 0.17036016380233335 0.015513499028624004 0.4692801712971035 0.9725697963032812 -0.13410304303921006 -0.0576502906322841 0.017042604566279866 0.005521348951231916 0.000029740661888763985 0.0007797774881707525 -0.01722552303861854 -0.4418779467020465 -0.3443413527418404 -0.14266024253782833 -0.05024029234037246 0.16601118279676438 0.11463090388124333 -0.054726028767075635 -0.19186050020376644 -0.5105409656918561 -0.26694290117142183 0.34520015492299483 0.2951668586969394 -0.16116107482317557 0.07234679966528795 -0.3757298521523536 -0.19740063868139637 -0.0363546046545909 0.005829980611412675 0.0036167029470137624 0.00002622594058544771 0.000039327767703923874 -0.003979774425817224 -0.10790900057184753 -0.6689044534839607 -0.6801838409931678 -0.1993836100831939 0.10982826462101748 0.11079625705311864 -0.047712109210557574 -0.12161220064704173 -0.32855097757273827 -0.1298373544892857 0.31336559160172944 0.2866675285841095 0.015029181579693823 -0.20964218767766823 -0.2347157233311723 -0.012301376798315746 0.010414382663534423 0.0005771755844071809 0.0009135452367720756 0.000015309742936769503 -0.00001529322904208186 -0.0003212722441923614 -0.010797416978456499 -0.28615538121552125 -0.9450638368639549 -0.9220675091046553 -0.2305977616246377 0.0677891466870449 -0.07892872550471405 -0.2742950861042137 -0.39635975180064775 -0.09312386505292032 0.39360965792686914 0.4219498530803637 0.008453638637706998 -0.552932043825478 -0.16577155823579162 -0.0035128494326439647 -0.009689626424587407 -0.001196977480578388 0.0007486843974394449 0.000006240816361622195 -0.000018559823055994052 -0.0005959226282652595 0.0008092871962878499 -0.021657706761951844 -0.29088889632020126 -0.9068381095381723 -0.6319183906181675 -0.067613645614871 -0.10589833076022244 -0.1857717208504486 -0.23259049094621542 0.13702649488981228 0.8479496650315568 1.014031017898415 -0.06211940144470339 -0.07078515398735387 -0.05780153682517471 0.0006682789157674156 -0.002285577293683135 -0.005319375070757713 -0.00028027118923146303 6.418143348342696e-7 0.0003123207504610404 0.01384161020302502 0.010473686644698285 -0.001598764899113926 -0.013514407554322027 -0.18931179663484515 -0.22821109203149192 -0.11608289342211599 -0.02957259158559057 0.0074682304183378186 -0.12560866826718672 0.05918296869384426 0.3163953683671861 0.21484008562512888 0.005658957392788415 0.006457165090812488 0.020798708064772634 0.018231538755417727 0.00623917235950892 -0.0006222604916841388 -0.00008994062424256695 -8.64174015619742e-8 0.0003811967956958342 0.013109097097158191 -0.005790161597039123 -0.00847957408706549 0.003538303033986051 -0.0003493749206886921 -0.008349442895218943 -0.02668952716171573 0.007193983500589518 0.028155873902826235 -0.015236550690297394 -0.039358407424577795 0.004060060621949046 0.0012797243187111671 0.001965476142581107 0.003087748341569466 0.011659676556911457 0.0059820407863146055 0.0011446643787406021 0.0005489437164244673 0.00000971128145924719 -7.297493911930191e-9 0.000022617562408837543 0.00015082935492448976 -0.003230328389525293 -0.0014142483989876716 0.00013867125732188284 -0.00003759978189601599 -0.00020729052420147384 0.00017982091952668155 0.0014733156587708699 0.0026317115679655506 0.0025644179776597585 -0.0001005187013499586 -0.0008498222259249623 -0.00036793517324851276 0.000033420266153985876 0.00014803366205593625 0.0006585405894398101 0.0003407020143634122 0.000035859272369500126 0.000020633163839701145 7.721588793531732e-7 0 -2.9584802588485192e-8 0.00012264208034019558 0.006602233065849774 0.012500494636147141 0.0017465115150554875 -0.00032645999972339193 -0.000508801432872957 0.001542573273724771 0.0005171241826154504 -0.0005868291566590346 -0.000425247417592663 -0.0008905513092144121 0.0007281322193700862 0.0019800193487632908 -0.008575548641789239 -0.004512194951642028 0.0026079047036719452 -0.0012607843897120589 -0.0015851984546320845 0.0006103598646290332 -0.0000010304165721521272 2.105565140808255e-16 -0.00001274662221324193 -0.01094115121761564 0.1185177775348113 0.2897325382084635 0.036311045550856305 0.0020846298581643696 0.010072944736870268 0.02490399327192721 0.011654796028065179 0.0013765352178755966 0.0031029415016298216 0.006430923147136048 0.010349310874684013 0.019619888748070084 -0.1169248364783147 -0.06723464709436994 0.03215945535539034 -0.03357988060860434 -0.07124319002991757 -0.019916280979187677 -0.00017820858444550356 9.94660798751972e-7 -0.0005867850021102091 -0.05826341591737486 0.4450208140823999 0.6236794029643172 0.0373291063979178 0.019196730150510984 0.05000485021496804 0.15769017448222597 0.1159481545392567 0.05000331379500362 0.057347817357010965 0.009141179072752819 -0.15505836658033106 -0.10515220967270004 -0.13345193337833056 -0.058448609358994943 0.021731257473852295 -0.08766210368343404 -0.566286293850197 -0.29086907276818325 -0.002121960962498808 0.00007524386442997641 -0.000985381327112565 -0.043072736699174254 0.21306848823741573 0.2249839203616695 -0.029731032087242665 -0.3597638736208043 -0.36790250717849843 0.662313018637972 0.5597757816238941 0.28208868372413665 0.034155038263820964 0.0152820210993014 0.1327271401056734 1.042005844733879 0.6687470765535406 -0.05948443899419927 -0.00860488436549088 -0.021354462668164167 -0.6135259126511058 -0.7129941907531342 -0.018647444726743873 0.001639089322719565 -0.00035188692480357447 -0.0016415000379887492 0.009727107207746822 -0.005388743700808667 -0.3561221837438521 -1.8715010498762983 -0.573141364649332 1.0581937928275738 0.45558282473710293 0.2514773812095032 0.13638707360430394 0.08779178423983192 0.5900140952914985 2.1585762139846496 0.6635799269807662 -1.3070325274396428 -0.08305654386918225 0.07187213986808963 -0.19948247903044045 -0.3998011426187106 0.03663483331258249 0.0028605703403356865 -0.00003644778205949753 -0.0007478407374140356 -0.009799364869083763 -0.6144100442153758 -2.2147842539557905 -0.7751092992857905 0.5495701101799917 0.6687394933498809 0.3674031220714908 0.35346302137835356 0.2081983817458385 -0.14362928197897099 0.15939977330044802 1.3748096350104149 -0.4357751878994956 -2.643104460118535 -0.39961427526272947 0.10071333032291174 0.0030233565796875944 0.12109693484152946 0.12778787712486112 0.00435087011058245 0.000022145717193879638 0.0007377442763750993 -0.15251714330203262 -2.103151319316752 -3.1319551492926214 -0.2593966196917781 0.028194733089340875 -0.2609534106941049 0.021553226151058622 0.322112337256513 0.40172207689178685 0.08559954753563406 0.061896497418639645 -0.03228088093979315 -1.1487446588568921 -4.121428897326167 -2.1544450587798463 0.08479444114317482 -0.0014772367305163152 0.06248794348923656 0.05570687283127047 0.0017661319229616854 0.0000741431850438407 -0.006065331207927883 -0.8108734542649959 -2.527137688895904 -0.8338707806154689 0.023219959240519387 -0.24635456266637742 -0.4181340952659442 -0.10028360335207677 0.25454797562705006 0.16539413785197515 0.09946104848765838 0.07832783142221321 -0.0983194063188729 -1.5409688918669473 -3.7915414827668363 -2.771154414193782 -0.20518123404124944 -0.03959763175448759 -0.05947728794394581 -0.0032395953951281906 -0.00003153619479372313 -0.000030183156454502273 0.011197383690563022 -0.9403261172795115 -1.640567457792256 0.01096911130896839 -0.06854158458318967 -0.04650837303271439 -0.2375319538771567 -0.177630290083606 -0.0036079239692330656 0.008026811449505653 0.013479611011716873 -0.14480444852826577 -0.07520245622660414 -0.22951996456827184 -1.2596526555125984 -1.4515725512747877 0.13327518138286126 0.05149961301939388 -0.01839482041592699 0.003213999761189937 0.000003173467610975408 -0.0005091560145561904 0.06551121524094618 0.1401902988236119 -0.21272559220405735 0.024728936350251057 -0.06972703578585145 0.04392541035753799 -0.11722977204479675 -0.07628560308312905 -0.13387482982560717 -0.17444762047177848 -0.20911283092125404 -0.22846901139351236 -0.002396574702879398 0.15936899888360073 0.42335927918384697 1.2332367345436108 1.935882597942234 0.2568006584747079 0.061834027144727986 0.017272717635554352 0.00006409607819681776 -0.0013208408092622696 -0.028959229895944426 -0.48610085465708475 -0.8514570121735907 -0.2507992364553088 -0.36070839081090894 0.17039623608797738 0.17795829451897466 0.13242587425845265 -0.008163461335738592 -0.24792568721318578 -0.22594220650192332 0.0519530072335663 0.19050979471244184 -0.1025829401817204 -1.8973496060200228 -1.7964765767132522 0.16411129349771372 -0.22325733177078746 -0.1490599321694726 -0.015892555325602815 -0.00033331887075542353 -0.00019232057383300873 0.012054408257186983 -0.18091725403623335 -0.43931778427177604 -0.3152201341966314 -0.18893899754077784 0.2291798521234516 0.20372206530391476 0.08602499681206359 0.14133471009171417 0.024433558789927236 -0.20198705490478658 -0.07389633443847078 0.3047517876879313 -0.6217503470725596 -3.151459624380231 -3.8782151469567276 -0.15865442191965987 -0.373279887916819 -0.34587155922117274 -0.04755350890483008 -0.0006142530081782135 0.005118917022479798 0.14120708562661272 0.13773362819085044 -0.009657026720801744 -0.011896600564729843 0.01765667184590356 -0.008556066312520186 0.10895133926596129 -0.13412782726280534 -0.11819872719465514 -0.035300591206655615 -0.1266655357231559 -0.1726221304053762 -0.18212043894322844 -1.0526912677433717 -1.5567979601120279 -1.5195543467222623 0.6918687203257813 0.16892121176537245 -0.21727906142037381 -0.019269821427179507 -0.00010948993189691738 0.00459244057645272 0.1520269795485093 0.19809915915889498 0.06180151606672338 0.06202548199164568 -0.0477410852230704 -0.10795133507819246 0.07303654392710031 -0.14575117494458042 -0.17152699881866898 0.12438105456885133 0.12952576837862076 -0.08565082634219932 -0.2698916513931755 -0.3352365247664811 -0.1259215944929236 -0.22079451729157926 -0.017887068960298805 0.45753538017593043 0.16986733657579575 -0.00499861399865875 -0.0000652006995947993 -0.0002022788086146678 -0.03883700098214491 -0.15121222067027523 0.09703838105203696 0.17948809866066862 0.1678093605157252 0.088056073772361 0.4561206524883813 0.13884539142749594 -0.7662248837494599 -1.8000009035616094 -0.5006296707955477 -0.331169811409688 -0.47482333469486293 -0.07366637942615861 -0.08189100107975278 -0.17974192216844112 -1.1595877038861184 -1.5782859441516568 -0.11409524479827794 -0.008158988592721676 -0.00007031724015243884 -0.0008657795797014606 -0.10173590847826122 -0.46174990187731707 0.055349560990127035 0.1192532597144363 0.05313276563454164 0.40333579779782774 0.51684877540632 -0.4083984940107929 -1.1504178323918937 -3.7287973212987717 -1.4071523476690306 -0.2093187618205272 -0.5457676293026761 -0.21605693647260682 -0.08330641927162252 0.35574024462022635 0.5111574003776964 -0.411988650376894 -0.04203199444690436 -0.0018786684483598677 0.00006070063842300098 -0.0007444381942561313 -0.062240086881060655 -0.3456383221010819 -0.10258907461340008 0.10549059884210502 -0.12579766789855057 0.14955712713906869 -0.31712584037538155 -1.1187040723077135 -0.8798282530839341 -2.3705905205806506 -0.5900507475629503 0.1621312715324756 -0.15654174574749874 -0.015458425708001327 0.09857477260051188 0.21858297570895552 -0.028196861031005604 -0.02377407536189888 0.04260280979518622 0.010574002001707355 0.0002845498309709499 -0.00014488796411672145 -0.06461303118954491 -0.8093288284654604 -0.8607482776232271 -0.23022551285081325 -0.03255500381684479 0.3063338201029585 0.3070279382027174 -1.2563651338406228 -2.164407087760343 -0.8193695365093602 0.11008038879917814 0.2464166944512615 0.15945137325602374 -0.11502786289194306 0.023544920604870238 -1.2076286452377678 -2.1809216402854266 -0.2085563942998198 0.028121891236767685 -0.00326255327710251 -0.00006238883148144813 0.0003175258338830472 -0.11391582445957557 -1.3851899931785965 -1.106915021347114 0.050434845340351225 0.16059841515241363 0.1690217733924692 0.09347896899172105 -0.5023855732541576 -1.2579490103980469 -1.4601471813368487 -0.8461535178099868 0.09240783392466476 0.36622896883739825 -0.15447861690262646 -0.19564675688823982 -1.8038317134586188 -1.186904460470247 -0.053682322080174656 0.012669416505826692 -0.0030716175351498077 -0.000007177330810107009 0.00002721550252446444 -0.027506890083063052 -0.5028356531174168 -0.9354414835741495 -0.5289540946078994 -0.11109062664907202 -0.2046502747130853 0.2218342311406724 0.06851226538211322 -0.2158393871456545 -1.150289159131774 -1.1514615403616701 0.24250809627310876 0.5836769380692485 -0.1403594361768974 -0.9684716048626676 -1.1437856092163154 -0.2163806167025679 -0.03320717650628969 0.00510294076733544 0.0030108397686342153 0.00003904207457257754 0.000016980975992502315 -0.00009693186503005171 -0.03057250649005505 -0.45213517625503546 -1.5693330234636123 -0.9565563684769139 -0.24891223829599407 0.17882171498373395 0.03432032150809463 -0.6256781175357843 -1.31420336311305 -0.7327693969800941 0.34959547759835713 0.36036502611717386 -0.6548096125322327 -1.2303501284025578 -0.6416711202230345 -0.016463965341786818 -0.011841866940791418 -0.008895553742906197 0.001985593830452332 0.000016944099341889176 0.000023110918886677022 0.0012574624897622436 0.010174018520311457 -0.04988929011600377 -0.49662438007278603 -0.9845109523382576 -0.7914935578173017 -0.5105871935177595 -0.771336839189266 -0.7732275588395514 -0.710638299840106 -0.3715591307590082 0.3219244462102925 0.492703249779903 -0.31726633831236123 -0.12496105914379713 -0.02973343488803402 0.06822290080700079 -0.008202819935612561 -0.016837955986799234 0.00012570600980667485 0.0000035932146258810178 0.0001737643022020969 0.011123166355344893 0.02659277009090973 0.02665077933864777 -0.005273307099009281 -0.22252179377539372 -0.5842339274489325 -0.5130385398868991 -0.09052987711463222 -0.04249039634325541 -0.02810690950295347 -0.19328389406434565 0.01880150507667514 0.1353464743899314 0.01893627036813486 0.08569552801734102 0.11723473864475306 0.06452230737512317 0.00012509190142762208 -0.0018658379812224479 0.00017087084187333452 -6.108986038087672e-7 0.00019472998016655525 0.011194973620662638 0.010435777493121008 -0.00143116333956871 0.006602267528370875 0.0011004797389894071 -0.0562398457255793 -0.09498490479472937 0.032405414292261736 0.03460990588181397 0.0695445729133976 -0.022389299068378027 -0.02617457579412426 -0.02073550035521907 0.00031254459985755045 0.023608650919468614 0.029587351659168835 0.007528459130205563 -0.0032336478097866883 0.001131744016769902 0.00009724550816489923 -3.05076016112921e-8 0.000012205759618210068 0.0005757235273188516 -0.00008266962391172128 -0.0009276964431486559 0.00010255379027640064 0.00034235232856857315 -0.000774350856997705 -0.0008160085276475429 0.002749757099788508 0.002033091224533415 0.0032817007264948498 -0.00005055959794210474 -0.0012332016059579294 -0.0013894567615847374 -0.0003282018917944139 0.0005176950856449684 0.0007619873165966854 0.000034624134370413355 -0.00014180913676133976 0.0000053757779520062095 6.376567116349042e-7 -4.8180201108980514e-14 -2.5863915396140706e-9 -0.00013850985515533973 -0.0014519046049012484 -0.0012818248149292202 0.000024908684393703015 -0.0005093765040323978 -0.0006216156434772201 0.000665302328644843 -0.0009357597480365992 -0.001907260564976095 -0.0008222288452427745 -0.0006566405379548392 -0.0003195453545718547 0.002600103754230015 -0.00033894844844991413 -0.001108395719403907 0.000375739278768734 -0.004520669556355921 -0.006288847000700535 -0.001041869280800291 5.415275902751121e-7 4.833118378945663e-12 -0.0000031856710925150058 -0.0059156398661892595 0.02215258351904218 0.04784357593660335 0.004210840849197999 -0.006539069621356368 -0.009708460142431053 -0.022704952017623355 -0.023135769331963384 -0.010482339131533708 -0.004246086183357673 0.0038517677243275505 0.0037303567070071943 0.02210726138523155 -0.01437300876944077 -0.012011199863807893 -0.000798665782643627 -0.07396841770954644 -0.15232890161194373 -0.04543971675558088 -0.0002695101459236988 0.0000013561498335450564 -0.0003887754204856843 0.01764786183436363 0.6800753974152294 0.5465795405259793 0.009844755362737283 -0.04181346333549203 -0.12732623025776113 -0.1632867431115931 -0.11453404570681495 -0.1353715789863126 -0.06325913564900348 0.033354139318604856 -0.15145914924520987 -0.572523186201255 -0.2889692944302901 0.04263210897201714 0.026765772596000742 -0.1474090022406154 -0.7841619193129614 -0.4577691088846479 -0.012459252460513928 0.00006789851674098533 -0.0009751895440536826 0.023111939414461304 0.4896836048330487 0.3042614777378602 -0.08120752645570373 -0.2776184897610087 -0.40277665927168027 0.16888708048215578 0.3415482260285705 -0.08352808433765728 -0.11813402127533311 0.19879327879367034 0.07893986889756839 -0.17799842977386202 -0.18167661461374357 -0.10845168520926812 0.012003919273787767 -0.02708567867527077 -0.7546427730293971 -0.8154580976940217 -0.017547282295751584 0.0005975478148741311 -0.0005925727865074293 -0.0064033069522540535 0.014883018001647444 -0.06362770176660239 -0.761857292333389 -1.567308465665067 0.2773565962900596 1.1068030712030024 0.6040528220215204 0.14859963767991607 0.024323083560953033 0.04662251446672327 0.4749098855601353 1.7781889263319215 0.5287172074795762 -2.6187391819232455 -0.9559861182935484 0.06343292311918855 -0.22318206091443304 -0.43077397599933726 -0.04748857918900375 -0.0014387089822370611 -0.00003352513976131292 -0.0021369426538753013 -0.03265526119651657 -0.873607741122949 -2.990717477693752 -0.8691672708767634 1.253230774082113 1.2060534488943668 0.4386464279574633 0.16530814414006254 0.020979616375900782 -0.12312274703762288 0.05095733704304026 0.745153389488234 -0.3886188251385415 -5.0618428715979675 -3.0604533158353893 -0.08339987284050143 0.0008308874758734488 -0.12221297830918763 -0.06595233283991438 -0.0010135106091641501 0.000008908692836369166 -0.004332667381445903 -0.3179489922040029 -2.7642846290545475 -3.258022676037138 0.2628646166173273 0.538528463642078 0.22840533386411485 0.14084748307672296 0.19372074674061665 0.01046342098358588 -0.035956749588948844 0.1190384676657206 -0.19845304356853083 -0.8015253228655439 -3.656045255955128 -4.6095176769972515 -0.7652780391118718 0.03654237406175897 -0.007755918406719433 -0.003495379288858725 0.00018582712463536893 0.00005020414173895652 -0.019237714128998502 -1.3205634165941493 -3.8825500908658777 -0.7747594827861414 0.6284472739566146 0.11348457970329363 0.12343886045099771 0.12554187890597057 0.3615910650877071 0.05729718079529213 0.09422762887583273 0.23275803974818754 0.19845926064288005 -0.33135586102244585 -2.2855928957438034 -2.4231668645453657 0.0772343420777476 0.23618214084442868 -0.006575046185938991 -0.012097718195558974 -0.00027862973738653 -0.00004074186153917905 0.08816379849093006 -0.6064904467834034 -1.9109694159364587 -0.5598104410135765 -0.29036732441812446 -0.14296126446865604 -0.06322004299105433 -0.04258982204842644 -0.13806928190294596 -0.1837051612105535 0.14879420131694973 -0.014496038401422572 -0.30288275197101455 -0.16537286356662045 -0.5446555729685303 -0.903200872380973 -0.2203387027700337 0.08036688752080993 -0.018298258332198798 0.001290215149180112 0.00012105601024461253 -0.0008258405823553728 0.33337949319298027 1.719516149697016 0.9614175489289949 -0.9604567712161817 -1.5733806292570958 -0.38622224791173976 -0.38559525534848943 0.24871535821196833 0.09739525533992201 -0.13773536402740805 -0.3580585211524686 -0.6965034045345722 -0.19815094395208815 -0.031564362246314745 0.13058074950468465 -0.14512759267407566 1.3996718539872923 0.1865319555070237 0.14916583726846677 0.05742311628604894 0.0008301740914919168 -0.002142595164507987 0.24336600044899123 1.3591469136777292 0.7638512039790819 0.3192845238297265 -0.9664060298888085 -0.048396398858981685 -0.16880150632850566 0.31112352618366484 0.45295051763114264 0.18791546797663297 -0.008369642970370544 -0.11366180906705237 0.3106066788041345 0.15371298197232286 -0.7967035077360742 -1.9011446971337853 0.19668607509290117 -0.5185342113383724 0.28067597397405963 0.0324748734736821 -0.0003424170206581765 -0.0007030781513764234 0.1225183043309516 0.6286572536481319 0.0059277070858207775 -1.2539210354915156 -0.6963206853000766 0.5227481326497234 -0.08277793453707727 -0.3246559377122772 -0.11682979458609867 0.25946735991081055 0.06570070008108234 0.06344070503524575 1.2400717163927126 0.718855865621333 -2.7727356610882623 -5.084074636822772 -1.4342146178226127 -0.9251858484719004 -0.09851830260665126 -0.042425286012774066 -0.001079495973440815 0.0015292665466161137 0.10158517975931239 0.2661085847428579 -0.06766458555396071 -0.545075884851894 0.3071060706898995 0.12263206905673409 -0.2693689143300954 -0.412157389367926 -0.3047884652079328 -0.11771006184147377 -0.3801304868635147 -0.41835559166021674 -0.16195503734937114 -0.0710185815811929 -1.6774939675540455 -3.1479994191688063 0.6346438457591543 0.10529838931120829 -0.1456438285748264 -0.0020362128540682574 -0.00012365634259687005 0.001255583873728406 0.04436608704882453 -0.03473650247780851 -0.006639552696196921 -0.13077550724826656 -0.0005103064105092901 0.06450924063121809 -0.025354716136700334 -0.09853411167347612 -0.09696668258295625 -0.1894342487880019 -0.3378658161583672 -0.47949035800601086 -0.4155912233269005 0.159025641384398 -0.16159992539306892 -0.6840745868911577 0.5443688308278645 0.044321877269238155 -0.0803228342389782 -0.009079777976760453 -0.00004283786485110261 0.000260861446691384 -0.034229131581033814 -0.17044012426552835 -0.04783582731368829 -0.01895333230758541 0.2530944263697832 0.21769872934884882 0.03593584343961243 0.10944971280089048 -0.9384720844553811 -2.1680330695899346 -1.0079274942710412 -0.5210153851980251 -0.4179198826211119 -0.14403444006295602 -0.338209276631648 -0.1596782872459749 -0.21499839468070675 -1.0476952503634487 -0.13796455057392165 -0.003980787547923048 -0.000015744267136128177 -0.0003669455365167516 -0.11803807043904806 -0.48901694241901306 -0.09575476616351203 -0.03868368731948992 0.20745220665174438 0.21755248782646872 -0.13836521172617658 -0.40533305023556115 -1.0575588701122325 -3.814765936432318 -1.7264811529058697 -0.027149052312386523 -0.2076087161391439 -0.2609325293243145 -0.10375890341771171 0.3957306973842826 2.4994262823980677 1.6719455973224338 0.03686618377403411 -0.0010790982473872963 0.00015874290309891964 -0.0014720067292229638 -0.13124805973065373 -0.7726315500773271 -0.1781968398790176 0.33752239249180116 0.12783933368248232 0.07072751117420824 -0.443976387128584 -1.5876973457362287 -1.2580865190897246 -3.296954590015399 -1.415924366907899 0.1068356877699163 -0.043592064295202834 -0.11793792731815382 0.05812859938274847 0.7195432939342203 1.8653165808127137 1.1298225171624874 0.055012366165844845 0.025063236863471356 0.0007525551091186522 -0.0005555574407093925 -0.11171216814805957 -0.8401063581193099 -0.8943443571045573 -0.04896121317276562 0.20740075885284737 0.5503439913864213 0.9048720428202176 -1.831691404483204 -4.882172519622616 -1.7319663081808787 -0.01779786353066599 -0.2772495204892579 -0.19200184055913563 -0.14895902189716215 0.32707514359118944 0.3858628434869404 -0.543177432958748 -0.08355615553548539 0.005359284817117529 0.004592340146182385 0.0002356715440693103 -0.00008788800076362771 -0.1234645650382078 -1.3894575791868515 -1.5785793168202156 -0.11977512501234704 0.28307667554320326 0.5676424244204085 1.1784988647847032 -0.5656402243528917 -3.117020640180315 -1.3357958176229605 0.689762208824098 0.3729047345726246 0.20817993808636254 0.1984831040166822 0.5317814180035382 -0.9558894217153416 -1.0589274247029177 -0.03732050102879007 -0.01519791831721478 -0.009439839929672395 -0.00003637598213172867 0.000008237477884324041 -0.0361469161733875 -0.8022132976776093 -1.2938017305860197 -0.3239647224453682 0.1149922255980781 0.1985969078583509 0.7046385677730836 0.9031315397383812 0.09217013566722393 -1.2922545946074102 -0.8769204765275935 1.0030725705029928 0.9965452134709483 0.37830622223509425 -0.4003726180783976 -1.6207724499066842 -0.5303668112050713 -0.06583490729183133 0.011886908307162977 0.00315450952300512 0.000029660370646127777 0.000027829054005138304 -0.0005089956700720449 -0.061179205734707906 -0.5748704854592512 -2.1923720052162183 -1.0541092042031732 -0.31877115516011534 -0.41243056425448926 0.3091341426755297 0.25324185857889575 -0.7098859305417201 -1.1785962923109619 0.5449080079829478 0.7031324573315983 -0.06166091915413595 -1.5128563331402498 -1.4123473513499718 -0.032094992583321796 0.018624747705600908 0.0013067875584615422 0.003930646856411415 0.000012888009269687718 0.0000585039003697934 0.002009710637833365 0.0067563758880976495 -0.07752054583356038 -0.8073183750311846 -1.0818851930853448 -1.1140170888138807 -1.1176125649490811 -0.5060717806912305 0.10488091498850916 0.10604201086901571 -0.5197473170262155 -0.09520535119954893 -0.330219984491119 -0.36879351614229566 -0.5554850010055694 -0.2639326274003494 0.08185411853468495 0.036097738426062675 -0.0033392161198807246 0.0010008665028836258 9.910075779821497e-8 0.0001656491562703306 -0.0012517369620492422 -0.020383982941895328 0.00466496722975349 -0.01982983030112882 -0.2394765752736497 -0.8555608439848327 -0.7081975437049579 0.0882153203612633 0.14227723433258874 0.12008640470180912 0.0271970388582924 -0.041714586862509506 -0.1975423020752491 -0.19485530432628084 -0.044584680710917306 0.03164917109584526 0.02490347294986645 0.0017922116457813244 -0.0010597957314603924 -0.0006504319803972695 -9.822387012849234e-7 0.00015658043367848228 -0.008943400410254435 -0.05763053200250453 -0.02174382769805458 0.0023097559022613456 0.0015130670927540487 -0.07814267799354992 -0.11305879069778108 0.08366245635730513 0.012838218502230632 0.027261101766265495 0.03865149528492591 -0.0034301567310193247 0.0020234665463087333 0.0055001850549102225 0.015223244985033926 0.01673360321329042 0.0068754694210323925 0.0016591684858735074 0.0032748952495928207 0.00008175994926316078 1.2060782932504056e-7 0.000009921999255975618 -0.0012958213706334328 -0.006572200770580691 -0.0025936893684950714 -0.00002034591005087267 0.0007368274630912748 -0.0010647252124048074 -0.0001867136525426324 0.00625956998191891 -0.00041010003924558047 -0.0010689116824510365 -0.0008155571743068638 -0.0017541372035735467 -0.0001695711113710854 0.0009243954898654185 0.0009969955231905524 0.000520827464841383 0.00013273467617769656 0.00007041053648107495 0.00007573677117593384 0.000003244511465031565 -2.2644657145146516e-12 -2.507681068619435e-8 -0.0002787789419562076 -0.004272422309841444 -0.005065880711024113 -0.0008496065188717957 -0.00026845290918239476 0.0027423966057628555 -0.0016353709800281957 -0.006405941533152329 -0.0027726332589286438 -0.001194469485754201 -0.0024933914684665335 -0.005822839555265646 0.0017491599410254252 0.007077717953939759 0.0009453652122005082 -0.0019500170907075043 -0.00666878469034378 -0.005553574896550361 -0.000447412187590641 -1.3101236576842285e-7 1.731268437241688e-11 -0.00001776756585961214 -0.029251653449891474 -0.1596235187273652 -0.09790238605882 -0.010818134738472384 -0.0030084996641084783 -0.001534562138389323 -0.15557574251098924 -0.1555605374780704 -0.0035459520281097005 -0.015134719732533369 -0.04847206242053423 -0.044085261963002796 0.10411554550518805 0.08631892096714093 -0.01812562075018842 -0.033287830864991944 -0.09495238895568649 -0.13113374125222835 -0.027304956711154862 0.0003186833763388964 -0.000003481260195810234 -0.00023904136722891918 -0.1789765324249082 -0.49540699951685396 -0.06490907932067053 -0.0005258061492927372 -0.09463620946021824 -0.861641996906404 -1.479592657883629 -0.5848099005419433 0.0965293640256339 0.042806390671230134 -0.06006590685734443 0.18989860322837113 0.030327222758857207 -0.22945858503459193 -0.028687334220945805 0.0072963982746671405 -0.13801346421779184 -0.40989699794635753 -0.05075253362492145 0.01955806084554201 -0.00007636371431344012 0.00029673909379460237 0.04756067839938131 0.17719240512291665 0.06941331273797612 -0.18744684085037727 -1.2913088912612123 -2.0457997530964516 -2.0211724761193146 -0.5264232257779766 0.05167465834810507 -0.006311311557682137 0.07895012622646723 0.28447972821892786 -0.49991630818578003 -1.51015235395179 -0.4648744572198969 -0.19364378366244545 -0.03506195391187241 -0.3313434534927998 -0.20848406459482968 0.015452486685742867 -0.00017630567547703246 0.0002636024679964738 0.05625318277875265 0.13634619921386693 -0.13263502025821466 -0.7688859479707583 -1.1804296819309028 1.3407613408893648 1.075593580853313 0.2142351463087468 0.12241684235423894 -0.25358078885358604 -0.259064701001081 0.14755266499953357 0.748152942196417 1.3583585603660207 0.07183740033595672 -1.8856714719216636 -0.2322995332337362 -0.1831260141527106 -0.42466526091427304 -0.13421751701353904 -0.0031145372899129306 0.000021993410117169254 0.0014271706487606066 -0.04992267871978655 -1.081076134638838 -3.060609849087327 0.19309765202889498 2.02574281613501 0.8300889357531847 0.05563906636890589 -0.010649493257267533 -0.10385540468525803 -0.23496784892871866 0.020443396932559053 0.4677202590271093 1.4842310694759104 -0.4348503267175727 -3.5366230994520853 -0.6024624424573535 0.030513064951893695 -0.2621789729255524 -0.16160226513776624 -0.002152550261459985 0.00003058947823089798 -0.004001884618920329 -0.679565864209922 -2.3422862329140686 -1.3446504925897398 0.5555111349918088 0.6155917562572996 0.2912761712645915 0.09980767615682816 0.05246268729736854 0.028480066677328192 0.03840453307838004 0.18424601612205074 0.25267025481827743 0.36356214953419097 0.30890482063624397 -3.62331368458859 -2.638179765792051 0.10372879630470852 0.02122397167432097 0.0022152144276580145 0.0007821220887253345 0.000019616049024324297 -0.05163916366796105 -2.1595905816551357 -4.360364510664237 0.27496283056075044 0.5669144399533309 0.180456546017796 0.2787930676307514 0.15950420788618055 0.21307696478551713 0.032897922703874656 0.0817612029521767 0.1864127120933834 0.30898243601115716 0.2940778157924987 0.04132274568005018 -1.2166116280363195 -1.1857908208657477 0.13575365939826994 0.009527001432888349 -0.01170308828278201 -0.00016384532429111753 0.00012843418298819878 -0.10540459043685466 -1.3933138120202762 -1.7287922938404328 -0.5619941889116391 -0.5485479690551416 0.004254813590350293 0.11709114641646236 0.02335845860441672 -0.07854103011970257 -0.13368438065509222 0.12796225535645483 0.10529650555619832 -0.023929687900895315 0.053220343682611596 -0.004961861163006247 0.46809453722138245 0.8975315819170924 0.5274153285712722 0.11472722983976895 0.02867632442824293 0.0002794045277885931 0.000255197549000987 0.12563912650227585 0.5826691813877294 1.473344474936331 -1.4314723985481697 -2.074338531731811 -0.3576584692656283 -0.1876256330066591 0.13125855136405956 0.11584502290823633 0.0028450415684448307 0.12966926799227663 -0.047702520785718745 0.04552552267056057 -0.03681165698399488 -0.34104172197229154 0.48194929172961515 2.790668041591891 1.4469676067659856 0.37212337164976284 0.060908934077807494 0.0005653947991137576 0.004728592024689309 0.4952427111189679 1.3224039016028013 0.19997115887069336 0.2820751285688659 -1.0963836676598895 -0.333493875400286 -0.1438891725227117 0.09883473976696859 0.20197234660810695 0.07253557374151756 0.04973269624369148 0.036521294012819554 0.34216653056302354 0.8375382347418766 -0.15695742658493506 -0.9734012281442993 1.7744087909889534 0.4375562760429431 0.28679578259895977 0.033882545755877354 -0.00013269550094744236 0.007071698163579746 0.5159699085427586 1.4977610128618253 0.4236716107803564 -0.5769257385542367 -0.7328357872182061 0.7051509724953153 0.010118179975553674 -0.3012881115643732 -0.13294577622439627 0.0009448634337818887 0.040463565759465255 0.4114966078524726 1.7174817260937822 3.0606044502280776 -1.6289334868459777 -1.117098395836174 -0.8044120293683926 -1.05316022473927 0.3903976684860806 -0.003652933008174555 -0.00039503832279503653 -0.0037131014583138017 -0.03733754822636431 0.6112262004932577 0.5955713191991321 -0.38178117397720857 0.1908531247829027 0.8177532027578073 0.1261998798388423 -0.27221366056987006 0.04466069747444373 0.2634756668505793 0.1769910764701555 0.2494187951013368 0.6444182833512387 2.1467131969528594 -2.9373367090430005 -2.5271324392500807 -0.5379740566054045 -1.8572509570960092 -0.279703125495922 -0.008409497722879971 -0.0003470176305276505 -0.004383081108468116 -0.2811011821184887 -0.5649568096406743 0.05694388754810166 0.02802907072776211 0.08332705740001811 0.12892753124902362 0.009947526958953576 0.12755718478487144 0.15642920794952972 0.05582959803219832 -0.4538389557548241 -1.118019439915753 -0.6614907142886923 0.2694315666591806 -1.1860501774347283 -1.0977343801126611 0.3223824947247211 -1.010284040252133 -0.25071519139737325 -0.0009146471232316712 -0.00008166512832368322 -0.0008896398706382584 -0.10398288899029046 -0.34176010053685896 -0.08467700612154766 0.023264458960786515 0.211630875358554 0.4946056607377291 0.39553006108774397 0.4867949205072872 -1.1866807045092276 -1.843814398178544 -0.9361771954379952 -0.8572088447803257 -0.30588739399673737 -0.3008334504127715 -0.9352090735973545 -0.6441338374634809 1.5348669111048183 0.9054263370458984 -0.0020466216266661202 0.011438695852428198 0.00019329221603713566 -0.0008661453178530694 -0.06277363748332146 -0.4607561428536615 -0.27889300596533545 0.09088019957569655 0.3016868662632442 0.45538385589321634 0.2845932151193112 -0.2543544997825582 -0.8615498094596766 -2.628563904289068 -1.3561704224309798 -0.21706084245055368 -0.08545218336171995 -0.14603056259340064 -0.09652307699011255 0.28208642782843907 1.6049535532174233 1.0363310468345657 0.03319442392462195 0.00797978910433276 0.00023868229364405185 -0.0010955932429675326 -0.011393365709157416 -0.46213549691362993 -0.564279794617184 0.11915824061797957 0.49243403156270193 0.28308323165099736 -1.0393829137892427 -1.677770306523593 0.6244831087494044 -1.75369173780903 -1.3420342120076953 -0.08985296433983518 -0.21186417926982717 -0.12596685893555923 -0.0015701625881564302 0.9607469028791028 2.39000934152595 0.7447543943787404 0.0023585653132615833 0.0023302690852100285 0.00021529371643003978 -0.000854004626880165 0.04771688359531243 -0.13609715503623487 -0.9874435744772421 -0.33976390140771423 -0.014721999448027406 -0.9656037301306519 -2.120080463294016 -1.530706253643298 -0.6917154507133043 -0.710784551720485 0.49911422911252656 0.03885481947620152 -0.9849913599482413 -0.2986129752191635 0.4640111284111932 1.4602446196773837 0.8906114133400963 0.007880871288358524 -0.04586783313798147 -0.003446465146415119 0.000049673279570153984 -0.00012241667864313705 -0.0759069377176206 -1.2093425931902129 -1.475498929675572 -0.3286738654666324 -0.1797646293653029 -0.5999030685722987 -0.221529334774378 0.8679661625402124 0.40291257933871294 -0.37666829119749246 0.948859912203689 2.6107720246946524 0.20782537657547986 -0.023747265136457894 0.9189559118739739 0.16990813709112806 -1.109757126188321 -0.1609608591536142 -0.0278383770142156 -0.0033343253788809726 -0.00001234805238815627 -0.000015914337237660327 -0.04647187086337152 -0.9549672009282578 -1.6177621300614449 -0.6569868717117007 -0.034150398279965306 0.40000181187391676 1.145041608250705 2.1753013432064336 2.6374337673898656 -0.6953466026048453 -0.8760337179665086 2.966520917868201 0.9738507664772252 -0.09467851722713322 -1.0892072692053856 -2.881569229830759 -1.016999152162115 0.01201880562247769 0.02751124329049675 0.004732490418110734 0.000025898634989207034 -0.000007343504264459599 -0.004275039013349183 -0.1293165455224233 -1.2587132228596847 -2.737640521048237 -1.0499455681549488 -0.10727396201545679 -0.1851632646758694 0.9012421312752824 1.2036119932058744 -0.05645037633189842 -0.8546149730269623 0.49842174313977505 0.2593591258031919 -0.519245588910905 -3.0049222433408294 -2.832954977659969 -0.2591257041828972 -0.006092204489300595 0.013755390268902106 0.004954017776881395 0.000018326112170589796 0.00033802801206169955 0.008822488261887647 -0.0012676799133894895 -0.16018378492835392 -0.9414612279265284 -0.6421904561149362 -0.13867971433179999 -0.3971954661180634 0.06487975490742874 0.16859253814179165 0.1490640200098174 -0.3827366503660155 -0.6046928236654243 -1.0582223704551859 -1.747901737238016 -1.7845686953065425 -0.5868381653535105 0.00014136037974048048 0.013547177093861839 0.006444781894892261 0.0004186327867210125 -2.696356039530887e-7 0.0002495169316151861 0.0015211715926002674 -0.01067323467164961 0.002296191548884531 -0.027706594436764695 -0.08200439901636361 -0.14893944652001948 0.17773332977636114 0.4029558575794261 0.07448996760133185 -0.012180477099253954 0.14388419169183275 0.018421393181686466 -0.6575900177694474 -0.7365433497925952 -0.26685733225492275 -0.05569171742780501 -0.00016773243176751353 -0.008572187389472357 0.0010190400426232245 -0.0011109243651698894 -4.5831248130065475e-7 0.000021062433888977647 -0.009550676574180829 -0.03122381128631918 -0.004694651208405641 -0.010079716529509213 -0.015376791636530777 0.002643218485805902 0.15013315881217532 0.25781538138789767 0.01761871972339166 0.0006030284670933417 0.04920748211339255 0.011223655748516428 -0.04678784449722194 -0.029778243300200638 0.004724309371735551 -0.0035335539260841035 0.0027264109048447363 0.0009069888755848649 0.0025133310909129644 -0.00030789795158009864 3.2392591725133074e-7 0.0000010918439072731865 -0.0009773459561456214 -0.0031927654568047366 -0.0007463635222466122 -0.0008081851966549438 -0.0005790738089988871 -0.00009826777843687308 0.005279381900705863 0.008588283327765303 0.0004473220205282386 -0.0006771547116850669 -0.0003872771837146098 -0.0019572859989050455 -0.00002590371597589424 0.0013209623343703911 0.0010732516467274876 0.00004757539164548078 -0.00010061349437873906 0.00011273822493701903 0.00009636313693891696 0.000002643028269023122 1.1639440433000265e-11 -1.6542381558959833e-7 -0.0001079281223194559 0.00008688213294179798 0.0013828758898252116 -0.00036720522570398833 0.00039426779340345444 0.0020553248142742525 -0.00519477639873099 -0.012185970575659665 -0.0044028683838958065 0.0010170766443005136 -0.0002954046192618323 0.005976768864456292 0.003999044159097689 0.004606765424042063 0.0018297564426458578 0.0007806689327699151 -0.001780278307549557 -0.00483998306075658 -0.0004531464192294102 -0.000002646040536068866 3.581118304383357e-12 -0.00003444757865979627 -0.03025033595853025 -0.04714132463609891 0.10419097359493715 0.005522553497161908 0.0011239798994810877 -0.05699828411648928 -0.24800361951356042 -0.18196209581800588 0.009444212582983665 0.03363120521223701 -0.03052880975758967 0.16546569850323656 0.29158690006510163 0.18315570493633956 0.016121636719020213 -0.008951803848621489 -0.04226697312527758 -0.09660141516919186 -0.015300663431075182 0.0006764843784102179 -0.000002576865191590152 -0.0004184733094353833 -0.21176533973280748 -0.5359292361516138 0.11505083951776883 0.009366708195080299 -0.31928849294788464 -1.4567522800707282 -1.606001444578445 -0.4169294161195974 0.31753790314319835 0.08069650826667213 -0.06949562023175611 0.38856269935481996 0.9287566029629112 1.3550026930419359 0.4727434248981879 -0.021225730055037025 -0.06656422777050615 -0.08315397473529094 0.2640010249151222 0.05017574829011382 -0.0000648364315229427 0.0010436184466615084 0.060958337220784906 0.13807052405185014 0.04154295274563838 -0.48397927766431004 -3.441647645975552 -4.1824301912674375 -2.075396813094042 -0.5187894724369062 0.24872682754251527 -0.016431336060523508 0.01859055069083479 0.18622297924798936 0.05153431150098314 0.9891770334746821 -0.5109103215585747 -1.255377374760803 -0.17478174920635717 -0.17067343153052444 0.21526218787497914 0.14115185395087945 0.0016344284807051905 0.0008837160402091907 0.08621865210982686 0.17894188715586934 -0.2937461047117614 -1.8391546042586615 -4.030947368044572 -1.543489781401196 -0.3319470850082259 0.034377066417221235 0.21016145039382791 -0.14993743980644028 -0.16892592367224443 0.045646718900104535 0.06539326837198611 0.818366429400861 -1.230182043610755 -5.220770370712242 -1.268513059151355 -0.18511524868984844 -0.004319177387647543 0.10534784164510215 0.0020441294815591324 -0.00016823106079309663 -0.005428393630136253 -0.11855924787502019 -1.6995716084587802 -3.445629025757225 -1.1014867588941 0.2952975279179924 -0.12653561103051872 0.02104679973857481 -0.030984185717772224 -0.1020943468548511 -0.16457648298258146 -0.013293296238945124 -0.0033738320167224656 0.6222571287497581 1.3198320747955374 -2.180248500744843 -1.7178521839124687 -0.22109737446437683 -0.39637425047998454 -0.24788677743620358 -0.003187475446272917 -0.000019663513585781157 -0.0146124530720675 -0.9111831452308136 -2.602489842613003 -1.4098724942832068 -0.36400794882558374 -0.21265491516005877 -0.1285102360869906 -0.03764890908524349 -0.13676126862252475 -0.00979057206892788 -0.05911771471667224 -0.019586142857648647 -0.04308908720900879 0.20274362873429955 1.3175906067784218 0.2834338494519474 -3.3925712473556544 -0.6247424621598112 -0.038734994575624085 -0.04017382637241102 -0.00008094765752838876 -0.00004011532653817766 -0.1407999464691673 -2.786046617953954 -4.178870148607738 -0.5669757621675382 -0.3362537107308415 -0.23116621038289362 -0.24355125128196978 -0.1803774549450399 -0.05276151633640756 -0.03716656683258231 -0.14698603280746597 -0.010230923523993638 0.04690396886433686 0.20217385913301644 0.43688280635864046 0.48384682502515136 -1.3097263003281858 -0.2074613707643556 -0.05684094579037555 -0.0353473619134337 -0.00014825063890302616 0.00008621402836854945 -0.41191189810714246 -2.6924372748911365 -2.638535036328901 -1.4331249817467495 -0.597481236631301 -0.24787423476521955 -0.2538815996606502 -0.15862078387055908 -0.020815747926471714 0.025462938942304666 0.06278427813808125 -0.026320688212538603 0.12355411137081627 -0.02871131603313026 -0.0347882758275465 1.2386939274029316 2.2653523553014674 0.9833301901780781 0.156811989854084 -0.001388210985126773 -0.00006290014669889663 0.0008171461066646436 -0.35009389813550734 -0.9359429752729276 -0.08592438188927289 -0.8658564935137252 -0.43758271870295573 -0.2599586730398805 -0.12680190186885223 -0.0767770510277894 0.026079359958124056 -0.14942739379222406 0.01925821388971619 0.1717737528301003 0.2573080038776333 0.1635253255440509 0.07552618567603174 0.6590858809588434 1.5520805190008915 1.616547101498643 0.6976099885013581 0.04448519119163298 -0.00018232698625815844 0.010864608127036098 0.30114410509816153 0.45794161721415155 -0.20693123534803176 -2.245343213658173 -1.9165746490662163 -0.5904546551339839 -0.06822602122285086 -0.03884122767884518 -0.19970339985682076 -0.3363927754415497 -0.2886953717979074 0.006574877821702294 0.35883277456192325 0.9398277798638978 1.1820160320201278 0.455303525033696 2.3769113663828545 2.002147939528374 0.26941814009261356 -0.023265274191566643 -0.0005496758092737944 0.014855866138311136 0.7070153485077404 1.7387446972869192 0.07433219334822427 -1.440699056851589 -0.8944811009258437 -0.590481661381503 -0.4026958531835225 -0.2348878519954088 -0.38425913566277115 -0.3061084383197976 -0.05818270765693701 0.5532902840306099 1.3311933179931912 1.0678125434149774 -0.06997559415596755 3.6953438769096048 1.6761631396281436 -0.2870335958276792 0.47042530153817985 0.0512967799134097 -0.0004200733614458755 0.000790123302741863 0.2138928181770313 1.2408044287607087 0.5671417722200671 -0.4845153543398751 1.2997397032068931 2.0675126076289327 0.248919051461309 -0.19754127015501774 0.18435342576911992 -0.018153576296982814 0.05977050520540818 0.9099281075292878 0.9934349406496183 -0.16522482083934184 -5.148397176765238 -0.30241017309809987 -0.3663261257199219 -2.2703306602644004 -0.47672079857184374 0.01211007536342463 -0.0005662418801869185 -0.0018470310157835197 -0.16523403281580246 -0.2107568136673575 0.40719822740963474 0.24184468230617334 0.6584504375630145 1.08839232398614 0.03225379585869227 -0.15334239005554015 -0.4667815291091175 -0.44901740741931023 -0.30702258448236003 -0.6296097837574569 -0.2660042153783217 0.18056665797250573 -3.841474467973605 -3.3429194900533035 -1.0574459847864146 -2.4936864325847625 -0.5908259151335981 -0.011150449265795484 -0.00029080586353094493 -0.00013294515484532158 -0.06693852972171055 -0.35096550253679537 0.004997529246562677 0.11063374018947739 0.0636005913818887 -0.003933815567487809 0.0012538620610699602 0.033870424275952236 -0.3592432186925469 -1.206195328768045 -0.6785950216758188 -0.3400412775363165 0.03830233488560158 -0.04735567346157841 -2.699632258609033 -2.465587614362744 -0.8464126046322228 -1.8042446308817752 -0.28868982969201074 -0.009567046297221337 0.00004429948811916416 0.0006422760862827005 0.05029111428279469 -0.5689234660460929 -0.5761064091626144 0.02224535619833152 0.08538699375204206 0.17276026709188042 -0.33175315404408867 -1.5586683086361799 0.4297414705636723 -0.357238182634046 -0.9151159074671343 -0.25622513179438505 -0.04373929353685396 0.17516649973790888 0.06201646485425255 0.26335812485188587 -1.5100777825838338 -2.43754903986283 -0.3086306374220363 -0.004714849557743936 0.00010966222740359978 0.0006989330084825632 0.2151492591342804 0.03150312202673676 -0.7348314438996995 -0.001385105471499616 0.37698796334009754 0.340131621326868 -1.589397511786392 -2.761723716222223 -1.6778550547666318 -2.6404974070741805 -1.2502477159224168 -0.5092471145553927 -0.26096617608973516 0.39226461664306495 0.43626022370422624 0.5140384836313023 -1.0946968129245027 -1.413828476146127 -0.17840882236163122 -0.011951936636329997 0.00009365509101880398 -0.0003640267916904666 0.21191410631382077 0.6046976928413621 -0.5469640914327627 -0.28601516532257487 0.13152256962056438 -1.1367775083595024 -2.5454152696795243 -0.1746614803832526 -0.292217136878315 -0.29668569850396187 1.7674594531277104 -1.555934845678461 -1.4953054878633238 -0.06447840642547412 0.8049967953786658 0.518368390064285 -2.521595852922181 -1.149759660827578 -0.06379062556552156 -0.0047078664554469525 0.00010230461852651633 -0.00007274701823606001 -0.03792548546355644 -1.1256462690666587 -1.2864482503928019 -0.49634078617470156 -0.29270634201065926 -1.7156349810046378 0.627024440784445 4.449370421385945 2.679483566123448 1.9547535170119101 0.9813808006313586 0.08542956717971267 0.06540145658692967 0.2928216367902071 1.7031338746979485 0.00020934350446029297 -3.4147889379563896 -0.7335960378153731 0.0011890515562431349 -0.003401033659827996 -7.042718564118145e-7 0.00008277429281321984 -0.051278224475388046 -0.9249857200077085 -1.7649923050198975 -0.8617431781534046 -0.3941297916308649 -1.195577479018223 1.6666392230152702 2.8447283428458494 3.034622945724018 1.323164897173517 -0.05892266593205483 0.8931964507969977 0.8637588871911397 0.0016992209208929053 -0.7879433217979883 -4.39858359142318 -2.25024598966354 -0.09311711695133386 0.06405930561732022 0.005353036865929853 4.1306645862598614e-7 0.000011843084088139428 -0.004589386767554659 -0.1842868680140692 -1.6143819298452045 -3.2947003179658947 -1.222823746868585 -0.1100321137129854 -0.6280022375309002 -0.5134814371445683 0.7704418785648491 0.6394442606331714 -0.522111211604502 -0.46361552175029147 -0.0075924219025798505 -0.4780452477612136 -2.442744965632588 -4.210247812550514 -0.5027194627848399 0.05874870788484415 0.042514406861778965 0.008126048157036263 0.00001543819185169332 0.0002468726385578053 0.0055490065423177614 -0.00471119950575809 -0.23424964946257648 -1.4805536170488005 -0.5071232030764873 1.191109636492043 0.6633195242232695 0.18776724893517951 -0.2427687719912368 -0.022337425637953132 -0.4160650076987037 -0.7547306889227077 -0.8632790585103619 -1.902386499519248 -1.7379026226469114 -0.6951998960374434 0.05248104776656203 0.008461590859566591 0.013039429045682449 0.00305904990722422 0.0000011393157241164646 0.0002369113933823308 0.017960963620599086 0.04167435408678096 0.003545384765013793 -0.061390678261099195 0.09477782746804536 0.6861534905265761 1.2321429555664742 1.0209428595900787 -0.1000492575632309 -0.37610483891580937 -0.23545535334521883 -0.13307548313581266 -0.4726433619310692 -0.5597839808687863 -0.23218500966486114 -0.06656358440950086 0.05353126732145797 -0.001854210019225221 -0.017019197104966962 -0.007146830609605988 0.0000011579661455815748 0.00006857838224664712 0.01912168648247917 0.0534365906836148 0.012199276877522022 -0.016200029946356914 -0.02185729179534334 0.028598403973332985 0.27146937910581126 0.4453614902247689 -0.015362303429449714 -0.1370171430764624 -0.03359191505951306 0.012776931587681551 -0.00013407694130185364 0.012144396641710242 0.032057208264536924 0.0043783624369753285 0.008969225273817515 -0.012414621938329155 -0.03135528357439453 -0.009424168858862278 0.0000032598228245021443 0.0000037584147599795874 0.0018424692858707522 0.005341924449238057 0.0013980398500513507 -0.001008401632459349 -0.002195948984504799 -0.001637273070319628 0.0022060304048001633 0.0056632377870348815 0.00008425159478764319 -0.0005454610847821523 -0.0000014096370220600604 -0.00018913322435647347 0.001357863374845402 0.0018372270872533377 0.0011779707305297768 0.0004861029537799245 -0.00019604958018291544 -0.0006898384474834932 -0.0022219914712260677 -0.0006451304659871869 1.2103496407006818e-7 -6.853920522365076e-8 -3.049645783035522e-7 0.0014450002131840207 0.0025912517234034115 0.0001805597544279862 0.0004917769655058497 0.00140110656632318 -0.007701506027792716 -0.019845992435883884 -0.007435147324185741 -0.0007975282647516865 -0.0014619869262628932 0.0064903484426393765 0.007856761201755729 0.002679072846415465 0.0012627650502408901 0.0009241984347465431 0.0006351491811037073 0.00005946236092000359 0.00029532559630133403 0.00009246540252504952 2.2617877061724372e-7 -0.000008391074588463244 0.0011225308261735667 0.28270347736330537 0.4295763379650035 0.029517237122241843 -0.011710669079728408 -0.15175147087088592 -0.3828733922509082 -0.3183882160560491 -0.0777222299523362 -0.008897214694516882 -0.011684901101789776 0.14249775950922972 0.31060269885670905 0.30042593867028256 0.07140157574826306 -0.001675451932963175 -0.012500419777019331 -0.06156167357795176 -0.02094309184600341 0.001617374745116674 0.000003844388541807955 -0.000059490669448374056 -0.022348340539082887 0.5495370743586147 0.9309227733692841 0.008912213429354183 -0.5135889533800503 -1.254582579324149 -0.9662594682193762 -0.21201413000738262 0.12780492918509134 -0.0006054019751881466 0.0011399378239696917 0.20068569509861064 0.7127757033129161 1.8302972010542833 1.2827395186058788 0.1814792902674467 -0.06302849832797021 -0.20531522444697475 0.1432443477653597 0.04636193382641 -0.00004781905675751845 0.0005762763992450078 0.015672572910229367 0.08260507904062292 0.060882723403722326 -1.2578810096113813 -3.496729189180491 -2.116982079753772 -0.582084784083825 -0.13005129497668028 0.12027448521015685 -0.012947770116554232 0.02690902458338116 0.18925201700726105 0.2741351954596511 1.5512465323814413 2.0304776455664832 0.6936049243712269 -0.08530692593553002 -0.3468744673295242 -0.1311816128250021 0.015546683517907596 -0.0005103820508950546 0.00031316963125522265 0.024144769252062315 0.013852656006733535 -1.1257724767543587 -4.997355699964725 -5.401787080216967 -1.8535317249475667 -0.6106354615187941 -0.03869602082269033 -0.015531831103372699 0.009349743507398083 0.06402617709839849 0.13017781790709662 0.014055408320202512 -0.10492825976733514 -0.7634108493399907 -2.283964558916683 -1.2698272152151215 -0.34546048244352756 -0.46098683339546637 -0.10240879223095055 -0.0028277714105851472 -0.00011492496002574263 -0.005143797870379852 -0.3667883510690463 -3.9117266845835212 -5.8275715834028 -2.8218939574430815 -0.9548706461832573 -0.13777699610751848 0.053938839954691946 -0.06114439216771875 0.004679824560835294 0.08617617556780344 0.0662794419795187 -0.030950363426298526 -0.3329704275662824 -0.3791070246056693 -1.8992310149799474 -3.369823922038397 -0.8729602900654129 -0.27355012349837166 -0.136351333946071 -0.0021517283410368818 -0.00002904075431873041 -0.034502149544011394 -1.0029712883239295 -3.189533890726925 -2.2550150905013306 -1.334972157310471 -0.47918754111033524 -0.14314269148258552 -0.17195747598843816 -0.09782558052842477 0.06887797183467938 0.010642712147958968 0.013618705084614192 -0.09062833804244319 -0.3445239608289854 0.131572073885913 0.48622535691875907 -5.447345321021707 -2.5839031216709327 -0.07956646181707572 -0.021122428410228277 0.00005631605712662048 -0.00008799724834163486 -0.16389556491672702 -1.3918031253089573 -0.7977949199640796 -0.9121947898083861 -0.8795076018494206 -0.2209565448193495 -0.21208742656777588 -0.09682476275481237 -0.08164348657006698 -0.06672729635227832 -0.12972344688512588 0.036386813044076066 -0.06987438668062317 -0.012721667932820965 0.14612493084433847 0.4645824197263687 -1.8616808378845902 -1.64969176858655 -0.14506584919124127 -0.014718779941750339 0.00043916715953894777 -0.00019684646704733763 -0.3464452802348672 -1.49557223250656 -0.5107444139863417 -0.48558847480469247 -0.22662574157147675 -0.19114193882933092 -0.18069937008245054 0.02245866827731998 0.042811682792676164 0.048919857974920086 -0.11025093930469701 -0.08553739796662678 -0.05195580458534203 -0.06689728975247274 0.021107215677918373 0.3354395441703537 0.1738652180678626 -1.2743835084853004 -0.34947872245810635 -0.012242770284016869 0.00019015352165738852 0.0004368470073021301 -0.3727212994535823 -1.5817566216653436 -2.154242316802928 -2.732421464393803 -0.6826587962618138 -0.2687382842473883 -0.05042477378758709 0.041078974026367905 0.044391381476957086 -0.03706746580682599 -0.1374193226960579 -0.02683769544097092 -0.027917739906066975 0.04168581471006428 0.25276122211752095 0.039677231925328016 -0.24977761660422804 -1.5816123708828684 -0.6057456726808309 -0.05477672724392516 -0.0012442374707144757 0.0019597121297207937 -0.023276953563837174 -0.4687178777519483 -2.833701045851567 -5.460610235243329 -2.494358437577775 -0.3860355961858378 -0.06051926280640553 -0.060192689646026164 -0.35661010169486584 -0.40493463579975447 -0.6092320688659357 -0.3796544092194106 -0.1350795591088862 0.07274822081164861 0.45457057781547505 0.09362043466805442 0.5299183479589585 -0.51326646399361 -0.3041280731391058 -0.027448767869733295 -0.0013817470145897097 0.004913112477141463 0.2604383573318492 0.5311153484578612 -0.8363375294713737 -0.6788344265726782 0.9854082020809372 0.041383218116511376 -0.2576663783149655 -0.06696200290577753 -0.30769416914639675 -0.21159448333092168 -0.3890037475838635 -0.0929298812650402 0.21152736893548624 -0.2582680718632757 0.6688277026688123 2.734404630781212 1.4957497554680264 -0.2582322904435227 0.9602167248518731 0.31262227141407517 -0.0005828275905728918 0.004396925268303344 0.08006627915047018 -0.04271849168806122 0.4861997347831399 2.176006962879887 3.5126860488027374 1.738577352430911 0.08007319129863474 0.09344008809606588 0.12695821867357154 -0.20285781314622509 0.09675678410775286 0.60904297483922 0.5436975212325209 -0.4177693099366038 -0.7723963329768743 1.0766008902457365 0.14916883538594627 -1.9579758436174313 -0.59684652105789 0.10147073090687003 -0.00021896923831703097 0.00012595348903316636 -0.02532804126431796 0.09946884672003974 1.0310374202029275 1.148334431873346 1.0426059942410044 0.9422012266573622 0.09467922760103147 -0.1271473410089171 -1.4535070835270079 -1.3488971189042154 -0.10471138093709517 0.19273080610191254 0.1539904265291022 0.11341223575684534 -1.1419779008302111 -0.9786215215519511 0.17954657140334607 -1.5759086899961836 -0.9677741506170304 -0.01716642270655336 -0.0001481483742461942 0.0003814807543287429 0.11167485326156247 0.3739615171344008 0.32846750344169906 0.13582898577805091 -0.027626031632507913 -0.18917292202398642 -0.09836990958888281 0.025646211502451912 -1.3816137900798504 -4.542946851795441 -2.1924341979418647 0.010715991573555366 0.10619876980518769 0.20046450563007534 -1.0987009960702858 -0.7612489199861153 0.5735882276864922 -0.8431179253622406 -0.46671849436936574 -0.007123917351737107 -0.00007533589014262092 0.00007085562028601056 0.021720435394507652 -0.521233869186027 -0.6439903628386313 -0.13408851423262516 -0.009592155742595568 -0.12930942437736648 -0.350294872454382 -0.6584796280706674 -0.19058350486363032 -4.2751157490918255 -2.7675578942107584 0.01489281549526204 0.12950816214321603 0.1978747654688014 0.187988905723194 0.6965757462126749 -0.6909496400720211 -3.5164862210733707 -0.6360218745387579 0.002214336313393562 -0.00006470926133588505 -0.00007621727144871135 0.009230383619775458 -0.30927977566449416 -0.6524123098850085 -0.2929527669809912 -0.22207843667960664 -0.1520324570902669 -1.0053317540522013 -0.8039296557288266 -2.7034424579130913 -3.192603056177739 -0.6696423557052771 -0.6937634993885287 -0.6673378075279404 0.06345818640167583 0.2695118252060269 1.119818585294022 -1.7196872260969365 -3.8383272794678374 -0.43258839187795134 0.0017496688709886794 0.00003652860994891561 -0.00021043456365398 -0.11565696642394678 -0.5770475686979992 -0.7553591083396776 -0.5542493194021465 -0.20612188352416747 0.903084030459522 0.9055678586374403 1.3917414131335326 -0.847823609374081 -1.1962761552015388 0.4902364210665685 -3.518340781721863 -3.214986148295821 -0.5531732388191062 0.7217348972882831 1.0944367286291026 -4.02946018427746 -2.707126416991979 -0.06735384010751569 0.0068788711060199514 0.00017684358689928263 0.000007039891630742709 -0.1780966119964531 -1.9197054309999482 -2.137445027512201 -0.6333726225083178 0.47165067138522565 -0.2088655039455456 1.671950789010621 3.7596284934331057 2.0226256592795773 0.6480666414593522 -2.1591323953544914 -2.0464135005417474 -1.046137812129611 0.31233899822934813 1.3665234349113333 -1.2829123428115294 -6.067755387237826 -1.6694880502958036 0.008914410950011557 -0.0005134887043826374 0.000004243088862452805 0.0003117314222907708 -0.026893600941707816 -0.941958967207722 -2.7456076730689793 -1.1448896926297374 -0.24497966155533346 -1.5512641235269433 0.15969123295936916 1.5539086211053337 0.8855686847170828 0.5086059608134551 -1.2749026748459538 -1.5988979284563396 -0.1881898156505666 -0.26342732128572705 -0.8990729701808313 -3.481464680934354 -3.2994426974101225 -0.2880640844648428 0.028091315361691648 -0.0021126324407885876 -0.00006950229132321726 0.00039402532264416653 0.00865437557456602 -0.2020858858155699 -1.758154883049305 -2.7270273817406694 -1.3553969125701737 -0.316596006661837 -0.6449569533393171 -0.07741779094252273 0.4198687154130896 -1.1021719460807924 -1.41425428356426 -1.4731979845278678 -0.6434004470349435 -0.6776128666608776 -2.4662711092287926 -3.5942461541511452 -0.5948175542468175 0.05170603599909277 0.029329120300831863 0.006190244761198655 -0.000019426519047151722 0.0001000021680920725 -0.00044585654868218097 -0.0008306634040161474 -0.2026518665955366 -1.410376054829939 -1.5619953010352 0.3783341456171232 1.1388159697462201 0.11888948653312757 -1.0460132968137805 -0.2730329619994156 0.11233335050132821 -0.15101925635383343 -0.6023406004028267 -1.495555034788478 -1.2536647924469166 -0.5674869706470308 0.061284864843654634 0.029785421489844144 0.016982262752200595 0.00216548759941585 -0.000017022444394349035 -3.8519497395478577e-7 0.003835355582882297 0.02431375750037158 0.009918986426404496 -0.04999774901830523 -0.10953314210695873 0.1713339574389638 0.5120933402844277 0.614801775933664 -0.15094575762092657 -0.19871537732658381 0.1285555531864671 0.0580195520820932 -0.3337049721543021 -0.48222723656948246 -0.10507515040493277 -0.016946844812887725 0.02184657862700075 0.00018592320152153958 -0.046507798736251944 -0.009923208692686945 0.00007966604103997806 0.000053983590348190025 0.009749290120204333 0.031171405432480138 0.01835245616486786 0.0015709227001708302 -0.005976472622055593 -0.023700358793460462 -0.03317900492020865 0.12644009352012753 0.03205438680303737 -0.058832958175187036 0.004626677942586511 0.01689371748786147 -0.018570778366678184 -0.013726278657154653 0.023847556641492174 0.020551878184725383 0.0009824792102633786 -0.024523384982654158 -0.07009310383643819 -0.014229712768827176 0.00009088566867753435 0.0000015847280178561537 0.0010900507145889479 0.003643139078920735 0.0020530125043076324 0.0002478778052793735 -0.001280135981911303 -0.001201434435334048 0.0013139370746111027 -0.0006843343963633974 -0.0005329921078728002 0.0010947148888550712 0.000026506145033913583 0.0002881579283878306 0.00000811329278997851 -0.00034343407351568247 0.0011570711757419715 0.0013252462692200074 -0.00011855596244609781 -0.0014600627114713274 -0.004903756283804776 -0.0011135120847601296 0.0000047255644269334545 -2.569818432328648e-10 0.0000055464377590592544 0.0002936846191176789 0.0004565712489794625 -0.00024666277297963985 -0.0007960692317980216 -0.003992304263876121 -0.008931383245996466 -0.011077220321949922 -0.004337089739118773 -0.00019103141278007163 -0.0018771634580436122 -0.0003527102669634591 0.00836902145404171 0.005437958930491039 0.0007404932595713942 -0.00034983856311586583 -0.009172797763646087 -0.0009746469296429077 0.007316912654191043 0.0024242987649337453 0.000006183070211897632 -2.9402336540405723e-7 0.0011679494179719402 0.053911371805521274 0.07492283362902645 0.0016981885401002907 -0.032738212339236746 -0.20948066645497165 -0.3514518163974394 -0.1542987132832019 -0.06700386894949024 -0.004867512094388676 -0.019647670585096033 0.03247067362809418 0.22713845497234253 0.25519541699202486 0.15561116646086354 0.005674262973342002 -0.09989448263265176 -0.032598768122740235 0.09439684738906319 0.035174960559236995 0.00010618081560689081 0.00000940043153887869 0.0026697786529500745 0.13443390633696273 0.17011053540700732 -0.12872971481651346 -0.7699061082559618 -0.9708062356536049 -0.66199442354598 -0.10439345605152678 -0.03313895230157284 -0.003485140445351202 -0.0007271025215767608 0.1442522087456629 0.35515513535198373 0.799263794017927 1.872614913723681 0.7912232915203788 -0.08370764307579771 -0.32966489151174133 -0.14234295703443856 0.030034582883124817 0.00014935403335747448 0.00008250598957707913 -0.0006061718388688137 0.02214144379914878 -0.11450854474652125 -1.8949155666518918 -3.1539244486360696 -0.7349730418805079 -0.42217741935165304 -0.2639700050573553 0.03737982873896578 0.10355260503311296 0.01777253123378309 0.3251354918305172 0.44405046145927535 0.7528736543906831 3.9577276855431434 3.650978050387967 0.2725137580503682 -0.7360681750474475 -0.8119346061904392 -0.09029072689951531 -0.0016974934847958335 0.000032700437547549206 0.0016086760047233034 -0.05937831359076049 -1.5860060122029223 -4.776704975729671 -3.0082634256444463 -0.6531180183354227 -0.5461538594251953 -0.23324144738674915 -0.01552603645255646 0.08034949892374948 0.042814815113303394 0.20940455734928792 0.27622419032723683 0.38257905041156376 1.6108128656811365 2.237222249526637 -0.08109563689091587 -0.3890910243848552 -0.9022853970966055 -0.37323595922194147 -0.006471904184098674 -0.0000080600316260837 -0.003855201598880481 -0.6969938727209275 -4.556057369778364 -3.2719321600463336 -1.416726104054206 -0.9294738865985288 -0.10104397032948657 -0.08426657955304069 -0.013541227712746365 -0.023710994328353167 0.06146470736577134 0.029781397346891572 -0.12396106206738255 -0.04597422463908662 0.1652177274136656 -0.2945861883310397 -0.7991560873310655 -0.19475706997209377 -0.6517124416600236 -0.3199944516131984 -0.0036377080964478743 -0.000016244534705855323 -0.05158581278246207 -1.6394078177841926 -3.3493298652312586 -0.9668069195701533 -1.2168632238305925 -0.2779744307341355 0.0695721346311589 -0.22027268098645122 -0.11073875444665028 0.0187472327234074 0.0011075477390780977 -0.08556650200696048 -0.16428969567549934 -0.461856438363075 -0.08764330812497928 -0.18176815873875787 -2.453067741430503 -1.8731537613428826 -0.20878344878762567 -0.040807171331737155 -0.00016249786057406925 -0.00010305015077498862 -0.08670780137332139 -0.8076218812154135 -0.18778606239309104 -0.8864168054035331 -0.784611136165969 -0.11857562830001207 -0.09217098195232022 -0.006068797574825527 -0.02139436810947971 0.04827888126413743 -0.04198974510301763 -0.016638094630599298 -0.19624682198773624 -0.42295497830945966 -0.13370730043556361 -0.13163060899758255 -1.473935832988208 -1.9552617445846925 -0.3658662059535227 -0.006546919352245609 0.000709718884246119 -0.00038265632980763036 -0.26095843927371126 -0.47113958985559123 0.6528071288478438 -0.148761316462884 -0.18742244012899778 -0.25175692120557436 -0.19427587292289009 0.0048552123612290105 -0.008837441216410712 -0.24519460398807297 -0.3450197375005933 0.017530948769391968 -0.15806445614357567 -0.20827770888232944 -0.0738866770983556 -0.05465380965495514 -0.49683194866891456 -2.7870434865075273 -1.3999990083493496 -0.04957012982225041 0.00011379722055451894 -0.0013397254635539979 -0.7843999528894091 -2.6265735090049875 -0.9821372274009583 -0.5869222378188945 -0.17703752365542966 -0.14573315480747592 -0.061015189926476116 -0.03118761940824038 -0.2523272297517379 -0.39129856811494496 -0.19739178465842766 0.050924349830581944 -0.05536190731640316 0.09258826595581293 0.19994677466156993 0.08056006622789003 -0.5036036265447081 -3.351113477486337 -1.9557088444508395 -0.06681464262817996 -0.0005632435564132351 -0.004689857678509857 -0.6181170962230949 -1.654536979985996 -2.1702011528476777 -1.732231281858986 -0.3351535311495161 -0.11958275804235498 0.05942953833898498 -0.08576222220074091 -0.5223005641454306 -0.4799182155086901 -0.2094018184929697 -0.25659902871866686 -0.22192995886944888 -0.30194911763626164 -0.12254887369316168 0.07069116527726228 -0.11490294805093683 -2.0628699447432894 -1.707759868641967 -0.05371540097114809 -0.0005609012972115707 0.008203734769050619 0.32998003147559946 0.22026763013873374 -0.04905249035710711 0.4903951038692237 0.4627502635368343 -0.11733676454271935 0.06327266274761441 -0.17705297527203812 -0.826151744149111 -0.718188714650914 -0.17685907199084225 -0.3387386799855218 -0.024473988205640226 -0.23920452413528692 -0.22702479028775407 0.18960260520519032 0.057325518708100855 -1.5426207255294655 -1.1601198853903367 0.04748713408400394 -0.0002345646629945543 0.013336925431236546 0.37880900315707666 -0.08913456759004307 0.9177597073662956 1.6886057117892244 0.7220445226101062 0.11614859802056994 0.06746147507957999 -0.19347021470256964 -0.4766800494712966 -0.5372287557573606 0.3952969786822167 0.7040326540282388 0.16346460850109704 -0.0020628147670996777 0.02981648418275544 0.14385962867943503 0.11654250763613029 -1.8017305856907986 -1.4963474941136277 -0.051751228591616634 -0.0003172186287937978 0.0002474316994120764 0.181477207336428 0.8932626617778193 1.6536222576614303 1.5226636040435182 0.37160876750085176 0.12694428201378224 0.26742451279043356 0.1316053950871084 -0.4693824483474764 -0.46787091295027333 0.5340946247880534 0.5740234665762667 0.09433937422542313 0.13617213116864046 0.15296628793821707 0.2682847223637695 0.7674457991392702 -3.2745697634389397 -2.289103982111692 -0.06181347362851072 -0.00026203992114513916 -0.0008429426472834809 0.2967650649521532 1.3940857243065758 1.3429140122686576 0.6210184613629893 0.0762354373949768 -0.0694294964256506 -0.059288025107647656 -0.2676354928785857 -1.967257327300543 -2.7229507944561506 -1.5033251805128038 -0.11661299154169466 0.045509536797229064 0.13432402041372007 0.009059541779976879 0.8291398321560567 2.5150423417712977 -0.8456428362862259 -0.999962342548558 0.012424812841922072 0.00015473618066044121 -0.0039375505490157146 0.038796554435736416 0.47951384025224375 0.29503316206346136 0.2522438078498535 0.1224892062050805 -0.08656131232868378 -0.14413237755887462 -0.12010229704005662 -0.1638695504976424 -2.4530822237248575 -2.607087155288159 0.014866642091980143 0.07936798177930034 0.07628160141647322 0.09925572137661377 1.0593434689662204 0.769326719218159 -2.4765631375153774 -0.5873110738572206 0.007842219293465345 0.000036635537102574694 -0.001182004940251887 0.007999312711940198 0.3824814714068086 -0.01941149541783185 -0.28774161564200595 -0.1341025932518285 -0.2515695858327972 -0.6206774738736177 -0.29219963714105224 -0.0359402397856833 1.4302956828007298 0.9357399947965354 0.7453540800899839 -0.08305097369403545 -0.1963152852135705 -0.8401139846298438 -0.059258719171704076 -2.1786776287914003 -4.695071878489017 -0.5430381408806666 0.002153036192625604 -0.00008723842231232413 -0.00018812742173860927 -0.05622862486987535 -0.38838560658984267 -0.46176565383598434 -0.7170201821864911 -0.8752232239868786 -0.7437679743960829 -0.5554623841423181 -1.7943679833268744 -1.0140155789972345 1.5796084392507737 1.7364796157567306 0.6537031515659628 -1.4426009981090158 -0.9679848643949138 -1.1621581403740575 -0.7231311222364711 -4.522087519194969 -3.4457054235278393 -0.1726115192316809 0.0005393508817625582 -0.00009997208471552414 0.000015012200879329943 -0.0721203598291692 -1.3788384202585247 -2.158913858376417 -0.40038169053118267 -0.16772567710884662 -1.6004949468712868 0.24173566033525057 0.6338963864251106 0.49405746879478546 0.29995547244041837 -1.1870674875596816 0.35148697328707806 -0.30554646926980783 -0.1140205325945878 -0.039934532035515044 -3.338933932497072 -6.823887907255324 -1.989568517852391 0.028043459650051998 0.0032995929499804386 -0.00009137030527819129 0.00014005296856305758 -0.005440215473101167 -0.6043123130584209 -2.7178203477898704 -1.734457550525483 0.16815208563753506 -0.5224706242867384 1.0392487328305404 2.8648116716734213 -0.04226860566361692 0.207530728160571 0.12753174013494942 -0.8602161109623957 -0.23607761747814737 -0.044338657913751335 -1.3889660560261383 -6.041354944123707 -3.8844395156651688 -0.2826277696781164 0.03943660587843978 0.001337175909731795 -0.000023776392810603374 0.00040262325083984413 0.01123071024732446 -0.09678341448112389 -1.3862633574914507 -2.824701237173284 -1.4217531351186947 0.07558876251146321 1.1009325800525296 2.0047691946421597 0.0019447146210438118 -1.235438953366317 0.007681510140189813 -0.3836717223866181 -0.4578523890816382 -0.7774019667411072 -2.713780594838824 -3.647026481035018 -0.817035231690033 -0.048263155337103236 -0.0020302375650317213 0.0004134530908733536 0.00001040097440552327 0.00004131060740745874 -0.001953529551098687 -0.002241793755167947 -0.11512339966223209 -0.9204747601391637 -1.3248469388930115 -0.0590718251573437 0.38372808995293206 -0.22424499435876952 -2.8798531973686425 -2.425362760646884 0.03118330491738821 -0.11768654069885548 -0.6355820201618565 -2.069222716568296 -1.938774203283408 -0.45640800344277416 -0.03380017707025177 -0.02885055845040502 -0.005152878556881552 -0.0018370851074834204 0.000005510584140931403 -0.00018070417537180704 -0.017677675440399918 -0.026617691435504704 0.006820224352293846 -0.010089130401581568 -0.057146449216943916 -0.08708952340434786 -0.6529773199397015 -0.13601132375449337 -1.1424431215291824 -1.4800733978075984 -0.162901962413485 -0.10072696198671101 -0.44403826288861514 -0.7058721488620071 -0.2570083426293949 -0.015467607946773073 -0.04157201999405269 0.0064316751967586055 0.00028036260586138226 0.003072677315829888 0.00007922909941112387 -0.0000595441896814818 -0.014982921840493796 -0.02945611241633643 0.0048815288067905 0.012024057706781718 0.02583181149411512 -0.015052888373788256 -0.24048951517342868 -0.13016225259102196 -0.09647801540088058 -0.22266044562274898 -0.07125859379220495 0.01637813103971525 -0.03361351989426662 -0.05593364564551295 -0.02727949269664793 -0.016328628759985326 -0.01924809985867808 -0.006714425769349994 -0.0035114287192172487 0.004052218282944128 0.00008406362078281084 -0.000003743025218391298 -0.0008485661158809135 -0.0014132400221101057 0.0005690308709903095 0.0009403494586173258 0.0018275837113538422 0.0017588040816288732 0.00028388546210339694 -0.0031930014578915034 -0.0014802829966893065 0.002808470939329798 0.0015551260980321718 0.0016841670000051936 -0.0008528273418645815 -0.00222626227435929 -0.00006217025083313369 -0.00022949756008033284 -0.0007785489957555019 -0.00043529708929668156 -0.00021339285212118085 0.00021649866180576614 0.000004485876752854794 0 -6.885434115239515e-7 0.0011255522224690397 0.004539804910387436 0.00036119973241838894 -0.0011121026362172729 -0.004665295987772546 -0.010047507260535769 -0.006603431674510918 -0.0032586462305262943 0.0006691620125040546 -0.001085492421661877 -0.0053767038775519894 -0.01468228112048281 -0.006134879122411156 0.0015388818844158372 -0.0006951604219311609 -0.017846275564183042 -0.009422666370360093 0.00677915124876201 0.002626926404194719 0.000006796716962538135 -4.7566069766159005e-8 -0.000025629926065277144 0.013696627519355336 0.056564101006100174 0.004818429223912746 -0.05147726419760059 -0.24298081285804457 -0.22262280891143738 -0.05667850183631242 -0.08694214170323035 -0.000048598712161894314 -0.034604843043224025 -0.09408884684677137 -0.23580708683390306 -0.05229176634039012 0.14265647162762063 0.0199139559449995 -0.21125189794516325 -0.08989472688235312 0.10406757966904319 0.038090814362307254 0.000144803311715413 0.00003795770440530803 0.0015993857649879018 0.00990146632487263 0.03568608219927955 -0.13748615839968617 -0.8524633131968058 -1.26732486157219 -0.5102562513483972 0.07963107658444984 -0.09936315430022034 -0.03209357030207279 -0.09282471134904699 -0.009958050185328799 0.011207178073259756 0.30404143829128333 1.4474488460172872 0.9151176944645454 -0.14368701366193412 -0.26945481537069077 -0.1325537055977507 0.020246646469392372 0.0002518114860382292 0.0003511072970993234 0.023500193690982288 0.03346850027392461 -0.17069353977977753 -1.542573172451554 -2.324032042272759 -1.2020990213891753 -0.5431405887315335 -0.07729896136161174 0.041766544238337845 -0.018965109749845818 -0.2270169264227463 0.18049649323924669 0.5067883484456516 0.5380175090426168 2.1177445794939103 2.9265954638294414 0.643140212468251 -0.5012693247496658 -0.41058999206128943 0.021505442427528023 -0.00015280197181671116 0.00017674582379389328 0.013586202211225019 -0.018669464434899977 -1.2631698324452578 -3.0305201177975256 -1.4789986879013388 -0.5313582723044309 -0.3257731663280294 -0.0659780385249565 0.05854845394284511 -0.02288570154480219 -0.09908818624212154 0.18471856061039632 0.4113993643419254 0.6416201484700842 0.7258840066405643 1.711040830511702 2.0099199983104983 0.13165610818314147 -0.40514349767339 -0.1294299011486005 -0.0024434832079089424 -0.000026285086774473278 -0.002455628748709198 -0.5094025159964242 -2.424782004968977 -0.9265927314169399 -0.8044047312527994 -0.577762345511393 -0.08833087702221178 0.038372672389230394 0.05739196493905394 -0.09011461424576107 -0.03848579497098883 0.13020566563900912 0.06741114605910135 0.31646545237733237 0.49205341646100875 0.2616094151731474 2.7120014585395684 1.4462194500561005 -0.2581588666537104 -0.15576574344042296 -0.0025198712942405563 -0.00011676796417062995 -0.05080691631302655 -1.6136204019638547 -2.5080559154255972 -0.4264314854808694 -0.9420560458688126 -0.19027405947648215 0.053661984392785494 -0.07676707068722316 0.011491697536726532 -0.06678777457720043 -0.02956467963486144 0.13417585724245143 -0.05435677221179108 -0.30413670002257254 0.00838845160922738 0.06687263604934865 0.24790509316194598 0.8496537538241586 0.08976391034231045 -0.02723002363534624 -0.00004728416708862702 -0.00011822273325022339 -0.18149981449425304 -2.0707584214367896 -1.2500839874714598 -0.8331992651028174 -0.5916448278496041 -0.11734229133594916 -0.03986302213793008 -0.07756718562425322 -0.014727937087873 -0.02675158138993926 -0.08543843808455416 -0.022795732153555112 -0.3554720344277312 -0.6489019262497229 -0.2291302009431511 -0.04336268728742515 -0.6063787853648795 -0.06747133003971882 -0.14194742562254506 -0.02277082254165073 0.0004958225416759191 -0.0003468305872578773 -0.5214958541170714 -1.5759577985355409 -0.3311935262792605 -0.5915751446346628 -0.17500755589382747 -0.10463151767415774 0.02609217447747395 0.007508087391768115 -0.02439895602213174 -0.15172573860432415 -0.14287960418266432 -0.06641662794816784 -0.35581979569903555 -0.3684896584455941 -0.06776225974615671 0.04080921048231922 -0.699917398281641 -1.1100219087355487 -0.48600211360249623 -0.04905167652851378 -0.0002824928827400323 -0.0037585026366461567 -1.3082783939445415 -3.5448002594178085 -1.0062939153247688 -0.34649838579534364 0.1181891165483333 -0.04558318696756352 -0.062263564713641056 -0.03366703318612435 -0.053505416221470196 0.06944934082327124 0.08404122907103474 0.07013888015109268 0.025086003685627817 -0.031932713017015134 0.06632843916688441 -0.0144646932411989 -0.46544694235604045 -0.1111340001304676 0.23329114562504116 -0.004160531688315754 -0.0001651600922539693 -0.00906801838729188 -1.3857586010951062 -2.9690632582955345 -1.064155272741828 -0.46409294858050465 0.1259109257201164 -0.02291331327518629 -0.07100746437965022 0.02199485182656203 0.1060212561764987 0.4301330698569239 0.15604763552227885 -0.07325185324535255 0.14175541740487485 -0.04090818897065834 0.008218973484901667 -0.0418703358138607 -0.23470354047533862 -0.9707394671662841 -1.3742088335414284 -0.14376075122440246 -0.0002709963023979098 -0.0026408922668173297 -0.4233601405892864 -0.7694157931091617 -0.31142039344116706 -0.16758009404555266 0.1968310962167889 0.0023474059560696365 0.05422819490309322 0.24823442760462938 0.10022501976323941 0.5026969332853503 0.5358107730682609 0.21061633219698223 0.1042747903623442 -0.04416421636146914 -0.04651405464191513 0.008497395565066247 -0.15639331096542752 -0.8703465199986073 -1.4142400546806642 -0.1864081886080706 -0.00041988994231365246 0.0006660441440717017 0.26026205647021766 0.7172256541306811 0.4397036007392809 -0.059362387929326195 -0.027147479605819314 0.08844815328920302 0.04747910740020353 -0.22733216993758912 -0.2713464315598044 -0.11968530337651609 0.4317916983466042 1.6567430395568734 0.45475539107486 -0.07724121347807457 0.03280568741817286 0.017614080501141296 -0.019059390413966464 -0.2491524529605589 -0.5877500968496284 -0.19146816619959062 -0.0013005470615146653 -0.005928224890583812 0.31008255799358964 1.8168779094956828 1.2191655145763007 0.14344706659237347 0.09650069045056192 0.11322573853894989 0.04213299449746841 -0.09207497848523322 -0.003003251454708455 -0.22549400915284767 0.22646507280543934 0.27029844604385167 -0.2655914805838688 0.04943600045486273 0.050399489807133255 0.08837892529529152 0.20199637293073922 -2.914520913294594 -2.1572012842604242 -0.1183523329376689 -0.0006108523591914013 -0.007961402129691172 0.190298307288754 1.625086638327718 1.5793894760061606 0.6331166531507405 0.2892673600164738 0.08594087531477239 -0.46573357772007706 0.3250038402600009 0.20953365678598163 -0.9969115796169472 -0.3444381795060414 0.0172631150660621 -0.22184292327295696 0.09699090960105775 0.03857117328573081 0.5480828074981549 1.4131050982849676 -2.388184081265647 -1.4670255298826829 -0.009360290947092138 0.00009553796615167878 -0.00770511779232924 -0.10995745860830679 0.32739054442849674 0.855960978334149 0.7003659586699663 0.2746967267940412 0.1999419792357805 -0.01776437390300675 0.70981762663764 0.9669965578926532 -1.0043513800329102 -0.4504049198872692 1.384663197540436 0.046406881629741666 -0.007809975378923697 0.06261327800621885 0.6932968597942784 1.114807092081661 -1.9007475669630671 -0.6526422364679065 0.009221671818995667 0.0002965045305417587 -0.0007386586991840415 -0.025045759512396674 -0.06822684472181337 -0.2926316812161906 0.16769832027442944 0.1993271262082204 0.32911832290648174 0.08842763793399636 -1.5994110854350656 -1.5513838252038965 -0.4833195784227625 -0.5616995633696964 1.1961522390575425 -0.3523652533249931 -0.3708777923098102 -0.8786964842997094 -1.682078896880151 -3.4107097027885716 -4.014612383130908 -0.39881937408341495 0.009122235470007947 0.0002950212240885733 -0.000008032837560824914 -0.04610178958828894 -1.0910046219515828 -2.2469793511803364 -0.5367161127872614 -0.19945783809126874 -0.35719621355985803 -1.1203054212225954 -4.256828139904716 -3.1570447388917025 1.6430592389298941 2.0785655638568024 2.0782810286308036 -1.3613633899198856 -1.020272470764096 -1.522723404091783 -3.383506924147217 -6.61038759170487 -3.3570947908163458 -0.1199834869783018 -0.00017869282201756024 0.000029261677742057086 0.000022469530641827758 -0.01862187660219383 -1.1350826550264543 -3.7514553309307566 -1.8114044866615542 -0.46526110994377395 -0.6166653065779372 -0.32114351168134714 -2.36961307271338 -3.1107349615819606 -3.572967299206296 -2.234202139295512 -0.05876858629837636 -0.8353525600297019 -0.22081947096677465 -0.3647564993868067 -3.5332360790300537 -5.252947491702681 -1.152334736156845 0.052234782647441996 0.0021745451974906358 0.00003145120598756354 0.00005262689786389631 -0.0011712630368767962 -0.41508451744582153 -2.801428461050863 -3.4850747647873006 -0.6964403580326723 0.1086246769154503 0.5339619712615911 0.5314853460076718 -1.6047894177057438 0.24168976574863144 -0.8675200845833326 -1.6285433376654317 -0.6496818494170001 -0.30812269686648613 -1.3537391822146911 -5.0864256625657385 -2.844603946622757 -0.15547182263896886 0.033515876587571915 0.004174303465935604 0.00006405313700223961 0.00008974541395300111 0.002708062803803554 -0.02188176368248462 -0.7527440800097912 -2.567963405396399 -0.771319620760002 0.7536857327480808 0.6560707087825249 0.855934851979583 0.4042640950635057 1.5748331863190086 0.524558229548475 -0.5684845298850981 -0.5865665932281957 -1.6861632490439253 -2.8505088754416694 -2.099124557872065 -0.5474138546162679 -0.04415175364927947 0.006136335698991523 0.002316738012320392 0.000041563698742412314 0.000041407208217181715 0.0007237249207970533 0.0030402511241929765 -0.033814973800462195 -0.3900764150365831 -0.13868642342338938 0.3759765579457819 0.25238822072828465 -0.18619263753279267 -1.8782095054995598 -1.3774917551367674 0.5243075303863602 -0.44482814205644844 -0.941693200105323 -1.6389154607343024 -1.4007558723343267 -0.15381748852839344 -0.07213413719819897 -0.056647800683241885 -0.011372530115981647 -0.0010847888163566578 0.000019409885829001172 -0.00018707758587152494 -0.03118412837952503 -0.06176712302959925 0.0012459204055355608 -0.015148064102149802 -0.013401429283561413 -0.06305696431719425 -0.12271992239237375 0.18419574097513713 -0.8152825511286842 -0.9316469999571939 0.32284231278604586 -0.020897559842285078 -0.4139742793791205 -0.30141147728301526 -0.11333181805868006 -0.01385940326500252 -0.0720523731973133 -0.03116889127306634 0.008826856477331358 0.006528391420537866 0.000012219834380522886 -0.00021423382756925478 -0.03591672629755123 -0.07282789729249978 -0.0006100787540075533 0.00439741804035832 0.009287461731277596 -0.018994685810751248 -0.08627910705813752 -0.061184004637856754 -0.057843929682076606 0.03047732041494215 0.07560842904667849 0.07277152452407541 -0.006616225622840111 -0.04445061931992932 -0.03849755770972435 -0.03342400305678842 -0.0291180814224367 -0.0046465558215234145 0.02328106512402754 0.007978100751927716 0.0000031508204831934965 -0.00001105678144366301 -0.0019503403351991033 -0.0037146535103743045 0.0005239634321263072 0.0005059022605978364 0.0009979571474565707 0.00046527151268673086 -0.001089993375748573 -0.004106854311247982 -0.0026106055270441746 0.012054776349311347 0.006294197960421156 0.0011733537171802553 -0.0007176339332106701 -0.0014183105023447625 -0.0010284669033823277 -0.0016154486115421316 -0.0013865897368838813 -0.0001160757874633532 0.0015651588377331173 0.00047637916751619696 1.6670050415573728e-7 0 -0.00016950384545362228 0.004115589311732099 0.029960136760293615 0.011894987605116831 -0.003893215051484359 -0.008657211747229018 -0.013210780249161756 -0.009202174810729555 -0.017738582905187886 -0.012131253823724134 -0.005842608402082374 -0.011412791909060855 -0.022065818670298137 -0.006909838619012041 0.005171082307608986 0.0034283858988084755 -0.011436737698620488 -0.010988818437608698 -0.0012175844027262986 0.00009925312616133303 5.11133253645814e-7 -6.943774242775615e-7 -0.004553710727826918 -0.002977945476808914 0.2935465336060649 0.19884501401986165 -0.06298506997482485 -0.2589563180978129 -0.16181249794850597 -0.11538139165862292 -0.334153629003545 -0.21339260095383297 -0.14237410723384172 -0.3083881128803551 -0.41590073612323786 0.033432072633568455 0.21555727427917984 0.0761015582975059 -0.242202616640977 -0.20922311182178316 -0.012444341460841519 0.0033582485688010352 0.000060154904403164223 -0.00005325843131153273 -0.008553959401059179 -0.04837407225359039 0.14644011364874512 0.0790138733471815 -0.603703709750759 -0.7663973935481879 -0.10728665350734466 -0.1264330771053955 -0.401309607873651 -0.22133739842217826 -0.18089021866193616 -0.29094040701573315 0.08794936068775629 0.815719302014984 1.0504736684328906 0.9263582906240712 -0.20924955479319912 -0.3917249516457165 -0.11727485051727674 -0.0033107912840811644 0.00002654995084736426 0.00007735054711773646 0.006128112564434553 0.0036331072500696902 -0.16693059022676585 -1.2609283954407364 -1.8890672587035675 -1.021934406489849 -0.3453315701079186 -0.0732287418634593 0.08502658156997418 0.05092345241462184 -0.14320663963489952 0.0018374073226181563 0.5327812689981086 0.9662509980630934 1.331755065564356 2.3755319750088995 0.9406384553497746 -0.2999290717428202 -0.37108999799911463 -0.04336969998488922 -0.0006975347989894004 0.00011011411779305361 0.008390565895584677 -0.03327159365222028 -1.2987482097888698 -3.373028680136994 -1.9076092769995596 -0.6737862553802716 -0.4515343688575191 -0.188558622757285 -0.008512301860625415 0.04759083755892154 0.0033800369137134446 0.08122247570001176 0.29865762962556014 0.4710885144730415 0.4749443471700252 1.4319362324765277 2.4943489179015446 0.48374362073666427 -0.5307796763477515 -0.16219484751110086 -0.0025387646945884525 -0.000012822929670172618 -0.0002090259415047818 -0.4854209059052746 -2.9723056401760264 -2.077859303748148 -0.7559621265006623 -0.47667008487921114 -0.45481283682292956 -0.22644163745998247 -0.0944708890091331 -0.06333652761416089 0.024412268560851495 0.18704547011647688 0.23737253772234568 0.40019864610651124 0.3451569972803401 -0.07898189310586153 2.5286475938593376 2.342639387315134 0.054624861759241826 0.018026482875517256 0.001888862826826636 -0.0000792998548057201 -0.027920133458182325 -1.2907431998113506 -2.8357334483542274 -0.6825149963144375 -0.6390932238041531 -0.4335431099837613 -0.32487148262884996 -0.1487317291170485 0.0013265912301651734 0.03895653574151037 0.15783412378119743 0.4370414659650759 0.024537408901118177 0.01857763847053605 -0.00843150886124759 0.183259511784663 0.5672115639722372 2.5452666549766856 0.5871823863360308 0.06534452742122349 0.002598037992451734 -0.00012178635579991482 -0.20067722354470938 -2.19965284657201 -1.2449717217907883 -0.4245953339644187 -0.4930707553745952 -0.1338866151804302 -0.00011840694288612968 -0.005264203208096258 0.04112362846035886 0.06526206524184167 0.03887104697107373 0.16440068538937058 -0.03708057661102583 -0.21717532922269592 -0.34597683388411266 0.32114725103912845 -0.14544714435572753 1.65314065890796 0.8249488042560267 -0.019496711210524684 -0.000060359366173595144 -0.0008589172456364135 -0.5636380974914891 -1.931328940935241 -0.46442126232921127 -0.5001194367337952 -0.09833724805696013 0.23302066935338195 0.32513406972779063 0.2050721262612525 0.04449480724622625 0.02842905211561234 0.09085751824297997 0.07321939482584422 -0.018830386288409134 -0.22106355880767836 -0.2753237421402163 0.20240527968122285 -0.2851232661011348 0.8822545956233688 1.1089812143467048 -0.037819736149297706 -0.0009756763209401132 -0.0044993190893842265 -1.0586089146256215 -2.0752298695732776 -0.5755959191951286 -0.5261616822478269 0.11494003009359671 0.14565035048936772 -0.03444687031350692 -0.17450101583497069 0.05368534253384322 0.2408490387834679 0.251034271639923 -0.037716880509151444 -0.04282951481793295 -0.09837983138004874 -0.0060905662305247125 0.1380245126753371 -0.3168900015025875 -0.021374281672490947 0.4711728449712344 -0.004487056609347711 -0.0005883432216062536 -0.008916908980643583 -1.0898846613544968 -1.9131092046756797 -0.9307971340032074 -0.624125989845363 -0.10668202432164887 -0.2804479075186219 -0.29476537689407745 0.2731991026819283 0.4759183279845565 0.45038441774560045 0.1691499403705353 -0.19609558154669307 0.03439260736598618 0.1428502936916861 0.038415141703955755 0.022092963472719288 -0.3765449352317345 -0.7561377374105276 -0.408652743611437 -0.05907075253010068 -0.000367649855547664 -0.012082308019177689 -0.6546018514829904 -0.8717604022573209 -0.7101159778666459 -0.3925600047362276 0.056074931911635935 -0.16281962034868863 0.06679692411202726 1.6782151686194746 1.360951613610129 1.332534253260638 1.1229165616506884 1.1058992480825927 0.23301682972867327 0.21091738651485772 0.10063579408296772 0.047419444726503904 -0.28301667181696755 -1.1265183060243535 -1.6863664404510674 -0.21650280106495456 -0.0005079291191546569 -0.020648504915470267 -0.5760801842097267 -0.6037820649275218 -0.150889593959386 -0.30124769551743846 0.09342042749504945 0.42232059757392654 -0.5550732741719707 -0.7612011720505267 0.03995298260400664 0.41841912951496585 1.180209291278218 3.586447031319572 1.1117943849925387 -0.01200854662032329 0.0627366194203215 -0.022180001064799722 -0.1557324459631995 -0.5116532505092515 -0.5400625932492495 -0.07672994803132809 0.0001379088656692392 -0.025840168316857277 -0.5957728913944433 -0.23597332607639918 0.6122149980634983 0.12752937229269193 0.10830047835217069 0.6909894279629087 0.17674414809501762 -0.6507556128453903 -0.18910698310841176 0.06434818075891417 0.370531804902869 0.32444105120023087 -0.8823265498019854 -0.37124487537029577 -0.01883350789137417 -0.16377473139210558 -0.33409530232388035 -2.2515039193517743 -1.3505043295667174 -0.011390889666578592 0.0007298658479635926 -0.008607390975817598 -0.3553757312938617 -0.24449761962838665 0.7221341278254425 0.5868267907050747 0.4079972146073845 0.07015513672089599 -1.5063595220152877 0.19581925704446812 0.6848191875047404 0.5093945682746448 0.10397662829739145 0.48239150196381597 -0.2737886533624715 -0.239388723540714 -0.11924152368247579 0.13653527127203324 -0.22173806868724455 -3.5101232011410635 -1.4033020933061906 -0.029393583018797388 -0.00004011178863548476 -0.0027810571267473804 -0.3111781837596636 -0.8027588381259777 0.4310243409978893 0.6739163282191991 0.11526823038463327 -0.27476400997773914 -0.2452549260546004 0.6054750041676914 -0.7606306103281345 -0.08637913830252156 -1.0982544051573953 0.2509969264558334 -0.08449530096753709 -0.028418048802946135 0.03845495851717203 1.1048033437768658 -0.7952533262510287 -5.379355248262073 -0.9666037201854845 -0.0133399751323551 -0.00005147497438189 -0.00012090117221319328 -0.12817084394589368 -1.8277087423588532 -2.577338115113353 0.08381890487227843 0.24018964662602654 -0.18915424686012527 -0.43812932694259304 -1.9378511727250722 -5.7994147587875 -2.4478410901282586 -1.3278364084597023 -0.38932738405221207 -0.6277383711072468 -0.441784363558413 -0.19397631560858583 0.5978460073485485 -3.9485790898827213 -5.268606218123611 -0.45299317672343337 -0.013559056113352551 -0.0000907929816103128 0.000030168600772839805 -0.03797791205043238 -1.8949284024487971 -5.675610550778512 -1.5746420398765495 -0.017160614092474057 -0.545159375273502 -1.2844262972862266 -3.53835216565208 -4.848342517993515 0.2043474294737549 1.1311163768214152 0.0888367254944533 -0.7454204991353757 -0.8264928913876405 -0.5118674906818439 -1.7774075427763831 -5.6120650571664195 -2.586697749788688 -0.09875403335905036 -0.02111194244194515 -0.00044882324754988017 0.00002294215748022091 -0.001163042117115601 -0.5854854814918086 -3.6553178364332637 -2.7425520382179887 -0.8009010312018956 -0.5143979108696226 0.00223775670086972 -2.053872476517156 -4.054934364960692 -2.7388595279960777 -1.034017739862256 -2.150157520398774 -0.8861202469393952 0.008705957309254553 -1.4751574540740933 -6.484319755698056 -4.990068226239395 -0.46210096671520706 0.020070442937367643 -0.020479764089581055 -0.00032511690964980125 0.00004102931790276489 0.0013602728956902653 -0.0888170285596156 -1.230825389300783 -2.5969218918868253 -0.5747566087130319 0.2846617290995773 0.06360789162203541 -1.342374210000104 -1.4757111427382885 0.2185651742629053 -1.5866445544576135 -1.5622322633752834 -0.3011792524674264 -0.3973385111917882 -5.234346215825646 -7.564791794263451 -2.4205944103336976 -0.10229163902147444 0.0005843567244256497 -0.003950840847185386 0.00003472286500617614 0.00004718150344503799 0.0019171087139503288 0.007772689106316228 -0.09063199713316733 -0.7223662074163826 0.36003948369091604 1.4095318324950386 0.20752800338620997 -1.2588166921528894 0.11464773911125647 1.8083874786637615 -0.2748439992531351 -0.5888890794505843 -1.0330310286132163 -3.2791823827325564 -5.3678686175062325 -2.2902612582217943 -0.2425091778760602 -0.039088125617859834 0.0014778720060698457 0.003260850545601229 0.00007366175158358316 0.000048192414309522496 0.0018742394919156154 0.006269125972675779 0.010354921882466908 -0.07930492918627965 0.14718329704183775 0.9077136830504868 0.934112493822769 -1.017145690313347 -1.6119538108091396 0.7766873953367102 0.5851184928016939 -0.38426302564447207 -1.4024886320297443 -2.369127545473654 -1.1448996440530919 0.04521417864377385 -0.024033327706856115 -0.0039712555167575585 -0.0067591173805435925 -0.0015995915290764288 -0.00004105371088320572 -0.00007601353601472751 -0.018797991770414097 -0.038433974550473926 -0.01124912546399547 -0.025464874346100366 -0.049997892096409806 -0.05515334890881988 0.18020757659366646 0.32742197161382697 -0.2184474720645921 -0.16743581270939353 0.24463665755595942 0.028159957467272786 -0.2851123008702047 -0.16224836766448938 0.03750400822355134 0.03440164270765831 -0.04767811697976459 0.016150131087297383 0.13233218231210672 0.03860141417252998 -2.3819620718172034e-7 -0.00011854524524632913 -0.022719242888753807 -0.046231058611125794 -0.00459024394017733 -0.005230887908097173 -0.016201781932955916 -0.032277956024412725 -0.034312682680172686 0.002015618567765684 -0.021131537055134843 -0.059608679813310965 0.01750864404918516 0.10487481366503948 -0.034425200741076134 -0.06842332475528086 -0.021060430963906356 -0.012238678332104727 -0.01996721475752572 0.03728522791428403 0.18069448030443183 0.05012852498004652 0.0000018608324782503723 -0.000006873968275680423 -0.0012344777156297958 -0.0023499164745175417 0.00014994777066606164 -0.00020716731440598672 -0.00044189306599451384 -0.0009790318660414473 -0.000765201718547685 -0.0023379494080839882 -0.004730134444212305 0.0017450342649107608 0.0012253786722798458 0.001443650027580123 -0.0013807855284943122 -0.001914518231486911 -0.000699869366146036 -0.0007375191514581678 -0.0009523905573650797 0.002427354954639192 0.011248759199777249 0.003105860691447441 1.1362875036273873e-7 0 -0.0004560658351957655 -0.0020818733791586985 0.02001492248499574 0.01177383930624418 -0.003158977838377524 -0.003976122660793516 -0.007533263563957108 0.010450019594698335 -0.0058099713922466385 -0.01605281476595085 -0.008119730391547125 -0.005423078038570304 0.00224013087267601 0.007360319203367259 0.002897917428275724 -0.0012404736218542547 -0.009354966433524528 -0.007838848790340415 0.00006330751223771926 0.00013749207430576 0.0000014882959218948974 -0.0000020412837213522585 -0.012383640206159813 -0.1613478337721139 0.08783124048029325 0.21281079412616957 -0.040522593371832276 -0.18472419577473845 -0.18614250697113682 0.22250766007018527 -0.12415549902706073 -0.3270168426757258 -0.12477138820644029 -0.1064613929389965 0.02107664700503208 0.30346081370888306 0.20551474097845984 0.02419599120412736 -0.1752808522861694 -0.18198024560489104 0.004636680055061655 0.004235720125848875 0.00004945076026802254 -0.00027879706291325865 -0.027449421594867587 -0.23044873731337812 -0.0518891834105045 0.1329673472603323 -0.5232171616749294 -0.3974809844589389 -0.12352882957588572 -0.06372069575400209 -0.27794310016535884 -0.36419460293387224 -0.05382211571159617 -0.04552114718020902 0.3112177731675145 1.0180093825128405 1.2248158767541235 0.6868415486419981 -0.17677762946212314 -0.47512586206563306 -0.04340182550471181 0.01391325907744674 -0.00007325797385863232 -0.00033902244386328317 -0.014224591783850382 -0.007777553152327668 -0.0926165763780478 -0.7535663191104107 -1.5339749385006454 -1.0608229920941392 -0.3823998352557858 -0.2985492174141662 -0.00567871485961106 0.013190489058404899 -0.07571758942376233 -0.080053559281266 0.1811906431001262 0.7917900982234015 1.7048424249042857 2.53593333328635 1.0539740703301823 -0.15355794168381964 0.12246178452866778 0.11178261130553836 0.0012362063603361727 0.00021342190391664018 0.00880135078915894 -0.01035082870064299 -0.9365461202850964 -2.509283496237119 -1.6603942854632663 -0.9247851483389911 -0.4847960527217761 -0.23677602058456496 0.05915544239071071 0.04741086343613536 -0.06817793578640163 -0.1551784221062583 -0.15137831897266463 0.023434456807041305 0.7988508078693254 2.827795647362771 2.781514785745994 0.5396527491622037 -0.1661159492218482 0.0540711276519142 0.004958238917725537 -0.000017429286709976553 -0.0008708716385738562 -0.31465674438575547 -2.605385403035415 -3.152859275538793 -1.2486149068396075 -0.5537329633813804 -0.41516412849381695 -0.14051080388472967 0.020347570764147446 0.009367791834784242 0.020061628930761667 0.016553876094543108 0.025027231550538657 0.051226726819822516 0.09869620968138688 0.47689605348257613 2.423930477867304 2.0480919484658617 -0.2519068204159449 -0.17304424397156767 0.00038786640454145004 -0.00001700851341652381 -0.005941733876555478 -0.9371843943890185 -3.0084377878404256 -1.3269132998883664 -0.557950948794303 -0.5000337037659378 -0.29862466484377853 -0.14379745816740735 -0.05352877972866444 0.014525543987276323 0.07235068979274006 0.0782738760521194 -0.08003698011412352 0.04410145995062762 -0.06205535730563038 0.15436018186672157 0.6877340697886958 2.423785274104632 0.5444076121594342 -0.07321747054711773 -0.0019476326886226816 0.000011558499838581654 -0.07752121995768152 -1.2480308369788107 -1.4558064812313978 -0.34466542900554137 -0.3473217367219369 -0.2701739273722851 -0.12270084564800275 0.018984360443871053 0.04862652296925954 0.05463643374721671 -0.015746587259752004 0.05101111522440222 -0.0459746649467628 -0.23479488804392148 -0.5164968824514538 0.35446738336191785 0.09352340785190082 2.20903476230226 1.4422117973637163 -0.003472567642332159 -0.00040744619122055843 -0.0006515480473248191 -0.45292801218563344 -1.193305837458353 -0.05982023989004154 -0.433008165819308 -0.06150932290530148 0.17342855577260483 0.3399270942326098 0.374112034943236 0.1150745210859894 0.03838575591716536 0.027950956304599907 0.21233035970703573 0.11153386994792902 -0.22960048016585252 -0.3013389241248687 0.33173515694235034 0.1623082088348202 2.2731428249922034 2.1624602244947884 0.01793013076313949 -0.0007271635596135898 -0.002858451607049603 -1.063835457155075 -1.8783569824926307 0.25090499653868753 -0.4546091678658413 0.04326360659693451 0.3595743181937273 0.3441440878898078 0.10018763632680644 0.135077427597826 0.04866589125330657 0.003206104419513844 0.06407107255430139 0.12194438935651984 0.06999271657392091 -0.01893278956796353 0.19428319939634714 -0.1744817685636121 0.1258208873359975 0.8494398416674891 0.03285665905934542 -0.0005159794598975709 -0.00759567515274396 -1.106105037259394 -1.5746225257477486 -0.34315502680380294 -0.5423700001799555 -0.15532946599561187 -0.17439818092052037 0.08427968884985279 0.724693001142421 0.7885403606992798 0.44699222548423845 -0.04295240747833545 -0.14973494690586428 -0.017262563517339524 0.04067564265670944 -0.12607853078020714 -0.04759588225428388 -0.534694482622271 -1.6523850541558331 -0.7225893681024839 -0.0060841668845677335 -0.00012123690128774194 -0.008241479520787411 -0.4160301106371117 0.10087210765205712 -0.18522706555044316 -0.3408487335598549 -0.06808919194321596 -0.29187157151266635 0.23580458855620115 1.5730673674423488 1.2176857864716348 1.3124097781838662 0.7781043795628488 -0.005937171639865296 -0.29204741709550713 0.017033540221911902 0.07853928253508426 0.01982419909664163 -0.6258050117921959 -1.512150181638121 -1.4185941416665084 -0.10876664697864952 0.0001692271067857578 -0.012894122607593518 -0.5713609529125675 -0.9662970918359625 -0.13615421118860174 -0.11785194936072524 0.06653332274746135 0.2171503110493367 0.13221023106862723 -0.5942644636669554 0.042650148003965195 0.3762271295756553 0.7225062374523882 1.1933655766782234 0.19393950840510848 -0.023563869006772264 0.06274119039864043 -0.13810246747037683 -0.6153610696438925 -1.3492877360230224 -0.8693240816371087 -0.015683791821939394 0.0006055841353229742 -0.015621326378495896 -0.9718593120979825 -2.1559658018390753 -0.12796081872833712 0.10037471083763368 0.055491938135736246 0.6041181958609613 1.0997426774240504 -0.10597621648160764 0.029239884676774724 0.17966856709820786 0.14495159121966159 0.35565757425500627 -0.5635806901424774 -0.3581419190870039 -0.03267274140766434 -0.2870550280845912 -1.1185701999450801 -3.9463528588829213 -1.6897748917929167 0.04128534421672331 0.0014288264232102282 -0.0039612386484408285 -0.996649779526248 -3.1689617256334097 -0.24458278714063794 0.3683775873695829 0.1142482284169474 -0.10546724762865195 -0.47454839604107957 0.06445622739634933 0.18216547877304456 0.2098166592888353 0.006966359556169426 0.07237784420552638 -0.3017465726016819 -0.3336723327512774 -0.1438893491701814 -0.16575984257391446 -1.733304520886225 -4.386564413272569 -1.052497099264877 -0.0002671954081000115 0.0002377041153844485 -0.00041948754633906206 -0.5131242118007675 -2.096743132980232 -0.29820993087744263 0.6058828149723826 0.0453297137651599 -0.5013732062268578 -0.2599496605009315 0.27922127524689194 -0.7773794866055082 0.038517627904982976 -0.41399702767917096 -0.9441214180078882 -0.6241557144103039 -0.038385535266966704 0.009599084300472764 0.31880940021692444 -3.205015102424703 -5.321195088177962 -0.5324004144883593 -0.01576967438679928 -0.0003222682981955762 -0.000013170964172703523 -0.08636239251493527 -1.88866907418842 -4.075719486830787 -0.8448704661621822 0.21334356120960965 -0.29921399334883353 -0.08227200954647068 0.34084287660685253 -2.225909772573387 -0.6804201289588703 -0.07334288936318513 -0.48175017711446055 -0.5525372983878591 -0.20614480144024194 -0.12150195784468654 0.5322044454873294 -3.7362266197571716 -2.847018877619283 -0.1806862603765303 -0.010126849744727056 -0.00010591096077777438 0.000006492317117358399 -0.01059589760937957 -0.872262896549388 -5.056619677267434 -2.9381866842987217 -0.14994059981603636 -0.6659473800175649 -0.21027584165295263 -0.42206855606688853 -1.792399001973645 -0.3368032086850574 0.34156928319288715 -0.6261536430444606 -0.41040012925798935 -0.1216415751148993 -0.14347836885371598 -0.9873886844889961 -3.37201470801942 -0.8313463892556462 -0.024018633877206357 -0.011608213922485856 -0.000276825839494736 -0.000001508020205816984 -0.00015210049095333927 -0.13431591812259128 -1.4657198496831894 -0.7608783945645178 -0.8824096216210779 -0.8213761761866729 0.398345624314464 -0.6642801904165319 -2.459501122636582 -0.9498544501584322 0.7338936258492452 -0.6141654661987496 -0.3153688484750059 0.39868079045610305 -0.8535969401697905 -4.255743738232249 -2.9480114400803545 -0.10472710315023806 0.008282211511310958 -0.014043134909312662 -0.00027516174858133185 -0.0000015179304806802004 0.0003645635763484713 0.003988239101434784 -0.11563880823667894 -0.909157364676684 -2.775991824429626 -1.4292546972798068 -0.10333765505263075 -0.7338911693381648 -1.3900634007747315 -0.7866938808657233 1.6127892912920734 0.6308196625462387 -0.26776326332011663 -0.5811500752672385 -2.7045257720658458 -3.0774509170469204 -1.0844653716425157 -0.08483099307709545 -0.009177484191202994 -0.002930157774591968 0.000014091770799868055 0.000015837006187096182 0.001247839144256835 0.009184971923456733 -0.010061269661920861 -0.35765169418852566 -1.8392853311853994 -1.5923521127490796 -0.7009162906434245 -0.43848296293663863 -0.518042484101803 -0.5697071448920444 0.5225801052194554 0.676010221784297 -0.9146959786211434 -3.6034830902277544 -3.744101168822717 -1.1154686900983841 -0.10193046886354273 -0.03296968864237379 -0.011554310050226996 -0.0021945664663200427 0.000003673394155973009 0.00003196225528024792 0.0027782405426609166 0.012243636178465822 0.01125288167710492 -0.03521921809591461 -0.19197460332428212 -0.06898381609417238 0.24064276226003414 -0.32730181835267663 -1.028481877675868 -0.30828949328743116 0.08016025420320849 0.2239252098037865 -0.694434555371461 -1.5952061415303431 -0.815667679716073 -0.04319264973464395 0.014159607780465946 0.004193965128858653 -0.007122035650725004 -0.0041852631983531905 -0.00006647675535070622 0.00011036534765811802 0.0025068706912712074 0.003074571760677891 -0.004192655828902257 -0.018360835943903985 -0.014571060858111015 -0.001468778173395466 0.14429917223801755 0.07671405156981342 -0.041596344351129536 -0.030468573902468685 -0.018054835279824787 -0.01835838300379334 -0.10388396032250209 -0.12419127182179325 -0.02454897536413074 0.018150133921284096 0.0007525018776128653 0.006663944734501123 0.055993368600899915 0.014157702266336116 -0.000039793597567914933 0.00008519575513632131 0.0015060675522602048 0.0003393549160467684 -0.004178264185025396 -0.007168197480475357 -0.010873030396729957 -0.015165522151150709 -0.009285295142683657 -0.013239287324854921 -0.0012158187620058619 -0.014438586709908734 0.007090076833348929 0.04528057053194279 0.011125928362465235 -0.021689054690116245 -0.009338419970320887 -0.0009893140653694915 -0.0028499024776859425 0.018043830366355033 0.07722009385581487 0.02096598590270636 -0.000001945664908980004 0.000002383522172882289 0.000030781420910680674 -0.00001640552464274477 -0.00022352719160390443 -0.00047322013340828827 -0.0004413315330402394 -0.00025181683027136645 -0.00023569841228161621 -0.0014688713070579943 -0.0032296388809861104 -0.001594884844758098 0.0006235978172635112 0.0025820278529431625 0.0006734658049139893 -0.00037375590764213596 -0.000036771723902082617 0.000052377564953266396 -0.00014640060212275417 0.0012959806290089864 0.004870950666873847 0.0013189996040532642 4.719969886732103e-8 0 -0.00016091155892262475 -0.00019650114506179197 0.008283050862395176 0.0015056419946086394 0.0008701241927944555 0.0074069886891907355 -0.0034368730505533727 0.0014024892269701439 -0.004175609995227152 -0.00837956792673519 -0.003965343980577472 0.003097813071589321 0.0044283620730231985 0.0025396659243616983 0.00005279678417341156 0.00008177456175167909 0.004300573481770819 0.0073633238122558925 0.0014292161311074626 0.0002656849877856905 0.0000018471689199532154 -9.773213515236093e-7 -0.00436304393547186 -0.030532452264689598 0.13367567947864042 0.05056591697639128 -0.004152493670307561 0.010948076092342033 -0.21606269187820742 0.16392329112590057 0.019876848522004453 -0.25016706647035325 -0.09538675772541177 0.035466157825477344 0.17744888528394429 0.15183248137243377 0.05579486714821939 0.02229912146458812 0.058594990498340965 0.05148900480889807 0.024047961249131417 0.006812786201310651 -0.000017579496328942862 -0.00012041447180906614 -0.013156348916113147 -0.05801191219419002 0.11317053308432226 0.024679475770147768 -0.33670303119145956 -0.4305304243677688 -0.3517679737677669 0.24301778043442962 0.0836281561866987 -0.3742804004299597 -0.04850664882205088 -0.04216356439331918 0.1761540488464155 0.3813133800281921 0.41574010564472874 0.2667820217399101 0.019782925824009465 -0.2571214320701507 -0.022797952701191136 0.019609324378213826 -0.00013643639951725693 0.00016918502880187451 0.007418159964499818 0.01969946575143943 -0.03856969516622568 -0.6317774913928406 -1.2729579389165162 -1.0789531807649588 -0.47400972356071813 -0.27505624037099974 -0.0962710476496413 -0.10707429312848167 0.005580832652833413 -0.06511457690295663 -0.07270503496607263 0.41379094468615085 0.9670072808241005 1.4271668801574398 0.7244009022867822 -0.12617985819367528 0.17075679141098157 0.13571310521646973 0.001350234697068338 0.0005256710403124281 0.02087400829560648 0.027361076690916506 -0.5873239960460305 -2.323268347921072 -2.136106637702892 -1.0983579196663713 -0.3972753837353498 -0.14831828928354202 -0.02583563615756685 -0.18962859008590943 -0.026060496318400607 -0.014648876409473044 0.009144726501305296 0.3006950911035562 1.0223064646597328 2.6156013101089597 2.9526142020122212 0.5670654651446305 -0.23085834134932756 -0.024536419009538145 0.00106863743493025 0.00004398028430102427 0.001675863825449512 -0.15097082477523116 -2.0932994232419113 -3.562769093369735 -1.869349301775747 -0.5492976540316548 0.017272707173640295 0.05843213812554803 0.05774588951744089 0.017333238272180633 -0.028615924306611466 -0.09060346135286712 -0.1486551404462337 0.1060190747942573 0.5631572903273115 2.3655921833286597 5.31930001955748 2.5575442006615923 -0.42873633732636013 -0.31222905660852457 -0.004246148681630659 0.00002358857132126351 -0.00032673659127621386 -0.7771156797315184 -3.6119970032749813 -2.181079049966215 -0.7483120249410359 -0.4981655577570915 -0.017549267602381773 -0.12124230312103788 -0.15072863348970486 0.07903159204155753 0.04338557677185881 -0.023052064368116385 -0.06712572588740029 -0.0782682708159723 0.258957602786608 1.2663309076744529 3.8635008878233053 3.904354455857779 0.5105472657601963 -0.11233574220744634 -0.0038333204483912793 0.000041311478770860256 -0.020442913281667537 -1.445016873734256 -2.8384837641279637 -0.6215098770782264 -0.2216984747324565 -0.05283034865014927 -0.07791361481559889 -0.12248432627188331 -0.13628629338443726 -0.08662182487560395 -0.08621717596502448 0.019039866298703103 0.03498799504459933 -0.3013627813813847 -0.3873395134906755 0.34969922007236315 1.2934491564673793 3.357074981378412 1.5306412539813954 -0.015071478091953628 -0.0009168392358438012 0.000015519292801035765 -0.2042539331498989 -1.4403809424495289 -0.6391338837754205 -0.27542719127480125 -0.09607062661936167 0.09317844381980142 0.07517342586741911 0.14878713294187781 0.16779173959515506 -0.02979651915968227 -0.09921422616931638 0.17367038663065504 0.057963662690926704 -0.3777856728516924 -0.022898925462765823 0.47306783993994783 0.12241904915279667 2.3910796622286594 2.083039690384395 0.027690847729578482 -0.00018702903293676143 -0.0006249674659963382 -0.5718483143171199 -1.770060092420811 0.4237862712807414 -0.26337376891083547 -0.13110262140298853 0.006065807841688402 -0.01479997709758225 0.08199045330581309 0.2261503284389625 0.21567788456235334 0.052946522252102224 0.20183381839551778 0.25372691029865435 0.05464772776487732 0.4393098080096221 0.5809617201343729 0.24672180477386726 2.80398336651378 2.3774397585262466 0.046535261532234154 -0.0001127295372329805 -0.002186548925629417 -0.4424547363217143 -1.0215051065248497 0.1825515440649189 -0.14625112698019274 -0.08956912034284796 -0.059653838361669806 -0.08215541882341193 0.1768424627690009 0.2842145256200497 0.39704668591429476 0.07804300864226243 0.06306706467619703 0.17131481206928947 0.06865180529587245 -0.015764944565796885 0.16006913870098533 -0.535488530307567 -0.847885888964227 0.11364804813017787 0.02092827352899732 0.00045633255816331623 -0.0011419982216557309 -0.09705065229801539 -0.6409600308376375 -0.3278079644014869 -0.16757927546371854 -0.05920159036914291 0.015970559581370978 0.30846938781978706 0.4496023388505121 0.31007302521912716 0.4049269873501337 -0.11549305216644411 -0.15559714998536125 -0.33731628090317206 -0.09691039674545382 0.18896383731912778 0.15016665598200696 -0.8647636626516529 -1.9382196812083967 -0.6204505938342285 0.06456376998569224 0.0014121252024355743 -0.00044438817473879666 -0.2460166878559748 -2.104231361665627 -1.3456379464054595 -0.36548294386350094 -0.20900772347394492 -0.059345190418871506 0.12892056820416267 -0.013216986572055504 0.08205143387942564 0.13671605664885259 0.024876802786226573 0.07147100267950794 -0.4692247401123429 -0.16879180117494139 0.1711366176359278 -0.0664687302635471 -0.45491653755369854 -1.2908020789422654 -0.8730066305638671 0.0020858169036654392 0.000886543693865024 -0.00021961500263519248 -0.24287394169448437 -2.384178965782315 -2.0962201169530936 -0.33437064282097956 -0.10149606170720969 0.18142307473951935 0.3408456905101109 0.012533928234629784 0.05426304048557295 0.10077326962403482 0.04055527096182906 0.07856437257451095 -0.24700312004663927 -0.19181183421014408 -0.08093639668158106 -0.2771441164014553 -0.4572188310537012 -1.230009376321325 -0.5986584508843942 0.03446767485509856 0.0011111614802556547 -0.0003537760720610938 -0.33653651466230855 -2.373639220451717 -2.1410600566771207 -0.38224595069375666 -0.25022785967943245 0.01110637875098317 -0.19609157205079053 0.01432672956074428 0.14712119475644725 0.019762889470429295 -0.1031260611168811 -0.19381136382673184 -0.16102489696331454 -0.1678326220563943 -0.22640542524186869 -0.501823242591434 -2.063422633613242 -3.0345216734717586 -0.43022636092626565 0.010512625066269043 0.00006943331399839507 -0.000059136809030559855 -0.1651087047956177 -1.672987830409908 -2.8232059026219383 -0.6023686926811129 -0.24652779134506234 -0.23631528915861091 -0.31838650994853046 -0.23330149141675333 0.006069227578848023 -0.03783155449382656 0.032532898337961615 0.23030683296464277 -0.02451737052717916 -0.12601840731739844 -0.23260169886506415 -0.5578252078870611 -3.4753624307819306 -3.1999066470423014 -0.1519468164137611 0.005645333399635472 -0.0000013449063954993878 0.0000027896857765909434 -0.017911677571850273 -1.17177661067049 -5.552259825622987 -3.085423796973736 0.04542522602374708 -0.21355449319250885 -0.043287869258732015 0.1897231861278926 0.11002082155470379 0.1601688626307627 0.26823132031438696 0.5729681593619186 0.1946904886810213 -0.19726827229429275 -0.3846567340855818 -0.6931352699223748 -3.555432492244335 -1.4176566124000831 0.004530666616486819 0.006181001614056457 0.0000577138208419613 -0.000009912709658659393 -0.001156663751383867 -0.375557978219001 -4.789808224364603 -6.250336203547315 -1.3171678821626993 -0.243109846134741 0.2266574813204622 0.16807675509445688 0.020103770533149434 -0.014937915558081077 0.06523339912593527 0.17344959788720105 0.03954051437725064 0.05367143885066102 -0.2949881724068205 -1.8419255625952566 -3.0089175740614467 -0.40490014055108686 0.03700949587642163 0.003124786667347341 0.000029662790132528668 -0.000017853182784641294 -0.0008942725540016094 -0.03263336716616004 -0.9566845674710225 -3.692448329977343 -4.000030853195027 -1.0386335865460066 -0.1536818463602317 -0.6785030967799418 -0.6601841030738401 -0.38808323352469803 0.7144211013629607 0.7827785847582172 0.20647201928473155 -0.0956934349841476 -2.2143123485195884 -3.3735162494085036 -1.6047122488384344 -0.02931310979145597 0.018654104392311088 -0.0004912379843418969 -0.000007787732761657252 -0.000010678641913251029 -0.000537170272689561 -0.0016395735473047667 -0.03666647254176001 -1.7209220437012722 -5.2717984895932295 -2.9094012948748627 -1.138317965315138 -1.723399981022533 -0.21117316325225594 -1.2517475656382155 0.3427136782765564 0.7695045155837563 -0.4745061514139441 -0.4813504543696568 -2.2518554267030972 -1.0065892150925513 -0.032353639801753396 0.038068970843189935 0.01102600026447103 0.002914853397008234 0.00007177003298650582 -0.0000035117162499978016 0.000404027778230249 0.0027595091599234367 -0.0031698929935099433 -0.34905687957285814 -2.3250109638269345 -2.5166842187024216 -0.6370846465837023 1.2483757780003095 2.272687720166682 -0.22821140366882425 -0.20253936111635595 -0.2789205848812655 -1.692410971728368 -2.620120768571948 -1.0739877167724534 -0.1088122397710619 0.010317718578663823 0.02242354859183668 0.005031325361054823 0.0016185720480541756 0.00004886620046701135 -0.000004449100523509303 0.0011414083047640447 0.0047391105191473895 0.008771228126712513 0.003387342755542943 -0.12764895146064922 -0.3254887876384532 -0.02159466745469435 0.7493568877677794 0.6517663171943306 -0.0564644054916996 -0.20064202155907218 -0.45075974435558025 -0.9625064740357473 -1.0501158195197455 -0.3630281004800046 -0.04711065751684724 0.00798196845096299 0.014765801090669703 -0.0007102837460770585 -0.0019043165895258677 -0.0000323839347786762 0.000024862599310234913 0.0008704349494845136 -0.00039043522888527283 -0.009548848297182914 -0.010843273580149804 0.01162318543860528 -0.0034774008850910884 -0.040626299955398064 -0.036831632598727716 -0.02264880688289023 -0.03136513127284473 -0.06992492214845875 -0.022109191852180847 0.0193898647324096 0.001463814401690901 -0.043499953955783155 0.00268450236448247 0.025213412544207038 0.011476088566827265 0.0012811060066064961 -0.0019260744619785267 -0.00005191966393044404 0.00001784664173599919 0.0004682346597633326 -0.00019504612845482747 -0.0034765880175503176 -0.007796573704907427 -0.010297050755189085 -0.015701498131565697 -0.01998504779984974 -0.0017485916857957636 -0.005991872708253109 -0.008242306785587433 -0.0116263179875074 0.043274240259251515 0.04391996750595237 0.010224314612195652 -0.004019038618465489 0.0014936235226059445 0.0023639998752431027 0.004347562542731331 0.0037168783580338338 0.0004126925169123763 -0.000004195030723705161 4.499825421050198e-7 0.000008250167333597986 -0.000006921608552501174 -0.000126428896905112 -0.0005704938104664471 -0.00040958895833403947 -0.0003287835048017226 -0.0005208103888937827 0.00027111982831858067 -0.00009126409138185967 -0.00033960712558326554 -0.0001341614573613283 0.0033604582123720255 0.0021868199208189406 -0.000053495312082038484 -0.0001322422300305757 0.00007815113241910146 -0.00012275375962561693 0.00023844720152180218 0.0002828226611313569 0.00004598713462692697 2.545504821101387e-11 0 0.000014000527628214504 -0.002016367918140915 -0.016086678346326985 -0.010314925970422644 -0.004609030807719785 -0.0031397554956946647 -0.0022803402859301906 -0.002203374864861793 -0.0034273243098942793 -0.005430093043848537 -0.0013355682519406947 0.002186462657416807 0.0014549541770520966 -0.0007555626171596053 -0.00033652221680832586 0.0020588994483874924 0.006241348133144158 0.0081806249115556 0.001044450375414977 0.00010415462550458977 -2.0118356532354585e-7 -7.454139243621716e-7 0.001872198706813474 0.03640433724406201 -0.02133076323008366 -0.06242877011932825 -0.07448927409711814 -0.08865429063661581 -0.19118934139157218 0.020969729878361945 0.009503634190723198 -0.13723655565595233 0.0673333876898489 0.09717755326696473 0.16080231296235292 0.05104723773568444 0.031011478038795854 0.032398374410777996 0.10462949703830286 0.17274277725387643 0.05325030242810956 0.006617263714524404 0.000011847680588788804 -0.00031170138864154007 0.005762131152968116 0.15973632898550358 0.159687721151529 0.004321436731070053 -0.18447860965721746 -0.4352352737386528 -0.6596069989751998 0.09291634808410365 0.1941008383478437 -0.21902418802244175 0.2471544361424992 0.046691962384693114 0.2085704851135439 0.14084958909045805 0.16917826448767823 0.08786558055952987 0.0861433013865134 0.04500440965074934 0.03255593317193298 0.029761883191989937 0.0003953569525278163 -0.0008192498053412706 0.00504293055850807 0.11484610660282771 0.03994301839894605 -0.43861179590374705 -0.8100165448359217 -0.5876606943527121 -0.8255797943826402 -0.4057964451965369 -0.28400015215187385 -0.21792981299243475 0.1130067882336046 -0.0531673878644042 0.10424985466934372 0.6544452233444256 0.8420161043146281 0.9768685321678608 0.47813936284371333 -0.16388819646752323 -0.017861275641019598 0.08359331539760041 0.0014308452283469388 0.0001517614371821285 0.010302832070901642 0.01891197942056246 -0.4028069056625332 -1.705718089300074 -1.9124532591216026 -1.2579064150612653 -0.9385990578386955 -0.5386834999588752 -0.6230369665208285 -0.6011734813744906 0.24335694810423 -0.029981261013532018 0.3010334390724995 1.1493778286788536 1.8767015375531308 2.737916897824224 2.1951032727281885 0.28319613694481083 -0.15617628805036146 0.08407575399410272 0.006145589096049072 0.00005125724725124604 0.0026187840114134347 -0.053754891187167184 -1.468141385068939 -2.7890797304298514 -2.223980317712447 -1.217402179612793 0.12909884858823398 0.39623021843195566 0.43832063677473393 0.5622235933706076 0.24227985924482315 -0.17089265590208194 0.002255518228292905 0.7081222294134188 1.593201807360388 3.6879544387447263 4.95010935047185 1.8105792233518203 -0.1392152002165114 -0.07262289470881254 0.0017283412083757403 -0.000005178028336518315 0.0007804471924501356 -0.3287650329352695 -2.924025100944294 -2.853823440306269 -1.5099215106751849 -0.8028174428906597 0.47855160422292625 0.43901589127076535 0.11450686949427236 0.3559201590055385 0.21881200274194498 0.044018251677345126 -0.05659387862692232 -0.1367301313617198 0.950443260085721 2.3354123458655898 3.829406661761894 3.210805399390992 0.4141382940790649 -0.006622238478621732 -0.000029511938914427624 -0.00001360683758281377 -0.006974599144743112 -1.0325082806406904 -3.0583186046089588 -1.4443622585201776 -0.4695439579913776 -0.09543009003521905 0.03269747552209866 -0.024508776562957406 0.049100993124277986 0.06592800932147408 0.012121502726659381 0.08461393476860844 0.09090768552702423 -0.22774793831570284 0.37348142353605474 0.9970927000619079 1.8159707689994218 3.8878142039046137 1.2517246692422108 -0.018466472596579138 -0.0008601411869248737 0.000006670560367237037 -0.06709902654384282 -1.6825349411854353 -1.6701647893248925 0.00240320085016356 0.10695184146207148 0.12987981081823646 -0.22701170820526173 -0.07119627907994372 0.17636124949700033 0.09423365374599747 -0.10480470240121988 0.06983400013558068 0.004605926475289333 -0.35913759788607513 0.1384299651090767 1.4764118490734954 0.32201403645102056 2.914493180466458 1.6513516628929878 -0.0032560188214191335 -0.0004409768797935379 -0.0001125493952178751 -0.1303523834545803 -2.014921665135829 -1.1573009122999398 0.1313532499752314 -0.08161863581656957 0.0031973249194422325 -0.17074575840184375 -0.11953770451634116 0.07816253589858639 0.09091233638375494 -0.03585235146261907 0.14285519496594112 0.16912356571674264 -0.018221365036222004 0.3811679627700351 1.0923553047261758 1.0361596212898427 4.312182038316088 1.8635475046322538 -0.007053340003607538 -0.0003212103593552311 -0.00013712177730578384 -0.10919220846122772 -2.436430857492188 -2.6726648981111945 -0.16787217359399983 -0.02926801255646508 0.18602448765790022 0.13058167474984142 -0.06264605280808656 -0.11421326116934134 0.12028942723826457 0.06014803828838498 0.07489540144195118 0.30462013382444875 0.20332870056341631 0.15906472459007148 0.2873754545687948 0.37511199436241455 0.6210053587330104 0.36505656129409747 0.009832241092971613 0.00018261034268068975 -0.0001014278870969615 -0.12535136319562404 -2.3294515196506875 -2.597006222550531 -0.5294438649556888 -0.08901562237868328 0.3212633073699586 0.5593859001721272 0.3358137372246376 -0.041028090294650425 -0.10043464050734273 -0.12423910131454188 0.01625399586479842 -0.009261811143153475 0.05040056400366666 0.2118199183940895 0.22060977284641595 -0.5391784128751648 -1.1120205758948856 -0.19933039047607345 0.057823100303642974 0.000830058194409267 0.00015664043163747817 -0.10417994477566161 -2.111349771516697 -2.990092070680628 -0.9350725614205582 -0.36722979369339137 -0.13338526893086688 0.07734284750803667 0.07643731091789883 -0.010002058272318818 -0.05054553304202615 -0.09112872243455455 -0.15427802981568015 -0.502743272204661 -0.2469864643919561 0.20230956395363883 0.21086451070139994 0.8985992900594524 1.0134156227714515 -0.14025486700771322 0.022779925538521185 0.00044219042030685873 0.0007610334515733191 -0.04805488855312113 -1.9656793798598113 -3.9395962742807225 -1.0709886238388309 -0.2505054678604726 -0.006609712191393261 0.2562617147080483 0.17831594589171154 0.10641786402438352 0.09667532112036853 -0.05514514095507249 -0.07640020756385298 -0.503139392103389 -0.46174745302020254 0.303785643956073 0.3726297355853216 1.0656022565463705 0.7505194922080164 0.04883663759306813 0.0239279163799674 0.0004359810967134409 0.00025625825816242285 -0.014736357194715242 -1.116857950021347 -4.493078902045884 -3.23435430400668 -0.48793728076527426 0.3100463499454515 0.339057148374991 0.1914946150462327 0.045043719359546035 0.02248453408872739 -0.17454643929485075 -0.1848339899720891 -0.3295825671238736 -0.2651018985114204 0.2755233073016062 0.38906291654442143 -0.18351529926986268 -1.0355836514823973 -0.06789755518606663 0.017618593330114795 0.0003273740643225826 0.000046217941463195775 -0.0018833453059081853 -0.6035002894509551 -4.626630872393847 -5.371464166975224 -1.006170483441407 0.13979770042941736 -0.28554026984473885 -0.39643847224371814 -0.27449784482215234 -0.2525628403827909 -0.17007280522809373 0.09916339214796907 0.07474895433518262 0.17232247543905616 0.3356228287029312 1.2890363873549677 0.18932428448451183 -0.8915548419966216 -0.03480124728074991 0.0031782843794931964 -0.00003595967703211677 0.0000035815473468887247 -0.000068209937753688 -0.264820710950748 -3.2539927864393525 -5.727498515508216 -1.5624693353937107 -0.11102702190560497 0.017729795015455074 -0.007096945265575804 -0.11756112393108228 -0.08864288304168155 0.2565058510417233 0.7644319166505709 0.2718885412058722 -0.0431159905045301 0.03353554190927559 2.3710850048630987 0.26815666273063654 -0.30529677373400305 0.019839964756966262 -0.003070700235867855 -0.00008280694480514235 -0.00004540707208136329 -0.0016781422395902494 -0.06421746877725118 -1.710580791889296 -5.268705172702128 -2.9645350989963903 0.09558231286284317 0.5036214231681031 0.3786659122271649 0.29808411717886024 -0.05213367707872673 0.1883653035646449 0.2788434380977146 -0.12994484579970192 0.1466781973018333 0.8197390014924408 1.6199429989562133 0.2982377584626208 -0.053294874675034104 0.02370033247473493 -0.0014359432118969681 0.0000231525681027762 -0.000038536107523029534 -0.0015035145400973699 -0.005856708031196766 -0.32183007833517474 -2.9990550741027566 -5.069150493892099 -1.4898870289338837 -0.2440636348755516 -0.7798000320961739 0.11761081551847101 -0.6746879164988314 0.4435445053842075 0.3901134985046489 -0.10900586481502435 -0.5947390987625503 -0.33463835383886237 -0.28994551328612816 -0.201640720334201 0.007154028346046985 -0.0016829640009157888 -0.002269512836050918 -0.00000642683764772788 0.000013482175922612441 0.0001017230469092314 -0.00011989929035228419 -0.010405043594105708 -0.7534333091784019 -3.544302189340233 -4.419930257612305 -3.3580402637801225 -3.207879947789197 -0.7715192273850191 -1.9456414474432449 0.14541672826322233 0.5457844549456771 -0.13922907368854934 -0.4092961668987749 -3.3889585361666734 -1.1742058387561534 -0.007201150782849614 0.024327428058362525 -0.003620104677510649 -0.0016108830359041848 -0.000006202997802771393 0.000018712235944526852 0.00031886555976601 -0.00012662835370729338 0.003372603031268776 -0.03233973835494414 -0.5550461221513495 -1.7684741308344452 -2.565492378420617 -1.1611847661032308 0.4821313842353981 -0.8326765193379234 -1.1378881687655162 0.050001572660642556 0.43670200023676287 1.0205071551235978 0.13491505031100154 -0.06188577628754662 0.0140863058978211 0.014040088624375339 0.004007230311276481 0.0011968933304298704 0.000028675030042770388 -0.000021927594375717503 -0.0023313239023700317 -0.0046482751577435625 0.00334800586570779 -0.002729251592784195 0.009099529816063788 -0.10235960018189513 -0.3650568797316876 -0.20325238369590276 -0.001711751497287764 -0.18026483831101425 -0.38368989670979814 -0.3226631797688168 0.016918534570201132 0.13972802014094368 0.010485586498768707 -0.0023759865608480673 -0.007042600034347648 0.006538387698022546 0.005309777855672779 0.0010573126783958303 0.00002869719082030334 -0.00017185607111542682 -0.06266313107023765 -0.15830520585386687 -0.030275496496369687 -0.006902769718561082 0.040821593149801445 0.009022782811383422 -0.0921660434236947 -0.0534891821588891 -0.01719631082567034 0.030829089225109504 0.06537567090776224 0.10317183197401977 0.053632702989069365 0.04505066259678589 0.001979323536773255 0.004944158640502882 0.0019184668378038755 0.004847344787954682 0.003959469813615658 0.0003514482080162725 0.00000843560753194355 -0.00018717978353532627 -0.07422004035141332 -0.18752857329599817 -0.03139269195696676 -0.004775879478130309 0.009307382001648967 0.0014683458855676522 -0.0019660113450522803 0.005037867591170915 0.02018908055983711 0.0786374072373796 0.04978019279779199 0.06474169096556483 0.03114798310727768 -0.013115200199560417 -0.007580172635226786 -0.005161914829026152 -0.00494424681658544 -0.0012791090721417213 0.0015070576012091344 0.0002146346635727596 -2.715935726260853e-7 -0.000010821051309448444 -0.004324070466363888 -0.01091429917002295 -0.0017672334468425087 -0.0003143336380111752 0.00007159806603957554 0.00011194714201341968 0.0011146090155912205 0.00012361143411207927 0.0011353754842192444 0.005253747678458107 0.0022797119650987195 0.003465878387866448 0.0016535942610873024 -0.001469166428018181 -0.0004802639722918864 -0.00041456067923353824 -0.00038270058840834373 -0.0000909122255692576 0.00010809148984460863 0.00001923158108189625 -4.682434026567363e-10 0 0.00011770859505711631 0.0036026587554830966 0.0010351743743967686 -0.0024161157972733584 -0.003961914952404768 -0.005965399781504105 -0.002866368859644661 -0.0024201061796299984 -0.0012059258388542713 -0.0003299412193446746 0.0013391969598432504 0.0012416114525702258 0.00001946283306078348 -0.0011701175965238171 0.0001682317949634742 0.004627726376031691 0.002500671959119591 0.0017423836062706187 0.000670722431662094 0.00004540658303919869 -6.009282432561802e-7 -6.317053281026205e-7 -0.00023489193376976207 0.22551579875441516 0.3931585860588397 0.1126384981635242 -0.03749829530423538 -0.06151110826925077 -0.10702289263490929 -0.07595719044983573 -0.04517599716691952 -0.052710500027329216 0.10205549031679807 0.06262901629438715 0.08601914689667087 0.003973239286811213 -0.015225906044926041 -0.022254632302952104 0.07604915467423155 0.1826941391959385 0.0675265618021377 0.0018553913872132656 -0.000015107444191346604 -0.00032911076758455546 -0.030033794572397594 0.37768804092919833 0.7779590346881423 0.25859152515500855 -0.031213443580140315 -0.1770472218373197 -0.5414682532084342 -0.3255013614306615 0.13610637977267487 -0.004805506961516523 0.14175454893563486 0.005120344169139297 0.3188888630917486 0.0980137450350836 0.1090761141489304 -0.016851722204978683 0.12604406634770055 0.4246426527490024 0.17685842410260952 0.010443864331555072 0.0001471683828279449 -0.00037081437712335535 0.0018613778326737535 0.10340758223246582 0.12465131472139382 -0.0947480549287783 -0.4367552929127727 -0.5285050203520032 -0.9542606122002651 -0.5352464409291372 0.044448949016849995 0.1406145618564435 -0.11334849145077502 -0.06715016191226078 0.4418428215706096 0.5730414462836236 1.0448642145923566 1.287682329176613 0.3371598727946723 -0.03855130919981832 -0.08649238919089143 -0.003618598235506839 0.0002449166281548969 0.0008619600988002104 0.033392259001483036 0.0486133738819474 -0.11779722396099315 -0.7495307174748638 -1.3146128643703157 -1.261123747768937 -1.103912937841426 -0.42196945192192753 -0.5020338901817847 -0.4029541907692625 0.18212794429372847 0.04873629952676303 0.44349754051390006 1.111447229926477 2.2345534724021983 3.333871336210193 1.7040594065779304 0.042341853492522175 -0.24454122953868707 -0.0038895551665936463 0.004391858276357073 0.00006784931031642366 0.0026437307781572495 -0.0005352659291245219 -0.6213611398375166 -1.3449482843802019 -1.6230549575366682 -1.2964310164927866 -0.2609737892196202 0.10808399175119675 0.07595024038921588 0.535140292934467 0.4622352909742555 0.11817462117210763 0.306681181300112 0.9633580644830613 2.057405790094967 3.5944240905106266 3.6082040737354597 1.002771449786632 -0.21452453346630043 -0.09051369701595768 0.0018532430849551786 -0.000019818553596331495 0.000017334490810355876 -0.113636737713525 -1.941158963855173 -2.4165695693156297 -1.5829829172630285 -0.9845547042445988 0.16667161396700184 0.32586689616839415 0.15327659304381117 0.514895794657554 0.36485734637147854 0.1831170635501418 0.01964655067555617 0.5410158532297398 1.5097055250448976 1.9543359405202638 1.999045851635218 1.7642050720138267 0.06710811701416909 -0.033752244918376244 0.001585893104551866 0.0000014074687225565175 0.00020415605094948195 -0.4078297889006693 -2.5510392424853463 -2.2493183321420167 -1.2703365344339228 -0.6163949975212952 -0.009196225818941941 0.04716988326443215 0.05399819783924309 0.0981028773201543 0.17833097236743997 0.1497868694577649 -0.036199612127718675 0.22881149681245383 0.7471086652355546 0.7258780796329218 0.9220116837202291 2.414548708820258 0.442011579377118 -0.021123706175385646 -0.00013802348073310036 0.000008924059259177861 -0.006102046272703816 -0.751694873539335 -2.0690458579083644 -0.9913646669212395 -0.5358338455961288 -0.21702740804703285 -0.16300784020102627 -0.027076687645601165 0.08533289702543802 0.08279288207583398 0.049893641875634706 0.12141626539328068 0.0203590167536386 -0.13630822870121212 -0.02613638567315251 1.1076095148659764 1.6617894230183818 4.003422897027169 0.9227973778434263 -0.013859541488364569 -0.00032829763168212703 0.000004919699356259633 -0.03592582165858594 -1.4061897965605248 -2.008451614568237 -0.2943867472156639 -0.1673189388044248 -0.04325372239064784 -0.15839332240429813 -0.1248382499209381 -0.023663788582716713 0.013995743830016873 -0.053930581499845094 0.06586529783452354 0.044973347869843174 -0.1919238898138636 0.1277033777290756 0.7856202315131179 2.5269322569466492 4.563052470637115 0.8757475770858562 -0.0017114368245147618 -0.00031936870596122383 0.00025822623209843527 -0.020104009339630347 -1.8258193559581541 -3.686297246506634 -0.4279046799638363 -0.1267387110168986 -0.03601238195503277 -0.00555670989373642 0.047545692931158796 -0.21906767909856245 -0.166430681119908 -0.0026191578626774147 0.012757132857815304 0.13388887345317615 0.2793554510125227 0.34604229959039695 0.16204543948247582 2.594562820003141 2.374385207567867 0.26009468392960305 0.013862750587698145 -0.00005450197971457876 0.0006331925712723707 0.02408574976546813 -1.309111474641355 -4.787594651679054 -1.7186396113239963 -0.12105042516111358 0.0637464745446209 -0.04774721414851131 0.13570981283875988 -0.158524427434384 -0.3773474989654542 -0.04307567584527915 0.06175892859025668 0.11086625558711852 0.31176955638581233 0.384660696290037 0.4548345528920556 1.7584891544805583 0.8270067935727944 0.16895799200369307 0.06831603910103112 0.0005718885142102306 0.0010446672151855428 0.025682177307205383 -0.7770099631115432 -4.535145039960365 -2.869157929452673 -0.25815812917660974 -0.04392597498835424 -0.25554186385881894 -0.33964178359178404 -0.23355359271428594 -0.16729110821043738 0.11960171407586308 0.07890726868172941 0.018873813239616677 0.2511091336567108 0.7930505538558948 1.3562966007332933 3.915009461081126 2.1025177025676354 0.15865921067215874 0.036108705010126946 0.0004452874475008082 0.0004700226582405868 0.009802947888786917 -0.48815046403493534 -4.0728256638867695 -3.907148904659801 -0.6808886057131674 -0.0038155857361020255 0.4151856974492815 0.08345612122581841 -0.0720800295233603 -0.07027174921932124 0.06545679126384821 0.057150113850870675 -0.07371376461487712 0.0791754623125499 1.1434947141995118 2.6732125721068267 4.182759280418687 1.323427788035029 0.013057589229582226 0.02652361398690998 0.0008486675137824323 0.00006208350067395609 0.0020112577061344485 -0.2299902859508706 -3.5330741077673755 -6.394423211834524 -1.9945493708873065 0.10458887334917859 0.5626724734757438 0.34284883768648927 -0.08336196185601724 0.019722878624838455 0.06524913805951625 -0.09086818472545401 -0.14365740142197042 0.22088250525300307 1.1002046942706327 2.0897854020670383 1.5018372117292538 -0.14620716785643123 -0.0061946929994617875 0.0684958530152665 0.0014687498808033344 0.00003469989672400261 0.0017336281143638978 -0.058031094759353266 -2.3965761119908113 -7.382273750503112 -4.165550601754654 -0.44458200527825253 -0.09288756468347534 0.2776944384062601 -0.09437557794400424 -0.20008700622653053 -0.141130975638051 -0.21947042583127305 0.1025027632359046 0.6798844395572854 1.7195821813750927 2.654434144265222 1.2716193181343878 0.014784853747335082 -0.05480508910901726 0.0030408749803083634 -0.000056961708728094724 -0.0000024792110843769414 -0.0007324436216305935 -0.0067081252210475254 -0.979862493807083 -5.7649502983525265 -6.096993900326055 -1.8725465134321901 -0.13310770189170695 0.5837691066704299 0.0988354238417078 -0.36909218333734045 0.08454979290566265 0.5318126294909507 0.42888499721944157 0.7009039008676953 1.323136672556447 2.166696998678581 0.6829322681087299 0.3713214681730682 0.07544444373497064 -0.008846142439237804 -0.00028160538563017627 -0.000021336006238273502 -0.0019437140849193515 -0.0032386172414784506 -0.17678215569267205 -2.826411892038546 -6.10764752619906 -3.9858108587798196 -1.0423821766241619 0.2785060767778584 0.424076964567323 -0.2759075822726802 0.25731100777045646 0.5280396966260379 -0.1444016173896424 0.7037895324862605 1.3348528094650371 -0.04979630304025347 -0.24451042298896777 0.12916129446743696 0.0933843794848021 0.001059875003188099 0.00009590642949486795 -0.000013716086840199166 -0.0007998905382411209 0.0028796904805580476 -0.00773968457537317 -0.911606021434161 -3.340361079895259 -4.163074459312662 -2.3807696402829412 -0.35915996726518884 0.5745385792973587 -0.7118658141699711 -0.0676840366961941 0.03857752427017129 -0.13923779067642741 1.1265731212801768 2.3260415587182557 1.0396309487462831 -0.21721784034927852 -0.03621371780386962 0.02771820541432337 0.004710812195874499 0.00014490362449475283 0.00006733045811630132 0.0024670106829989833 0.005991932772034332 0.004000122176496638 -0.13754157139047615 -1.108887721309728 -2.981141391834279 -2.859056828088909 -1.1048949683822316 -0.1311398437889933 -1.7675786854275504 -1.0457371735416061 -0.2040518738577137 -0.08171775364935034 0.733693211894784 -0.14982841442255432 -0.011887362013079638 -0.1024378894130543 -0.014910829257455188 0.0068334561820437975 0.002657588751163284 0.00008370824631122929 0.00009010261567522074 0.0026629936556564196 0.004745610886783142 -0.00010548319025317359 -0.008148881652146795 -0.1147521703369885 -0.7509702929019746 -1.4897505684318024 -1.2858582811290324 -0.1967047863152085 -1.1674277843231606 -2.2555076222888597 -0.785207111498014 0.13749316965138253 0.5049954602039851 0.08073138254327059 0.0162055829270955 -0.0044854412712407145 0.00024464545512098223 0.007713831346810774 0.0020855685147064726 0.0000378828907878985 -0.000005089007546923505 -0.005748381472614522 -0.010863850204224723 0.0024800218977684744 -0.009290417123459349 0.010398994806162541 -0.044112182661401725 -0.19980743891815209 -0.29971046139593815 -0.04320697799878752 0.047647526774489204 -0.2892237378155569 -0.2207739652719924 0.3596919680631213 0.36597913984381436 0.08548791654018727 0.024610778786110038 0.005255758650535775 0.007942285831511967 0.004292483075206777 0.0013397358953522887 0.000034573767393068316 -0.0005045548823667468 -0.19545450878102383 -0.49237774918621713 -0.07701224241899954 -0.0038461460614087084 0.031231586558687664 0.014272467917748798 -0.02517086323970774 0.03492753839289957 -0.0028595316081343964 0.1378328940142048 0.26641643225251915 0.22076597524755212 0.033661630721399334 0.04953711758403056 0.019851319112755752 -0.007332769249418485 -0.002010272407481007 0.006151492051595854 0.00230413422869675 0.00027686579715018587 0.000008506131808344283 -0.0005811149580562867 -0.2318636008173072 -0.5852671749147879 -0.09167167148184886 0.0012538191111568014 0.012908646246367911 -0.007449591002163929 0.010578567953046084 0.0063326905221438275 0.030327836391459095 0.1609515441145615 0.1796530219276947 0.16616299859944741 0.0418799154694814 -0.005756849951595188 -0.0031016094038969584 -0.014009129362040669 -0.004265270077878591 -0.0002461234027289453 0.0004955095983540677 -0.0000419614922131639 5.0632960349144395e-8 -0.000033732131001778485 -0.013503796807411992 -0.03409302115126865 -0.0053439876567133735 0.00019137620615853495 0.0004055350371000206 -0.0007819975222746942 0.0008074187099140549 -0.0006557217036924734 0.002151349819827077 0.010733503335937604 0.010063046880447435 0.008957808804617122 0.0020899854907663515 -0.001618457945189982 -0.00041883954066172964 -0.0008450261622237619 -0.00016867573256698667 -0.000049850395660579826 0.000048148266020718014 -8.56821875448923e-7 -3.5575106248503606e-10 0 -0.00002295661423481969 0.006622534195191053 0.03088325116931757 0.010390750469771372 0.00010823283176221233 0.002738393890493105 0.0048039247132124025 0.00013051561474103945 -0.0004016992189849403 0.0008587039405129292 0.0011239621373790513 0.0009883863666173432 0.0000187578010044636 -0.0009351490165021537 -0.0003930153076407957 0.0018728055012681292 0.0013331776809252403 0.0017086381526482664 0.0006132230927321701 0.000050406790304567866 -1.8410734525414524e-8 -6.989947815237759e-7 -0.0072949261083889135 0.12476030125149841 0.508141370008149 0.18565190215962923 -0.016035604909024358 0.017426664585850103 0.007095729768767368 -0.027139769756428248 -0.04704783889493319 -0.014783615613893597 0.04633592262938476 0.06627434751674716 0.0655851958576409 -0.014896138299347328 -0.044588980053198654 -0.046376045647472115 0.03384186526612426 0.059413684033448745 0.022137221715713595 0.0017577478417234176 0.000002584819260274286 -0.00011079872476194007 -0.03640985015885606 0.12433570916264038 0.5582729852513874 0.2535392501908428 -0.0027321412852567193 -0.01322353702600414 -0.16075994837663166 -0.18442301750077544 -0.11471488141662525 0.02866121768305909 0.11743822467015284 0.18974717324628956 0.2764645580298062 0.0045172663259054596 -0.09097028648875843 -0.132196409085374 0.033529192405108904 0.12515739595164688 0.05455638735400973 0.003910930708130718 0.000006085718687075555 0.00012895473856435288 -0.003681537848176605 0.019303775354599886 0.07035986096146218 0.03794344799833767 -0.13252799100403267 -0.48523304118595195 -0.5026748200250222 -0.1578654195620102 -0.02361038154104183 0.13782183946853932 0.0075187770337519595 0.17760816819325376 0.10519726985026813 0.00754101635413101 0.325551468654001 0.44488364593462004 0.04032583461359998 -0.026855583522258215 -0.04588530215017599 -0.005532731697854001 -0.000043356856919908035 0.0005352517828347017 0.018706232423005162 0.021177054015221665 -0.01968205871587266 -0.2506490042302695 -0.7737487327176465 -0.9728152323153436 -0.6341026024389705 -0.26430195136860063 -0.11361227345649257 0.03947634808377716 0.060679748023889375 0.05932693743093616 0.28603053931201405 0.6782222305406458 1.2672006628091381 1.679221179964601 0.6653618871210674 -0.020233123095517832 -0.2532070460304832 -0.09462726617620867 -0.0004339576725574929 0.00005015684978534742 0.0017639606672189066 0.0067985205399908365 -0.19084364104874418 -0.6957227258197227 -0.9271695669282289 -0.8177832125056371 -0.5460486430201408 -0.0823588908118005 0.06992753584307518 0.06749973319406699 0.10866472661904593 0.19446561042536703 0.31735807720905646 1.0898506517871942 1.668369606897211 1.9174099174636978 1.7162381049853583 0.3972740026321182 -0.19511260325610036 -0.08124324037904584 0.00035921737985146853 -0.000009214531703222145 -0.00023169020776042415 -0.014858761934816273 -0.860299312757734 -1.5098938952575678 -1.1646439941342908 -0.8710224095043656 -0.3495379686616546 -0.08493720325638265 0.16743174100942082 0.4392247821513454 0.14913598283483856 0.19202274638636982 0.1478619428239582 0.7428595181318377 0.9098112337961006 1.219729644347613 1.67902062166332 0.9188793791321771 -0.05019663630646078 -0.040850056119232696 0.0003811037198336624 -0.0000058235433912510315 0.00027215894158961064 -0.12096262680265421 -1.9332450842192674 -2.7563924450851163 -1.4645025856831189 -0.7418368687934707 -0.2241481894958791 -0.10603163830120202 -0.10594048837100627 0.2537895699572577 0.3876509119226958 0.10647721661129418 -0.08487157350546962 0.4051971931332716 0.41217431283249334 1.3137179586644179 2.075355956768755 1.259611533445947 0.02151372561640077 -0.02921840557488459 -0.0006055001348689465 -0.000005723334270344006 -0.00048461896002852876 -0.20382071575279062 -2.130983813988203 -2.853652064271978 -1.3962200397080784 -0.4489018409851811 -0.044270274418114965 -0.054052927077086727 -0.1861853429902438 -0.06965983758420972 0.21857816186617748 0.0912294518875498 -0.14194593883383075 0.26235353021981633 0.3996300227441626 2.361697216041047 4.503186909357954 2.5156964224404206 0.13685516009257187 -0.008027900030748885 -0.00011661015480841711 -0.00004845738996595647 -0.014723268600926811 -0.26729315512644825 -1.6974077871993831 -1.9998286916021093 -0.8215712753849697 -0.23925599453422022 -0.06870102391318186 -0.1599261864531184 -0.14329585844896034 -0.09059420766716944 0.008442921309241864 0.017198440518895537 -0.08446506054820724 0.17442486015166075 0.5072315542540609 2.0563077556601845 6.2164135049405305 3.8665375892774594 0.21046767228817126 -0.0019728737522387353 -0.00012472185419912414 -0.00011680278581216229 -0.02023997743086844 -0.37986969569498025 -2.1130424778096653 -1.60834756177548 -0.44110819874486684 -0.12489390882792775 -0.04603093211617267 0.0404386844619643 0.009961389599656837 -0.15766857923052371 -0.10556109740092277 -0.002814324717737852 -0.05529662833175402 0.3232961977416652 0.5004418813096074 1.9788249383503986 6.18086642876261 2.798841697155842 0.12312728902895706 0.01321560262533985 0.000014788178603684427 0.00002918638021530325 -0.004806684291334986 -0.35111906592931924 -3.0927725271646085 -2.9204027365274925 -0.55924871360039 -0.06877820119412915 -0.23026717354245177 -0.018446191506722016 0.09724950249620912 -0.2295540318610156 -0.19136332291950886 -0.0844542040228832 -0.05654352857839891 0.3038377714918574 0.662029659690401 2.9544627379422557 5.383963150313501 1.5957187810561713 0.11264620691584867 0.06678906057855843 0.0005348132814668026 0.00016628819621395373 0.010734872670382874 -0.11903799160393948 -2.683443456679023 -4.354377805609144 -1.1910622618771523 -0.2846099208740038 -0.21301472378072497 -0.21656903476982667 -0.19237587785328641 -0.11021532561270912 0.10186653851694302 -0.1429896995802135 -0.23576212255237086 0.08690879100664978 1.0405973827859192 4.06630021950991 5.404843986161043 1.118281021280503 -0.029322786798890277 0.045345228889608104 0.0009891270471778244 -0.0000214029701654467 0.011217053951808581 -0.01700078533914834 -1.9206048212885447 -5.52517930583244 -2.6181962678450406 -0.3854924267915597 0.025923475090848067 -0.11863003610065843 -0.10380076341456479 -0.1115074980282095 0.008453402573479546 -0.05657995189589111 0.0853718433525334 0.3811822605299898 2.1228610417560856 5.999763592784964 4.753766414017399 0.5080145981248767 -0.12202019751622603 0.01921195580197517 0.0010104921414383031 -1.8363059631556705e-7 0.0005653166728130512 -0.018891881558463317 -1.1732480397547815 -5.8010785177494615 -5.471127163274644 -1.0723850592180366 0.043852003792256455 0.19556593894964566 0.152843728576578 0.029801423456737353 0.03286232301654713 -0.004719357024622191 0.1911973263627193 0.8093264700269024 2.843307883244296 5.194178168937248 2.291233417779684 -0.014831913254966649 -0.036451648156611546 0.04480628451597148 0.0012212284084872232 -0.0000024343972197782667 0.00010282859379037432 0.0004272538062842861 -0.4240727968884773 -4.273504803982565 -7.456218641055903 -2.4220549764661916 -0.35674265543252315 0.45362065832658566 0.3914281614349899 0.0754038262845118 0.043073565568504786 -0.06268464152768138 0.32569748053950826 2.2521485217525474 5.490238851626738 3.7281840254705516 0.5829891513957571 0.033287025743694305 -0.02258892478923212 0.0068237401108846305 0.000031934245046974014 -0.000019322483616169608 -0.0021674994502900577 -0.004730449465870653 -0.12230901778201202 -2.3422781777322146 -6.590089567595868 -4.590028506267198 -1.2870731630933847 0.14846681870548303 0.2568163785620562 -0.015022143753566416 0.08439242334537198 0.3840717854051995 1.5630960870101374 4.258443362425281 5.662968589107406 2.4572524982785753 0.12684573819494332 0.28884172838701505 0.04786945578002558 -0.001946746942378168 -0.0001672356165439013 -0.000015434455650048926 -0.002089821092900572 -0.006868175701692812 -0.0068306031895157045 -0.6200332636270559 -4.008745179660211 -6.43100383614425 -3.858043797761395 -1.262431508425978 -0.16739095562623396 0.09734959778214156 0.5446359985356203 1.201707447635772 2.3055990598705103 3.151583079848175 2.092391143376457 0.12709124939096444 -0.12338938729832193 0.10449545689366553 0.04540249135380926 -0.0003914589273416029 -0.00007850807714156945 -0.000010553423956077246 -0.0007444872619112579 0.003013139865043185 0.01722020156131681 -0.07921205178790959 -1.1939213508972684 -3.9048729870307457 -3.97816693388277 -1.9984843398616032 -0.5755013097268155 0.4440374035636614 1.3377173042126789 1.3408846839171455 1.8105166777467814 1.2242761952546564 0.6601592029022846 0.04415579156621518 -0.11208993586367107 -0.013287452688366029 0.017949213571651502 0.004738074367484428 0.00009642839329909817 0.00003099071252930793 0.001696450824761156 0.0032971249347580334 0.007484148829479815 -0.0020873837004071116 -0.11079048251037002 -0.8222004949044245 -1.4045071603090262 -1.116583351146424 -0.7429217745901144 -0.01511616562396374 0.6480241541511682 0.7778171601947214 0.8696592778072154 0.5429000419266312 0.10898691055108568 -0.07030343392644402 -0.04297344311844374 -0.003897935896881529 0.0030565774792479577 0.0018302203908478934 0.00005783018581388347 0.00003576589465596929 0.002483090287325522 0.009400882631208177 0.0004448049721797674 -0.008127887649248345 -0.01671505703068426 -0.07976318510282278 -0.16912449149379935 -0.22938367148505026 -0.14771974564569737 -0.1697206413747979 -0.3420907993119938 -0.1824783749197805 0.2148461808686676 0.3188598301140177 0.06474351623440056 0.0004495728077407987 -0.008964483081191871 -0.0004096383928085352 0.0014509184328475584 0.00025766778523491317 0.0000064207113980294135 0.000001404463629406806 -0.0010946037112885526 0.0015127559479671234 0.0047837262032219855 -0.0028986539929096635 -0.0025619777390942186 -0.009251389087291147 -0.013674449583500397 0.0013167949602677382 0.05564193894576713 0.06720293545875215 0.00976687202883959 -0.0788622642618937 0.054197077396433826 0.09515776322999585 0.030641192044016753 0.006038194213735102 -0.00017760028339305081 0.0021172934970341718 0.0006763352680242761 0.00037197410279500283 0.000013805181286376028 -0.00009659794842088174 -0.03793701375800324 -0.09603459799409889 -0.016737774903835958 -0.004731146943725211 -0.001248726233001667 0.0053402992405352755 0.008198630221043474 0.04115501011686009 0.02886673327627158 0.06909909542907694 0.12281390754749696 0.07843587621526006 -0.013402897015180305 -0.00218895328980959 0.005049241017211514 -0.001493792603753407 0.001829400784413576 0.0025628051689021245 0.0007092512079980242 0.000010445188766051966 0.0000018887285964286184 -0.00011275930282069825 -0.04521039312090092 -0.11522595043358902 -0.020403268832999383 0.0005303787473773312 0.0037937566834722416 -0.0013881946923751426 0.005353700351456036 0.02123661593308874 0.022184946313733984 0.06675739671273946 0.09581683140347567 0.09057776639722721 0.007674411876407708 -0.010622038271767118 0.00016771955916783843 -0.0005530191991798173 0.0017775396296945032 0.0011814953975301532 0.0005685129384798085 -0.000020006157279977573 4.929586911121052e-8 -0.000006560482888494243 -0.0026383459182954113 -0.006733840925345093 -0.0011668136673707737 0.00020541311772758578 0.0003760916075368502 -0.00021504295065309336 0.00017093067054723554 0.000982357108372915 0.0013166545644379781 0.0042628888865089195 0.0057303849485569385 0.005380932146120017 0.0006604511138054082 -0.0007566168374416001 0.000037467756118780115 0.0001413787475639047 0.00027289855126950025 0.0001264137831280666 0.00004527254640173853 -0.0000015725488886436015 1.3027055364885006e-9 0 -0.000044022158148115534 -0.001479383478513259 -0.00015000913476678453 0.0009629701311180765 -0.002428319877235869 0.00227915100944619 0.00353796205448442 0.000947379910509518 0.0006746489158011411 0.001107474243401704 0.00016781504818701897 0.00018444203839248192 0.00006656029365246163 0.0001844454421729719 -0.00001705894445598938 -0.00012834997010650797 -0.0029155589419761286 -0.0041540150674329425 -0.0004085327989896792 0.00002782569695451585 9.99913000506603e-9 -5.3085361169588034e-8 -0.002364372298388796 -0.09116901817186222 -0.1589421177981818 -0.0006569399614702267 -0.045556803195448074 -0.012782718740095613 0.017708729558761117 0.009820457712106916 -0.006486904409396747 0.007976954553002518 0.0022341451749693492 0.0024534481688954224 0.007230976357737953 -0.00467794978877176 -0.046169717303795654 -0.05263326082347516 -0.08614224864585311 -0.09983095681608688 -0.016410894448251716 0.00043542683191183005 0.0000016568704433565634 -0.000015488414412665972 -0.01049791629578839 -0.22853172767055804 -0.3014350831466332 0.02621764111836794 -0.016294808574714877 0.038039136210894935 -0.06537695367308713 -0.06873921676457284 -0.10314955154482858 -0.02450096680775845 0.014258150092066902 -0.004101387119193264 0.03253028673938557 -0.03201666282519078 -0.3195998044042151 -0.26217181987283716 -0.0950258599225461 -0.1655300408296613 -0.10953495378097707 -0.003914912202454931 0.0000043208624542273165 -0.00009349811173544039 -0.015054868293875737 -0.08413539303491951 -0.03138352651604727 0.06352546207329679 0.03268760279791263 -0.04013117962110241 -0.2938322382923916 -0.15729578018342588 -0.1361265952581945 -0.03627602256205439 -0.026072738141113858 0.03240391457634088 -0.06171893674674783 -0.005151850412270374 -0.018229489700674617 -0.07284885091411611 -0.03540275842442792 -0.11438254120450105 -0.1318032005104507 -0.01270344693948832 -0.00020413485773569987 0.00007644679936390953 -0.0043818657777158695 -0.013969417694628956 -0.020346595155295615 -0.016382816720011528 -0.2168223179394296 -0.4601339859706611 -0.16467065638659742 0.04264744446945002 0.08575927012791143 0.06203215728919821 -0.011668732057970657 -0.07245103870001972 0.2536451403192171 0.22895955071746282 0.3362187346700368 0.2779179079831449 0.007983000637341498 -0.0642331439622892 -0.2668568692698647 -0.13022681477661194 -0.00260781525552769 0.00004063621383648862 0.0012038493888155905 -0.000017943484695851195 -0.06695933581625331 -0.24531643740432027 -0.48925664913398254 -0.456969542156012 -0.21175216973414746 0.006821898883954869 -0.07462289080969509 -0.1625167670832107 0.00861934363201378 0.12474458131311264 0.6969059987932348 1.1705508464913188 0.7289925700432018 0.5485446901780968 0.2560458831167248 -0.01975889250293767 -0.36219653594085277 -0.20881706323948004 -0.002972473617393525 -0.000012473910932007442 -0.00034734166882587975 0.003378636493413739 -0.1592677230672622 -0.7490354351573423 -1.0730931102512278 -0.9328377618302689 -0.8909184134906023 -0.30302198188332347 -0.12881842623892933 0.06044324809414085 0.12175389043095818 0.1648627638640294 0.5659951516187915 1.1597970740070243 0.8037272126900167 0.8325851560236819 0.8693411684447925 0.1641385899212174 -0.2086081069954484 -0.13342312112473717 -0.001870943718862293 -0.0000028374611212210322 -0.0003810667596517996 -0.01011843590344821 -0.5998184977356903 -1.8609639881962554 -1.6170655393687312 -1.0822724561295534 -0.6914257038850347 -0.1391834519531132 -0.08823397496672179 0.0608060530804881 0.26313208397686144 0.05120956124039026 0.12225111796916675 0.6770590990422958 1.129678458142 1.895804577860359 2.0884287900804606 0.5206314774026946 -0.023442817223099946 -0.0163566471446093 -0.00034487424967421756 -0.000004430000327022559 -0.0004125683221960408 -0.009896515861495935 -0.7212591632296442 -2.3064552726182366 -1.7143801634796474 -0.694919817013704 -0.11560935772244774 -0.13334462685613976 -0.28296204515620976 -0.2188069874445614 0.07141608946619318 0.06092330924513402 -0.007383439892801334 0.38903530966682254 1.3870555511533078 3.6360363627645134 3.7905496590286365 0.8497586530903448 -0.012718967265746504 -0.006715833400292026 -0.00012379894351030986 -0.000011303631806770449 -0.0007369279991777828 -0.017089891443323707 -0.6761628961023163 -2.0261313085935546 -1.492935807863328 -0.3132495167829378 -0.0342170426314753 -0.2573711419662111 -0.40306650569294855 -0.08449386866672817 0.16006146253717393 0.1637144309689967 -0.01141850992282224 0.4479320098443711 1.60181035516502 4.654763348894474 4.793970149569089 1.1239431166181997 0.01653657735493018 -0.005260036081758531 -0.00010707161917530665 -0.00004591332384212913 -0.0012609337318875613 -0.026320524727575206 -0.9051460512003685 -2.498585126978322 -1.330997020151097 -0.15062834375010664 -0.1310926226080766 -0.16863686691202734 -0.3124294357589023 -0.24617519102627122 -0.028673629188213604 0.04097692658632266 0.12152248406364624 0.6299565506671484 1.6324393715433512 5.049323873397408 4.184318712901625 0.6948383017984705 0.0332561969536429 0.004894613886814077 0.00000449189140946617 -0.00003270168858423941 -0.0013153044100127635 -0.0105739515975965 -0.9936523820958796 -3.3280413813802276 -1.5711026189832729 -0.09933857118986532 -0.26514983802469716 -0.2940946752887336 -0.06521647081061879 -0.19193618965553821 -0.2120505534558762 -0.07116140972929609 -0.05549065392528755 0.1523626612567204 1.7601908833477315 5.674886761743122 3.0984818539786807 0.2956275942564743 0.056531103621890184 0.03142641585567821 0.000548718056052744 0.00001525124024290783 0.026666156469038183 0.09521605774008098 -0.7479933590917794 -3.7279159635783317 -2.5129065602958938 -0.5119169772789286 0.0003907237581288474 0.0803996034568401 0.095099357909931 -0.10173517265857321 -0.00321330696817372 0.0007221420870560571 -0.36115660298887553 -0.810798872241316 1.551647295926056 4.79706933593543 2.278328831029613 0.07392596871481022 0.030233220920289322 0.03145438519384987 0.0007249555151679789 -0.00007820001837947403 0.031070559620323224 0.10968294586855724 -0.4264699795162191 -3.4796849676611123 -3.9422295692317433 -1.0576337639629843 0.003745087241338495 -0.006268512237765174 0.008192843338324669 -0.047276653096861125 0.07814853202396599 0.013368662137991599 0.17157892289080903 0.7490949849208718 4.009823786562563 4.872007728282937 1.2258176206364468 0.006095134587544415 -0.0014138529551811062 0.012037389405631541 0.00015399906315930874 -0.00009254968509070714 -0.005009096830101767 -0.004850279640854 -0.1603277420264059 -2.4691040282158006 -5.758827624921088 -2.4597895784434924 -0.041388337987259015 -0.08407845616782458 -0.052434312943863505 -0.10615414566112874 -0.030630393879078916 0.14676084064080563 0.5692264860073539 2.095461608603454 4.32328470704842 3.092955162958126 0.4878477966970872 -0.004173789436889401 -0.00795209606570912 0.0028913699998501926 0.00010969479062591714 -0.000016968096198763183 -0.0013766724132329511 -0.0005594583967676175 -0.02199778331408966 -1.2230641137327292 -5.085640197750836 -3.639825008981125 -0.9045566372790035 -0.11293007859346058 0.08223143260550365 0.0734247905354092 0.21146737118850084 0.4547532956181614 1.168791512243754 3.726096778671162 4.848586390629164 1.3934640845033506 0.08488959564626826 -0.0006688806968555376 -0.0010852559391202037 0.0007883523138063075 0.000013638110278412428 -0.000017743928575415344 -0.0017422143317136023 -0.003929178856930547 -0.004789202937667576 -0.4124902046559947 -2.926627164411577 -4.365750862204686 -2.3517912233839575 -0.6430531578771937 -0.13706633814240513 0.24977465137511157 0.7779932574561619 1.5539441586405784 3.392977805738672 4.788003182976354 3.057733733812967 0.5847802942943143 0.0152577867287944 0.012167178616187243 0.0012166283052723924 0.00028593273487362454 0.000003772797426252799 -0.00001690602748730949 -0.0016477620074088655 -0.005201271516025958 -0.00028832662878759213 -0.0456742242190573 -0.8383949438695482 -2.976212565872072 -4.1253466968279735 -2.713981955592633 -1.1450650866197072 0.45816321994870224 2.1621059594651184 3.0043431853742386 4.053248056794985 2.869253113051827 0.7370306237379078 0.06606713538622508 -0.0021706974909822636 0.0034866417780637484 0.0008785950505469334 0.00047771096134679737 0.00000964945401961796 -0.000017937103001443544 -0.0013086686573482362 -0.0025424465682266965 0.0037798095176773214 0.0041928564164867834 -0.14325867657096414 -0.7636995042513608 -1.5793982145654 -1.735342984328298 -1.1139747955636117 0.48503965917993014 2.22376447326557 2.024933426825255 1.546915683189188 0.5686756102564694 0.1455659634876691 0.0254299969417435 0.001650515732952478 0.0012823933758735351 0.0026097364935951557 0.0016184189685630283 0.0000337620058163741 -0.00001223947254733031 -0.0010574172066454154 -0.0037049148761035327 -0.001076963328654217 0.002821085059849125 -0.011030405015079918 -0.04163790274187316 -0.07710273302610315 -0.2923744295305108 -0.3857688787242262 0.11963515389216485 0.5973254788164112 0.4630175787667418 0.1884813652315659 0.04569682402997936 0.027303960240752163 0.008390530541613265 0.0032697791110971593 0.0005185455389029803 0.0013008615922387836 0.0007910426524705867 0.000012778208455295069 -0.000005813259516444682 -0.00002294231397115723 0.0008777603757053364 -0.002072797985668678 0.00010143604269114661 -0.0009103629509371643 -0.00022028866570163467 0.009535966858799556 0.019029816338676727 -0.025367245322390743 -0.039296461103621054 -0.0023445380302569065 0.03564481062974359 0.010333877113315189 -0.0020889397999879285 0.007841921707505323 0.005549233849642502 0.0016361387223469144 -0.0005916095702867217 -0.001678616512789788 -0.0008617506831454009 -0.000020917659846164602 -0.000004023169369610866 -0.0002827481459600696 0.000011375396462169437 -0.00000998020627954417 0.00087615415477863 -0.0022406385773226633 0.0005432063957500869 0.001870187298493885 0.01349419335637825 0.017786443001764143 0.00817957330874176 0.009359350475384049 0.010147612112636557 -0.008258034655459589 -0.00962373577956551 -0.0011152741971054408 0.0016747463487333243 0.0006911194225514105 0.00019753845387635705 -0.00048494436115232556 -0.000207245989412626 -0.0000029539414526885224 3.057199481423564e-7 -0.000021521873203055408 -0.00125151441101006 -0.0011522890016450586 0.00036285354447475657 -0.003719506216441215 -0.0020631223119202662 -0.0008919810160011363 0.0029327343569097723 0.008066644983040504 0.008742780257274409 0.0065831098672547534 0.0013838624257391607 -0.008852275519531617 0.002450199127072567 -0.0006207696613119969 -0.003427144660413237 -0.000651419866748593 0.0004493614708609652 0.00011900162450662898 -0.00003555998687319888 -1.1386589646251644e-7 1.4093199228227167e-7 -0.00005043899400537511 -0.001458543090590565 -0.0015179356736692105 0.0002025187655569717 -0.0009994274995503343 -0.0013068173254478905 -0.001872411836437552 0.003177488575004849 0.0005970947314482256 -0.0033817131570442194 0.003171583204824132 0.005146572906245044 -0.01068579757849039 0.0049338733546317815 0.002062844519252121 -0.004933017052973111 -0.0007205796458630083 0.0006956428288950368 0.0002630043347810457 -0.000002371574371997952 -5.6000893926906856e-9 9.50804345663638e-10 -0.000008123396485797112 -0.00011143932409263014 -0.00009111924462570816 0.000012725955741936118 -0.00000761634374461792 -0.0000620358135880631 -0.0000952988151231035 0.00025804500229975206 -0.00008406304927260329 -0.00048142958414669056 0.0002573650315836847 0.00027408075346337915 -0.0007829423136440259 0.0006669495267891093 0.0005822485318167384 -0.0002859886447243106 -0.000009513419453178739 0.00007107353226916897 0.000017515727336553928 -8.486894637394475e-8 2.260400906264399e-10 0 -1.3774307066824413e-7 -0.00016087487942186503 -0.00008835372222056528 -0.0005183279367889983 -0.0030631393245191267 0.001553993736001269 0.0022345140234003697 0.000354669762950545 0.0003743019796839301 0.0005508556773364664 0.0001765429959674532 0.000023277898303948606 -0.00004963994372089519 -0.00014227733366540271 -0.00009975909247763664 -0.00009561035067718233 -0.003802515476896579 -0.005566323440925227 -0.000525091736428601 0.00004258770496261235 2.3903913808484338e-8 -3.584107433026671e-11 -0.00023131211144939768 -0.010535789231370376 -0.014794358536001457 0.006370399717683538 -0.026872183034773033 0.023697006773316254 0.03312427073399777 0.0008057107139968506 0.003506412593764788 0.009492797380268004 -0.0019705964074529605 -0.005089810236176593 -0.003278021660454172 -0.03479757156321976 -0.066612881293215 -0.03688681838896689 -0.07744946116277865 -0.12464010308398034 -0.003237495784392819 0.0012281849033104748 -5.033194210143968e-7 -0.0000023766962722562665 -0.0016300288686560778 -0.031130338564218353 -0.010679534613730007 0.016336267812155657 0.004246159059388701 0.10922189840162519 0.04682553317872591 -0.015289902910632347 -0.012253350100700873 -0.005963179748842973 -0.004364982401344246 -0.04399572732875236 0.011792524501147619 -0.0799197571908451 -0.281252145088074 -0.17891182548182435 -0.053634840854701715 -0.11978126456951067 -0.004608965256686205 0.0005250919023722384 -0.000004936541521611059 -0.000034066730528499423 -0.0030488101120914953 -0.01023033990833421 0.008561063641117604 0.01648571448048704 0.01500488724486695 0.0767688987824582 -0.01519327315170262 -0.03825191495004042 -0.004407713843340952 0.017567444884456145 0.01696378341945976 -0.06445046643299666 -0.021719599141428944 0.009791267774357747 -0.09023168743344276 -0.07072006662107129 -0.0028808215865121336 -0.050350208176699024 -0.07738641147284052 -0.021654563558973047 -0.00033419865318162637 -0.000015566124859982064 -0.002321130135273523 -0.005299523658265891 -0.023699767920937736 -0.020730481814885383 0.009582968011832121 -0.13124887489767237 -0.1577946499419053 0.023042325932736807 0.07470193225871681 0.07968882064069388 0.03425516824162136 -0.07186323042625668 0.08555459444353115 0.025836391640072273 0.0033358151866743524 -0.01394099674120152 -0.006996359490959329 -0.05038787921416909 -0.3208638097145398 -0.16926409053788288 -0.0032816214462122227 0.000004982707613758989 0.0006699922892598838 -0.002101075501962801 -0.04602411782368302 -0.061910588587726446 -0.14971902132676754 -0.4714183325036736 -0.3143146310163526 -0.023779246316698713 -0.08927824240736228 -0.09893971577265036 0.05409013268432073 0.023075767605022807 0.38390655255159484 0.4292759743006714 0.28943216445695685 0.14410171266450014 0.025384636317376454 -0.0400079510325205 -0.4333749781032422 -0.27142732290861243 -0.004849754537419654 0.0000018015475570101924 0.00042118552585101245 0.0001435338503936939 -0.010289127259414277 -0.14791362249680834 -0.6135420038869032 -0.8550443441147301 -0.7479993510348678 -0.361399895902904 -0.3652883578296682 -0.08444004946111802 0.1415874163580499 0.13248977898403583 0.6570246759160987 0.886340512169798 0.3951123189637455 0.2086287934413718 0.12188036534529981 -0.013280368661037748 -0.16954917264334918 -0.11030429348297284 -0.0017879081703069063 -8.598866807713384e-7 -0.000262394981831009 -0.0055940226377304645 -0.03512238700089394 -0.4067173281324939 -1.4574949781393192 -1.3255832845410935 -0.8478956823518052 -0.4619009669555502 -0.261317823685175 -0.06719166272966458 0.09007016181352777 0.07725111158802736 0.5055629579044383 1.0499775277058283 1.0629339517981198 0.710146137513074 0.37789273000235823 0.0362817716991372 -0.025867508392029063 -0.019384725884982416 -0.00046335209059329365 -0.000002252606653564482 -0.0006701556959626924 -0.0032582059828663227 -0.05768157574984003 -0.6504133038292715 -1.6116050176232815 -1.415404880313924 -0.8583942743576615 -0.4527795509333101 -0.2765109809128779 -0.06081969578240702 0.054397070057444846 0.0805511033073118 0.2467719469300669 0.9640085573251042 1.9826322610260194 1.7519417757013696 0.775348151667041 0.06642923748104712 -0.011944075047200148 -0.014540621470321442 -0.0004098826884531288 0.000005666559987410458 -0.0002608601199720117 0.0022515893001765924 -0.07663814481024694 -1.0650439088362134 -1.8519248717480712 -0.9321446859435182 -0.5052612219397208 -0.3281024378952251 -0.3722439919514557 0.011788341123470557 0.14839844137512398 0.2121729746270005 0.25612101204185933 1.2073781012617835 2.3802709556819086 2.414846887793176 0.9947709757478588 0.06100756277853139 -0.00037084964676015127 -0.0072443380090845 -0.00023769407925472067 0.00005973780805623379 0.002095887833285405 0.00035852267804698554 -0.18290275719749666 -1.6016312836952242 -2.378054474818399 -0.9979093771395797 -0.47619712270705483 -0.1663741252287438 -0.3568383833101062 -0.16272902433591374 0.019484711122997104 0.09085104478744169 0.36264132198293586 1.332562713600992 2.4814344941918955 2.8332252587111633 0.8537835703230813 0.02066796526483813 -0.00761862587179214 -0.004995431472201127 -0.00013802182339095936 0.000017422947467147816 0.0014385977640932253 0.006402988534258878 -0.18391052043692285 -1.6843513970361204 -2.008239228413457 -0.5146366862176859 -0.33854903619981264 0.02007927825305285 -0.09700422098616422 -0.1590984977046765 -0.09385477795665756 -0.008007979554489607 0.022979015273407864 0.6323371049624587 2.690602612475338 3.539048802070782 0.6751090513945173 -0.0016815400950814822 0.0169199507107438 0.011728531724178082 0.00022551574440250836 0.000003573804374096976 0.014991710863970104 0.06316418244826201 -0.07629293845772288 -1.3981510200524472 -2.30176912354891 -0.7879749523209455 -0.0884623735402796 -0.44402244531002827 -0.06033175050143385 -0.024730619911883113 -0.01719258435572017 0.034402384139101766 -0.4854078243018042 -0.704422935848259 1.8579522279047131 2.282995798436854 0.36516448389807193 -0.004667101030176833 0.041066814843901234 0.021808222943207962 0.0002897315162557018 -0.000028946094820199144 0.015758098221714176 0.07070482306509772 -0.009570468739025936 -0.7767083563867981 -1.912637953482074 -0.7138151375236034 0.3032245321534079 -0.150791064346094 -0.021580638845784747 0.05670613017229486 0.01843801431114368 -0.07161277942239849 0.22070635182192294 1.372458586249973 2.2927381216555287 1.1886891317300612 0.10261322171625009 0.021539806711618693 0.016125641688028526 0.002298005329688026 -0.0000688840907472304 -0.000048934563516771335 -0.003475122916649193 -0.001723823599782767 -0.0008750407900912853 -0.30658626926627264 -1.7071228966899226 -1.6381112992003712 -0.5662573576584674 -0.3005134586389921 -0.204479991459743 -0.02881179217285487 0.09986960127277253 -0.0022923729508700337 0.8941832932953697 2.7297352666456502 1.9220397409729733 0.46463024555785976 0.0250238986281572 0.0014139471815911074 -0.0022713519573241297 -0.00056889105666344 -0.000011295073425486937 -0.000005650026242227683 -0.0007271856985197442 -0.0029376666009997307 0.0038560286829661177 -0.08765937198755494 -1.156052821017059 -2.3874458553647337 -1.7851391419240084 -0.9540915965358142 -0.5485077334286511 0.36927971042112134 1.0885813692078132 1.248148912255434 1.7661753779793579 2.3410615497608176 1.3231223314777967 0.16985183704082094 0.01061028532384085 0.0008003701833547906 0.0006692323976653112 0.00022983011127297146 0.0000034076982743253334 -0.0000011856440038357015 -0.00013963007602305695 -0.000574244225632382 0.0023783394225315945 -0.024774539445738188 -0.46794518212923764 -1.6268160944116934 -1.4404062732905145 -0.7368502637536192 -0.5424032642926878 0.7148787155835814 1.9694310636044856 2.2423044243066705 1.9548195950601877 1.3443102389621013 0.47235073205799705 0.05924938582439009 0.003511331580990234 -0.0023134547283408836 -0.0003034647604359425 0.00004405297090681146 8.507111784604685e-8 -0.0000032766454956732888 -0.0003388091975846034 -0.00048064800457631797 -0.0002660457326707663 -0.003855988771284176 -0.0772664303997427 -0.49865512718093474 -1.1926686932068988 -1.112512911213861 -0.7625750026673149 0.5771285976871756 1.8062587844127045 1.65752851263103 0.990931584186794 0.32898959948238254 0.04919287549908046 0.01590890556889881 -0.0023957520777946753 -0.002246855263713674 0.0009106544592113272 0.001323310614598795 0.000025689254894473686 -0.000014527828827799938 -0.0007033256483657926 -0.0012272813463183262 -0.0007896067230831103 0.00042835617145322246 -0.033107823864580235 -0.11965138717155258 -0.279128269463522 -0.4228859688427973 -0.31044482367071463 0.12108048156928201 0.5793834833659695 0.4798413251763537 0.1877277079553723 0.008911895902421764 0.01059022571176259 0.008193951779225089 0.0025306148777763794 0.0006365564470113751 0.002605929336217851 0.0017941986906332141 0.000030811106157684714 -0.000011874377791264642 -0.0007371706410445008 -0.002029371088528117 -0.0016200133571818186 -0.0009052823579073986 -0.009663500351571947 0.003813251639085326 0.012892230653901899 -0.014944804302472787 -0.03205858368320505 -0.01510985934697095 0.0018557585880857581 0.02812442163079225 0.013044054111886576 -0.010537227971071057 0.00009028350303300504 0.0027641893398856654 0.0032005129538789515 0.0007413364739634231 0.001723349309274736 0.0009129206858263217 0.000011148834378778532 -0.000003548659243340775 -8.338131893880133e-8 0.0010900433190164818 0.0020689439190836097 0.0017807733966538199 -0.0004102225197603472 0.0037372363932210635 -0.013746718270841776 -0.035840772473340485 -0.04034641977375152 -0.024335404264392783 0.0016813921860876265 0.024516121744037236 0.00494978568061816 -0.01718152633519425 -0.007696763411028688 -0.0013967065279474969 -0.000033786085880910874 0.0001175344495426804 -0.0006884303978790718 -0.00044362155721872033 -0.000009572585323494183 -4.630596454893265e-7 0.00008250711705081075 0.0004198335637652365 -0.00043835936390577973 0.0001906697696110077 0.00003996209570095338 0.0029062281603460566 -0.006882280995838524 -0.017370709778680885 -0.013760330499447119 -0.007180963246133895 -0.010575519532275991 0.0010400072161536227 0.0020031825748117356 -0.0031966150939979165 -0.000522226883944963 0.000987553265702172 0.00008256246793798328 0.0001814102240798239 -0.0002746119770547746 -0.00013297667014936906 -0.0000021126873735717175 1.2851655672432706e-7 -0.000044408848163690695 -0.0012983113434492477 -0.00203749831062351 -0.0007965203358046904 -0.0005595947622886078 0.0007678950456404766 -0.0008891007126785897 -0.004369057586399874 -0.003603591279408034 -0.006244471568909252 -0.010849602857164284 0.002571699039658602 0.003171703876504847 0.007630740464061065 -0.0029565832379927965 -0.0024447282415141687 -0.0010745003845404487 0.0002094200445547025 -0.00003817341416438695 -0.000009420275725711219 -6.87785578941856e-9 5.052427901722984e-8 -0.000006547287458759725 -0.001127021116370635 -0.0014750636593864835 -0.00008177900581729492 -0.00047336114895038436 -0.0003795806162768394 -0.0002714602407185398 -0.00019056443298259615 -0.003024072205560863 -0.009215392511732165 -0.004621819234111255 0.011428531909805553 0.0043996106323091755 0.00769852908817015 -0.0035753600797135882 -0.004142433540062417 -0.001285584222498424 0.0004073882392783345 0.00003136855057982717 -7.174219100934705e-7 -3.3209770156165166e-10 4.257343944848977e-10 -6.780219649361898e-7 -0.00005899032636332093 -0.00007432773398716457 -0.000004505351051794209 -0.000029147115436938502 -0.00003975260578586248 -0.0000107407031860034 0.000015973898644365957 -0.0003534568204390968 -0.0009596644469066447 -0.00039548498155425577 0.0007722900241717448 0.00023204147736876452 0.0005350310021419233 -0.00014844870090946523 -0.0003361844998162038 -0.0001015362862823379 0.000031727574277454295 0.0000027164198517014543 -7.41817354771512e-10 3.89949170887797e-13 0 3.3236837663710876e-8 0.0000013915154815960157 0.00003200671878470173 0.000523891335124559 -0.0008873310854319072 -0.0007663679727090694 0.00042938357907092183 -0.00014457366312085459 0.0001600589267560041 0.00021890339968339123 -4.480876063444613e-7 -0.00005187318964524051 -0.00006565150676351941 -0.00032884060234102743 -0.0002811790685785192 -0.00021946006204675436 -0.0014384519832602897 -0.001091050827081826 0.00008451806499788833 -0.000003430776655786766 -3.632469941472504e-8 3.781743893999075e-18 0.0000031785145405828564 0.00011287636948212516 -0.00030317080727879623 0.014165982189110674 0.026039790783360984 0.057873910856425945 0.022155546622203107 -0.01855934221906788 -0.005215680567421311 0.0054849426812738225 -0.004637587800698266 -0.001214148584107331 -0.0020777835351808425 -0.03512358132918871 -0.03940522982546603 0.007941865089980496 0.023328924250400514 0.03246031265097395 0.037785602424999634 0.0004430480681378695 -0.000002612720329419159 -1.1649297488410972e-8 0.000008761667686461654 0.0008473373886576665 0.0048591295870433395 0.002422583191641912 0.09862798776515101 0.3127870921593405 0.08461024925898097 -0.06709012181082794 -0.018335759173446688 0.00845262098526564 -0.01780367934184122 -0.01756532248444127 -0.012732653001511444 -0.06743374820759236 -0.06036029973988514 0.033525918323920254 0.12275130377619153 0.22331950191152547 0.16555765020664404 0.0024150016100111344 -0.0000061617603412811955 -2.0305064413439818e-7 -0.00002593531830059661 0.00047274767604246006 0.012507215687149568 -0.00019610365407122604 0.012741783965914891 0.12229390760522497 0.060066446050117336 -0.02241543912876346 0.012435377752299425 0.010615929987761749 -0.008969884898413577 -0.029632689987302018 -0.024382857259066516 -0.009648425577795612 -0.010080121746783448 0.017295686625215898 0.004923035528626894 0.06758027800657518 0.05352900645130248 -0.0019306168021236679 -0.00005914453839641757 -4.980798019112252e-7 -0.000023169999186886677 -0.0008968354174388133 -0.005292826083108126 -0.006313888567092033 0.02480158566892252 0.0310015009419827 -0.006198431986701478 -0.006013397323883017 -0.0017638157538690925 0.01199796469488924 0.001167778368330871 -0.012330471626031713 0.017848370596722025 -0.0033130274240676994 -0.04650727976735901 -0.007261852195036942 -0.01955618712314792 -0.019186676797111165 -0.10008146848592618 -0.048322947659775566 -0.0006375301090586718 1.6465833279101475e-7 0.00017379371688609958 -0.00037785153288257754 -0.011326329142290757 -0.01469612452436398 -0.010246426362088534 -0.03174344322151855 -0.06682391077458608 -0.0479437721156937 -0.055505950056893474 0.04969231531441027 0.10417411087310927 -0.014945298639692413 -0.0016574135022723903 0.06555678667002064 0.06468650638422077 0.038476922823314844 0.007589475956184075 -0.016944351001977786 -0.1797621742681384 -0.11619181696426747 -0.002157704655013951 3.368720808282706e-7 0.00007443418818218365 -0.0004050309166402354 -0.007276029325087598 -0.011758165704592137 -0.0525313780614218 -0.15766091536683366 -0.161590190720204 -0.08655786799215817 -0.17117554162364954 0.03587179507992599 0.13267964739872984 -0.03946579002675823 0.017389452532938145 0.18234862396175527 0.10565875978524403 0.05158293796980943 0.029697482486695716 -0.008365282519677353 -0.07609719977568483 -0.05164099833716616 -0.0010068289457768513 -7.000498396323767e-7 -0.0002480431233657509 -0.0034181135365107464 -0.009352575290695449 -0.030092233453943282 -0.21533196224832107 -0.41338005692183916 -0.2781798760687713 -0.11669440385021602 -0.06788632366672606 0.10336073313301719 0.10775530728425457 0.06764202904095154 0.22694259549364615 0.35459753907636155 0.21091509002756528 0.0677811526126975 0.027285532363667767 -0.002759131314185272 -0.02134311115204888 -0.014753020341571615 -0.00036697172424239724 -5.92820207277985e-7 -0.00016779274133166817 -0.000637373910286661 -0.000319787707306226 -0.04745170126547989 -0.3690941722320778 -0.629037619054927 -0.5101058791563754 -0.3224832154358305 -0.17256466463980807 0.03555569996984406 0.06834272728677553 0.10774938643474533 0.20809892697609253 0.4464762118724186 0.48063623029402813 0.15726275405508702 0.025098282224029482 0.002529605831945366 -0.0066361534562436155 -0.0055871161831807506 -0.00017189820026848466 8.581193526803975e-7 0.00008884697691297223 0.0033777639462813963 0.009767995751684732 -0.13044846392283144 -0.5112135422457722 -0.4854918650621153 -0.5097667562586904 -0.5252586640831232 -0.32659817376925854 0.00970508259473116 0.11650430973056869 0.11822960864288341 0.07452423546780021 0.753559583443124 0.8700858187785888 0.24312636205446922 0.028778336075493998 0.0012197212499124054 -0.0026048466044312096 -0.001328545087150353 -0.00005418604047089665 0.000011843064412640793 0.0005089616281721803 0.0011476031182850576 -0.0019162558837295424 -0.22432663524553167 -0.6599876223377493 -0.7003962244212814 -0.718014900215285 -0.30461773833480277 -0.17772993343067986 0.08182021876099796 0.14069172302776342 0.3650567132853765 0.36086455694784103 0.9770739071746853 0.9316055079994655 0.30305103706347714 0.022146127780376827 0.004601897649489331 0.002542909807860701 -0.001771734008647018 -0.00005803842746424925 0.000007894950851473163 0.0008445788594985586 0.0006201819512951264 -0.005835845418939131 -0.16887099138971098 -0.6224500337708845 -0.8322064034088595 -0.7541482851624598 -0.09863807927643037 -0.0002556844995474164 0.13749301110308798 0.09376218257104892 0.22483203180168737 0.16151593408914242 0.8233821038503161 0.9729822272662348 0.42211376690527935 0.02768278519870629 0.008845560271127487 0.01035186007462646 0.0011163090290297526 0.0000049016210298675605 -0.000002941474265359196 0.0013886448084502042 0.007665048689439012 0.001747537252072421 -0.13224034856966382 -0.7289466686567885 -1.0029140395320513 -0.6296465497953062 -0.6604123974304635 -0.21533489890296995 0.05493313542208103 0.02519714924520767 -0.004019883771270919 -0.34586561762467893 0.11870197988674759 0.6836351411352203 0.22485484161493785 0.013540035971638538 0.008135973206683354 0.014326518431495282 0.008121985703744405 0.00010872668485564102 -0.0000020481078858349056 0.0018691815356590706 0.01973740261146504 0.012286333522155997 -0.03211373895884597 -0.20865306170690898 -0.1492946549514718 0.0772344212743045 -0.031032216697167412 0.10138041740500561 0.013606420346561484 -0.09616700636815723 -0.3631581652013199 -0.06558018446828051 0.477488002050297 0.5046845534617634 0.0840702185069288 0.0014597587363014565 -0.0011355805590020586 -0.001046188177734674 0.0013940271486216171 0.000021797669688033816 -0.000004362572451865627 -0.0003936281896371208 0.0027100249444692356 0.0022270999764945104 0.004792426263697393 -0.02025254178035534 -0.2688979221924807 -0.2774550155577725 -0.3134597390176566 -0.2283222707058568 0.04733778516968077 0.07158085170319561 -0.12231918633013904 0.11185097960586605 0.6541210574998704 0.2691777255853366 0.015117477953733412 -0.003919235589353178 -0.012492082527489642 -0.006901159299745127 -0.00011799877419062016 6.874578488637889e-7 -0.0000020101170572697867 -0.000035469983324866996 -0.004601549051527289 -0.0026682435204393048 0.01216669508952672 0.028418596699403078 -0.32099757251433875 -0.7982305211365219 -1.0167790069941767 -0.9313470119275588 0.46030847789033114 1.2264292007672009 1.180360293520263 0.5594464935562925 0.3698032235169893 0.1574280043713623 0.008616162825343917 0.0016878338363943708 0.002908727056897513 0.0007020464669731389 0.000026383825288666983 -1.3689240013978362e-7 0.000003509932152557506 0.00007135849837462884 -0.001095815425262353 0.007111139213058918 0.014647262452486706 -0.02834400040058128 -0.2091770787242304 -0.4783781488961562 -0.6942387830804453 -0.5330379093431377 0.37882847741141296 1.0682468749016465 0.91641470900021 0.42376336888597016 0.17042844700224996 0.054941200618238324 0.02037905572087255 0.002992474963671174 0.0017507298240397786 0.0008726512705528166 -0.000026614557964862078 -0.0000012275094098448891 0.0000028588844714128226 -0.00016397013806660526 -0.0016487970900390114 -0.003385405045898991 0.009555934802214184 0.012379254312060642 -0.03369031903979014 -0.1224769932524938 0.010900335609408276 0.011806394946668877 0.09880291409309719 0.2392405002589125 0.08287752124123435 -0.08179956290130387 0.006529831293820737 -0.010921894129847823 0.005199730649061599 -0.0030351140530322654 -0.004443683584820757 0.0001015222789304168 0.0009864907276422516 0.000020190594982762255 -0.0000034940293607769627 -0.000671386548025436 -0.005149532925888253 -0.0034207343020658887 0.010218958621625966 0.01972330161042833 -0.01801919847619482 -0.04938753199605585 0.012403852394601705 0.07870042600600895 -0.00013273034601222033 -0.12393308003399042 -0.07518177754098505 -0.04892167126412049 -0.024565363837922943 -0.01270355869661227 -0.00019798608893999357 -0.00028381990481824137 0.0003621072229805721 0.000946874602522211 0.0006994942283169108 0.000013435770799087292 -0.000002838309146129839 -0.0005837065382685525 -0.003368277295109068 0.0021720451156674626 0.007977724675753809 0.0006507620229629889 -0.0018296304590378915 0.02260826142120245 0.030093209359279907 0.025629918445836144 0.060594833389502695 -0.047047599039599396 -0.04255898296420761 -0.002449040944730112 -0.012187009282481261 -0.011995260631062729 -0.0016358668233062417 0.002555337279397736 0.0008021930179675252 0.0008371323932968919 0.0001606242741777309 2.715288554262889e-8 -7.965608995808607e-8 0.00005136487929987078 0.0015453942799955947 0.008436260899463529 0.006490710236848905 0.007471275314200984 0.027418586086610703 0.003026091756542333 -0.022619467361584034 -0.03258772910518719 -0.0028052576604835054 0.02260953290177398 0.021958515014222583 0.007729905261563075 -0.003368050114023694 -0.015754778831979267 -0.00482307138922677 0.0012993201215223613 0.0005322823595772527 0.000018253762996068002 -0.00008588896085792162 -0.000002680456318846727 2.9757437078509235e-7 0.00021080817992814762 -0.0007171815949124986 -0.0014356991663078838 0.005005806559191969 0.016966401574898128 0.021007843404480787 -0.012046974761364071 -0.02199089217204646 -0.02500771915438791 -0.021183385876559435 0.007675871871695255 0.001340598520395493 0.01877841332396299 0.016429438382814722 0.0010173413547467864 0.00030958190457491667 0.0013163023894979628 0.00081451633788586 -0.00007878069547756456 -0.00003143438687579512 -5.296872984315346e-7 2.713731859624334e-8 0.000003040408709212978 -0.00214496347559866 -0.007061395548904297 -0.00213887719021079 0.005062937027943991 -0.0035079073918908962 -0.009678436313325515 -0.008680871449836732 -0.013686462207521455 -0.014255676887180609 -0.008598391830307917 -0.008461246875966276 0.004625130456612099 0.0018153303224743968 -0.00006074934127190309 0.0004742312341901986 0.00009393390937850458 0.00012532183336299964 -0.00000993020575342797 -0.0000013925765536436199 -1.5698601185213802e-11 1.564524488391058e-9 -0.000009082411022392119 -0.0004986275855849565 -0.0012105230263547376 -0.0005530418771848333 0.00003512889469416103 -0.0006504373607922225 -0.0006055130603298218 -0.0011538269943826898 -0.0036134285906754045 -0.002347517222002694 -0.0033440259131519174 0.0032207408166069593 0.0020982889243075353 -0.002397202236669082 -0.0008635141827534926 -0.0003146102868407172 -0.00044756055875759364 -0.00003213296753013201 2.906400436020746e-7 -9.694778480602843e-8 0 1.6925159211613309e-12 -3.67828342614152e-7 -0.000017516495578217247 -0.000020074430949984334 0.0000025502230116784877 -0.000003779500682188989 -0.0000028737910336199624 4.414905756021873e-7 -0.000013869303576100285 -0.00018951264912797492 -0.0002809066064280199 -0.0004616247039111918 0.00015725825018937276 0.00009738829835382995 -0.0001759302246785831 -0.0000554397176127636 -0.00006159614073972091 -0.00005614339882335857 -0.000004197908458504547 7.924325288312556e-8 0 0 0 0 0 0.00000993291836047425 0.0003901299860929357 -0.00009969773166699878 -0.0005293288490197142 0.00008019368919114111 -0.0000051146230521164775 0.00003125865741197823 0.000033211664509324564 -0.00001392776058450168 -0.000022744309459477626 -0.000010762727368582821 -0.00003433165951960611 -0.00010993428712653696 -0.00023171710144070722 -0.0004087581394797045 -0.00023770673179337025 -0.000007166303812788419 -0.000012413292453493947 -2.099451302186588e-8 0 -3.2822842264246833e-12 5.173076188043858e-7 0.00023496044736240202 0.012424087456148718 0.023770119291367173 0.02799730227085241 0.009921228635568808 -0.0037595055688059626 -0.0009502836935246412 0.000025422796990938362 -0.0012296795991827132 -0.001066833200664637 -0.00023735970762218202 -0.0020830857810094903 -0.004735047838987687 0.0008434034355589254 0.003003950388415297 0.015822175820460506 0.012356210318553934 -0.00008921788845796574 -5.6024567175405e-7 0 3.0538503426895514e-7 0.00022422670493912054 0.0056507497029077815 0.0204885760092503 0.07609182712846407 0.14329822635345255 0.031356754716155524 -0.02352959466627946 0.0003195323273296756 -0.0023746473914679793 -0.005122338654786247 -0.004117465616568692 -0.000023487203243665327 0.002364391297115578 0.009771582802165087 0.019637621916950333 0.023861880324627383 0.08692521794997869 0.05631674480998027 0.000562823665132071 -8.073064626217699e-7 -4.836811570344708e-10 -0.000004489143785327844 0.00022047939823441757 0.008691913286536228 0.011130968838873507 0.02019158696921489 0.046482740446364655 0.01365406730870354 -0.012802338427259197 0.002879757651552128 -0.003920423799354009 -0.0026053880430105974 -0.0032026013002198874 -0.001412158960640217 0.0027748510761394602 0.007696999280857683 0.007142492850671464 -0.0032730848664034554 0.026946007380278848 0.023152922253193067 0.0009796830529900035 -0.0000033478717023345816 -5.478977005305906e-9 -0.000005579821652710189 -0.00018024202271568618 0.00027627571414460216 0.0014390746341860622 0.006735716885747548 0.010433567996565437 0.010333461888230309 0.008555263706129777 0.00014072836836328363 -0.004083628616085449 -0.00034822862370472254 -0.0005003310198553417 0.0018344307306607766 -0.002128796241915186 0.0012106236761434243 0.0033527313313213313 -0.0041823585907786506 0.0005141852650299066 0.0014687763923472168 -0.0011060843033107132 -0.00003333096883187909 -3.1050275820524253e-9 0.000001356411542041217 -0.00008548357791910478 -0.0013032856923343597 -0.0011393000429428153 -0.0005878166556683275 -0.000030972488750391796 0.004399851979164574 0.010524482150492183 0.0015866393705318796 -0.00037968588313102235 0.003981789325868897 -0.0032109861619952587 -0.005541704859054639 0.001944946625022341 0.018555177869807975 0.011218428788630478 0.0005911999497132582 -0.00045768373839146734 -0.0067755576841725396 -0.005533554452884081 -0.00013455182849884603 -1.0047383346050454e-9 -0.0000012729188142713123 -0.000011143141359543359 -0.0003596315732922613 0.0007194527537564501 0.0008692262690057308 -0.003941261146127315 -0.01119981994862536 -0.009076290503307128 -0.012641107215158407 -0.001819031240191284 0.00749573365630187 -0.0026623634939497423 -0.0030712380775666094 0.005301132202572798 0.006028432667781869 0.010204794482642148 0.007840544479110862 -0.00028501851773561236 -0.0041823805339996556 -0.002996177432390175 -0.00006896376055638421 -3.3774142713858954e-8 -0.000026765777731591946 -0.00016736402284430097 -0.0008465311630853621 -0.0022610011765224 -0.004317345172148392 -0.013556254936735783 -0.014959550877766037 -0.0024350225386348635 0.0023421299796261836 0.0192363628180492 0.01938528493999459 0.017783316386334014 0.030145937850120156 0.02779287975554707 0.003695432913019201 0.004286249818074559 0.0068916157827679445 -0.0002993265362722715 -0.001393617658447947 -0.0007645703294300587 -0.000015241640655205187 -3.985272475082605e-8 -0.000015675236980577748 -0.00027254236507145524 -0.0005514338508234252 -0.0011717748444780704 -0.006717808871480301 -0.027584631173467572 -0.04223440593652693 -0.02069760168438187 0.00588541182714049 0.019652488715934776 0.01084339489726364 0.002209518152562238 0.0195703107411388 0.03345907200938428 0.012803231591670877 0.0012827301209889638 0.00023345513714955927 -0.0004194570236467037 -0.0002435725730273079 -0.00011874545859129825 -0.0000033662209394882072 -2.6283333718435642e-8 0.0000058137803131764355 0.00013454569850947776 0.0006652006801659396 -0.0013043622655866927 -0.015324851238748625 -0.03824552452319763 -0.07691093402315108 -0.10473064229469008 -0.056655782757895685 0.02623377812845986 0.03914635324608525 0.019185991482745888 0.003981205271197625 0.04485852094157771 0.035215382524813585 0.003047905200843521 0.00007134465100299438 -0.0005935425602955448 0.000051804397391144053 0.000027204094503873154 -2.0953989893577644e-7 1.297470704358734e-7 0.000012203943251803382 -0.000008477481647452867 -0.0003136016109322996 -0.00382906280024125 -0.019547772721729174 -0.07796251624301635 -0.16469734717939066 -0.10586778426727347 -0.05691264049850116 0.0883497245671059 0.08703637807827042 0.1647021250609026 0.10686610954005574 0.1058855398117227 0.05232320143287539 0.004737038030028447 -0.0010917992972191923 -0.001099150692237401 0.0002441016507194325 -0.00015142096013183044 -0.0000034887693958110556 5.356021382705725e-8 0.0000069732769451664965 -0.00016523575504333505 -0.00040938268303638826 -0.0031860318023962035 -0.037451408331952846 -0.15350504634456216 -0.21312901707399598 -0.04232385578424699 0.022536847177457974 0.09451688185066486 0.07069469785731519 0.15476302268509737 0.07389710522932574 0.10650866370425432 0.0432168494977394 0.004657880917594371 0.00020156417593147745 0.00009756914184161129 -0.0004572945961430256 -0.0006538637723719278 -0.000009009901446588778 -0.0000013560771934274884 -0.00008165233451816019 0.000006701947207254562 0.00025556576170282383 -0.001882579883188088 -0.04702649219638964 -0.17860138545944074 -0.13024648478823853 0.042035570850148245 0.02408838544297436 0.03094586441154044 0.013472018555281899 0.004592982823287619 -0.05834106422501313 -0.0200214428430236 0.028587230389653016 0.0012362924561386448 0.0008536005901469903 0.0014629300863066939 0.00047336009916337015 0.0003603062353197187 0.000004874577153139291 -6.951206460876332e-7 0.00005992052416763884 0.002004648865516522 0.0016818083904636557 0.0012022510230882482 0.009116160362155835 0.01128457962459882 0.010609315087637277 0.09805879530166837 0.07389967306181544 -0.0028483552158083776 -0.04179794256183356 -0.09857213135282274 0.010188395670599024 0.009303838850178877 0.01874186069562865 0.0037024394534525312 -0.000023709105818603875 -0.0012461496352020615 -0.0009853602709676119 0.00010136923447280029 0.0000018049621465913455 -3.014224260949324e-7 0.00006453302948214321 0.001204193262825396 0.0009451513271453969 0.004067376561836885 0.037173525360632516 0.025894057163305152 -0.005471751492526041 -0.04134441884908151 -0.007194188607969524 -0.0059371017331412085 -0.025068329193982917 0.04760739450473808 0.023645051380072002 -0.04272001344480543 -0.0035308780490044076 0.001745509732077901 -0.001650113525208813 -0.0030281157422425366 -0.0014927232659131563 -0.00003748394847221754 4.450063832918821e-8 -8.16611003798295e-8 0.0000143816421447557 -0.0005907303628977686 0.00011518567783138521 0.006098980001167119 0.03163284188871027 0.03920495916749149 -0.010111829230680837 -0.12617359705205564 -0.11547769931318128 0.059739450830824666 0.13218500208383585 0.2124992507903091 0.014066561870678156 -0.05613128621554141 0.008496735621045961 0.0016024027457154926 -0.0005344372196428751 0.0009696751379580981 0.0000485455004091443 -0.000010138642653400805 -7.17200879679725e-9 3.9868341023140564e-7 -0.00006833865090088744 -0.0004989680338490188 0.004233146258947474 0.008563295545052963 -0.0023495691884291535 -0.015938224429067258 -0.056580364904086085 -0.08065549009832967 -0.03862532309641777 0.0524057548188672 0.0913750135947366 0.08004742154192067 0.02255573780461229 0.0162987438467163 0.01062481262850562 0.002438602283015593 0.0014545539246814672 0.0006515135018492344 0.00005108708104727936 6.063038859863262e-7 5.135269070148991e-8 1.1080435869713533e-7 -0.00006779422264032331 -0.0009621323521025486 -0.0028497932393918486 0.005599602890652224 0.010014607830788105 -0.01035251549156028 -0.034981018362413296 0.05204027918350823 0.06385698565537358 -0.00785150751313495 -0.004336684273910275 -0.02126535577717639 -0.04800944355498507 -0.004687357397243007 -0.006181858162571109 -0.00006483115287262899 0.00019109195716389906 -0.0018373993391305164 -0.0004701730323438607 0.000028944963158217112 9.344161534675455e-7 -2.6102943442993593e-8 -0.0003153836380789897 -0.0031612330914833533 -0.002673689452944982 0.006920092375849453 0.018239191605919663 -0.004756977323951535 -0.024510781007167484 0.00048860361499474 0.036785296916370974 -0.0034150632897012633 -0.052090782325276135 -0.02407494693448327 -0.029569432321612688 -0.015505415169730493 -0.003460283124138884 -0.0003923024393592938 -0.00005597302678496546 0.0008346449095554492 0.00023319625650636803 0.000007938959213227945 5.134821028211887e-7 -4.6829887005346955e-9 -0.0002671133913162702 -0.0019001371243985395 0.001348272520348836 0.005251466872975198 0.0028145178608968437 -0.0010215703771481199 0.010615401601824512 0.016045616701902105 0.018360173815768648 0.04598943813310324 -0.017088639214435 -0.013631869525093808 -0.0009013057806231595 -0.009321295355780183 -0.0061137426181502065 -0.00042931907766546537 0.0013216565562450678 0.0006084129379052662 0.00023712531520296752 0.000006217035068957572 -4.016085102445872e-8 1.5965921649363744e-8 -0.000032918127971341666 0.0003186482458701986 0.00344690979529209 0.0027498414629908486 0.0021703141550269596 0.011662700100372092 0.0037500471111180027 -0.0033619665710628997 -0.012800584114058263 0.005052286468807883 0.015197392655777051 0.006475590195878445 0.005082074272154376 0.0015204718444151286 -0.006610680445307642 -0.0016373944010817 0.000910259530067176 0.00026378634944769047 0.000010382367628979296 -0.0000014300926416670475 -1.1442086264215495e-7 8.81721066029297e-9 0.000042336342152083734 -0.00040119842777749194 0.00001478651088761052 0.0027023301256709226 0.007011630299393313 0.00812191897630469 -0.003282989879593186 -0.006341069921710614 -0.01364933145044074 -0.009289504759408856 0.010197194951850761 -0.0022206611571697395 0.0068820963661384805 0.009697508108810827 0.001068401800062013 0.000018137283202567435 0.0006586739758971017 0.0003692343621437291 -0.000014921688907710043 -0.0000015291197864119783 -2.5191027899045008e-8 1.0119698917353599e-10 0.0000027564603082849294 -0.000764903256577367 -0.002263568776577157 -0.000002066079479274165 0.001851116550060322 -0.0034692375650155253 -0.005372047513538447 -0.004345717379719035 -0.0072601841698557035 -0.004668697108069972 0.0012948166569759782 -0.0052664114922119296 0.0010211046800924222 0.0000037220721562477763 0.00016342359142597495 0.00006784594342767977 0.00008441746910194938 0.00006606955704537666 -6.254186032004094e-7 7.914714623053759e-10 -3.64209355766453e-12 0 -1.2680677439198364e-7 -0.000057922564506821834 -0.00028881463752474234 -0.0001899641339573041 -0.00005158556752042912 -0.0005694473743125211 -0.0005114395024977692 -0.000692241943300579 -0.0017005096575003246 -0.0004894115265669793 0.0005640786402111073 -0.0006202059408621397 -0.0006696318188971412 -0.0021360642911888994 -0.00029928996273091333 -0.00004569739400046913 -0.000020513796723574218 -0.0000015860203861911698 2.9539599538328472e-9 3.624984591114201e-11 0 0 -4.874207211799101e-11 -1.832814607620239e-9 -2.3450700027774323e-9 -1.6589418599055888e-10 -2.1746526520309305e-10 -6.585266258455525e-10 -1.6327476553613748e-10 -0.000003598458519579166 -0.00004648214735171788 -0.00003535771585967268 -0.000030108365740489483 -0.00003703515656839484 -0.00004809977830400234 -0.00013350432271673748 -0.00002085937203192526 -0.000004215607972136229 -0.000001959503160718726 -1.6625381506062616e-7 8.193357310665349e-13 0 0 0 0 0 2.5950474646253587e-7 0.000013441947268639307 0.00001532927815899378 -0.000001130401229031917 0.000002846154914699111 8.272322471568121e-7 7.508229898990616e-7 4.4781431442762e-7 -2.0214980377036817e-8 -2.916808212807239e-8 -3.90407714224267e-9 -9.974364180595045e-9 -8.708482612207109e-7 -0.0000017991908049868636 -6.728379231849291e-7 2.1164874741251307e-7 1.98322289171391e-7 -5.697165600841123e-9 -8.279571347972718e-12 0 0 2.773550085424877e-8 0.00000807557589666667 0.0003982783716063195 0.0007920149981512327 0.0005572692770396288 0.00017628899929343454 0.000014076869447210725 0.000009226646225688103 -0.00002026929181123303 -0.000013834914228891842 -0.0000022355816733143934 0.000002524848184389425 0.000006954180394362641 -0.000157840966829802 -0.00011766910383903007 0.000046128487979932154 0.00006786824401659611 0.00004075802991377511 2.567391664597898e-7 -1.4580737764784852e-10 0 -1.960747811035274e-10 0.000001037424140871188 0.00003934686875774356 0.0004451480879506475 0.0018578394314435077 0.0023315485062497835 0.0005202863186227297 -0.000045038003446532717 0.0000919221440198235 -0.00017856798351526397 -0.00010151660474305722 -0.000006283768645309066 0.000019989541897719756 0.000058445714903010156 -0.00038469612629407076 -0.00020014365308105496 0.00018744077145068188 0.0002418106663094662 0.00013504960679725414 0.0000011934468666758282 -1.2462979129229577e-10 0 -1.352585040931269e-8 0.000001073964139955724 0.00004673262128068299 0.00004462292320673404 0.0004925722788453072 0.0006795311531677191 0.00023489761783549747 -0.000057375867138942694 0.000043971027181587516 -0.0001596203474983323 -0.00007362281722228075 -0.000004535065614437179 0.00001012610034516308 0.00002429281333993182 -0.000035883076304984915 0.00000993684025783782 0.000025579080104220126 0.00005307380306897385 0.00003876877929253709 0.0000024663961637369085 -1.8822200946839506e-11 0 -1.640302834052924e-8 -4.057937793039875e-7 0.000004917335234894481 0.000016632020735639872 0.00005331349224150021 0.00006141415895189573 0.00018916247438341551 0.00012637440435941128 1.687610968576144e-7 -0.00004540622041164473 -0.000019958790784584995 -0.00001633410676377349 0.000022319777657561214 0.000005322158693969106 0.00016824079669545267 0.000078586318107747 -0.000002242347258106442 0.00001098664569689187 0.00004506871319712329 0.000010269948325800721 -1.0557069559162497e-10 0 -2.8982943739488632e-9 -4.790463139152538e-7 -0.000005458582072415748 0.000007900676300394847 0.00004007284540124838 -0.00003239298400218713 0.00005519970983623996 0.00012179670175879431 0.0000321729714001753 -0.00004114775650118806 -0.000053643311615171805 -0.00007614250306333284 -0.00002110569335554955 0.0000017759374057223934 0.00018652270952217514 0.00009990801922954965 0.000008603046887833899 0.000003403893808539504 0.000010952701398221904 0.0000025849174666053423 -4.589842299500236e-11 1.3195188885312765e-13 -2.2049643993625816e-10 2.775515823843923e-7 0.0000030556869410087056 0.000021566503483264598 0.00007048133373113639 0.000010860298668393649 -0.00008108097462594535 -0.000028602530324261652 0.00002329274603049604 -0.00007623831237840946 -0.00006391969909012505 -0.00007392925433124529 -0.00002395028335576813 -0.00003610186601994297 0.0000030685569297702914 0.000060789243567728985 0.000025100675605702385 -0.000005163641024959829 -0.0000012180147588938368 3.050875606040633e-8 -9.796217891825648e-13 1.3730424453716114e-10 4.187388189827986e-8 0.0000011330708980945662 0.000006901824061716678 0.0000015641367051477865 -0.000008504047039728322 -0.000007141493409023896 0.000006248436614262982 0.00005835345940123427 -0.00009267751995730111 -0.00010406080953678638 0.00013495161485534206 0.00004696399133017171 0.000038253165139189894 0.000015087717357178348 -0.000027842151569090024 0.00000928808978260287 0.00001217388403788232 -0.000008210326431671847 -8.582428334166083e-7 -9.26394950490987e-9 -1.3703282144549873e-12 8.398922259444123e-10 3.736356778763596e-7 -4.2199975460311996e-7 4.7327588971340374e-7 -0.0000053538789662913444 -0.000008308180510042529 -0.000008995129549589998 -0.00000877590172152033 -0.00003597303708429523 -0.00022595043991826855 -0.00015373398259562257 0.0001339236974002374 0.000055361860231124364 0.000054730048431996016 -0.000007789618390461162 -0.000008932991402080314 -0.0000017713362471723407 -0.000006733590177926675 -0.00000443004410787762 2.9696724504731373e-7 -2.6260429485350355e-8 -2.511961744973352e-12 -8.668582595005935e-10 -5.551195286197788e-8 -4.946554409517017e-7 -0.0000014535680916911295 -0.000030490914573596016 -0.000044730465480517656 -0.00013710667637852332 -0.00007427588088217513 -0.000051951722327223986 0.00009219882368905144 0.0008496618588691098 0.0005575861997481213 0.00037971987256808765 0.0005852805221444354 0.000059673691876238806 -0.000041666706741364864 0.0000034853533228548515 -0.000005332871060000607 -0.00000534934411158736 0.0000019703256353842158 2.506666740227794e-7 -4.5199748104700567e-13 -1.2085407978832118e-9 -4.1144492065773494e-7 -0.0000025275087936121816 -0.000022959373988157413 -0.00012625855085272525 -0.00007789688822308064 -0.00032679569456591965 -0.001353212248319725 -0.0006797244359636571 0.00034208057768711004 0.002909199165381723 0.0017953905006281 0.0024675524345010506 0.0014070746111105616 0.0005906656991292089 0.00014699230011606324 0.00002227449590775707 -0.000023739099368017125 -0.00004106661831322607 -0.0000017871873130305093 1.1152082858736358e-7 -3.5911497755910395e-9 1.4572909231828533e-9 -1.1946666035712625e-8 3.150917518301914e-7 -0.000005343271433933081 -0.000059974669511787 0.000024954978405086413 -0.0006189077511068067 -0.0036864109264604073 -0.0016425112218117893 0.0004253057079106882 0.001554858003858493 0.001533855546522594 0.003829525111344186 0.0030341369380386656 0.00042493912859885763 0.00017083345113250983 0.000015728014598696495 -0.000008513324625291977 -0.000019024884295614984 -0.000004153409143207343 -0.0000012330405937287336 -1.5623126588493925e-8 1.0443247491093935e-9 1.2141553584634708e-7 0.000001765764286532345 0.000005789891260938401 -0.000013570967049574627 -0.00010390920885332626 -0.0010230717892308074 -0.0006288128506478356 0.0024528396189276006 0.0008162491343307824 0.00026205974268714245 -0.0001860615275885944 -0.0000737077572075793 0.0007893926630862019 -0.0006463950023784583 0.000017806997218878564 -0.000003700239953731679 0.0000017896102887004488 7.940582182492557e-7 -0.000001267728822248047 -4.805365894665633e-7 -4.247446936179287e-9 1.9598199708178555e-11 0.0000011007323855633014 0.000014534227691591027 0.000013177911966931907 -0.000010269347687512834 0.0001164471932735873 0.0005627822834180239 0.0009120547745765098 0.002852943411118537 0.0004026085932664948 -0.00024174767944343034 -0.0008790561208134206 -0.0013375877281923164 0.0006218222752184117 0.0002229521000420782 -0.000014478963405562784 -0.00001120062929484248 4.0197834478279485e-7 1.4919541814801278e-7 -2.520756764775089e-7 -3.2939044896616875e-8 -8.562257187229119e-14 0 0.000001619291155459252 0.00002047879898680018 0.000028553833685356507 0.00003524261631922654 0.00007853391677516953 -0.00032037202910918227 -0.0003096266018929694 0.00032270585950495604 0.00011305565903230531 -0.0003404152850536438 -0.0003309514920393022 0.0017650141832059466 0.0008580511874730352 -0.0004042637224822423 -0.00003715251080211777 0.000011468548473403597 -0.0000021005191610483804 2.400438244352835e-7 1.8777015065251629e-7 -1.9130552839929786e-8 0 0 3.726800038435243e-7 0.00000745048818070685 0.000033395655175890396 0.00010136022038624085 -0.000004081499061660776 -0.00026926425805706537 -0.0010124887664165415 -0.0025052336500626824 -0.0009693680036649417 0.000030365544957267475 0.00011343993851156172 0.0013721372904230854 0.0002132223329969152 -0.0007008722820499219 -0.00004745564800977869 0.000005370704008885056 -4.798936901591063e-7 0.000003919789801531716 9.74763703696514e-7 -5.573064526261191e-9 0 0 -0.0000029755547949111475 -0.000013926158598928255 0.0001118305178717696 0.00021581546931489435 -0.00006124161983784967 -0.0004984211923568414 -0.0016977131348219815 -0.002393188389675764 -0.0003523626762604632 0.0004892019743735364 0.0006150418360851473 0.0003222456678256495 0.0003976784547111565 0.0001639793614093802 -0.00005286873119163148 -0.000014129248768150468 0.000016977785620512855 -0.000002871200775973201 -0.0000010619206447678308 -4.609229539077375e-9 0 0 -0.0000011434312672676242 -0.00002122113082678685 -0.00009422547527249339 0.00013881392076763756 0.00031746510963507224 -0.00022744019625417947 -0.000634341741451202 0.00031769714684993724 0.0005335051306058985 0.0001181453453687758 0.0002857546432453015 -0.0002579603625816006 -0.00094337994024458 -0.00018543947888633876 -0.00011214586016918804 -0.000006290923354310373 0.000011419237028478322 -0.00003572662145398596 -0.000010047343628654213 -2.4751272664081886e-8 0 0 -0.000004413775625420635 -0.00005444143687930382 -0.00007003594249755184 0.00018413124516938645 0.0005524786352560114 -0.00009007876361023386 -0.0006123255994820806 -0.0005651859138131762 0.0004397428896812161 0.00022089794004052628 -0.0008167454761998361 0.00002126475929805193 -0.0005677733753480609 -0.0003650578921859532 -0.00004826557379105274 0.00001113704844224395 0.00002242016829484904 0.00003162297177959903 0.000007278390071874006 -1.7022771895101702e-8 0 0 -0.000003258722537091058 -0.000023375870000870122 0.00004998621475076163 0.00012396137085011493 0.00016344078338333305 0.000026531754042244633 0.00007642956868009654 0.00015425727061122333 0.0002322386816967222 0.0007789715426387849 -0.0004649701039951374 -0.00017841468012907153 0.00008848010259421601 -0.00013531186916152383 -0.00007582821676793527 0.00001158037867588138 0.00003093544080065434 0.000019046494848703383 0.0000048335475403626974 -3.100894533273541e-10 0 0 -2.499810906188237e-7 0.000005463884323479095 0.000034724252866568994 0.00003051854999353371 -0.0000401567972193338 0.000030426087883159964 0.00011472924027369771 0.00018032364532832496 -0.00019868663262446738 0.000058180870844588134 0.0001372758723852143 -0.00008464784619062605 0.000113002145024451 0.00004505838707261943 -0.00006805427580396251 -0.000005096718292875761 0.000010963810947477422 8.552067477950283e-7 -1.677583906397145e-7 7.652472525029915e-14 0 0 6.883755744127292e-8 0.00000250999113278646 0.0000162682629940489 0.000031333033937644124 0.0000171919386053516 -0.00004201504027507113 0.00008217671527504675 0.00006541624995793155 -0.00023942376347976785 -0.0001944497474769592 0.0000890502165698007 -0.000229042679443174 0.000025959888930557412 0.0001529454235956405 0.00001589885504470108 -5.960621102096314e-7 0.0000022825714347629072 0.0000010867089347765133 -2.5595662218864715e-7 0 0 0 -1.134854967694122e-8 -0.000002545964064868584 -0.0000015255113766262307 0.00001385377318841361 0.0000013014712989705537 -0.00011181803000442289 -0.00006106292645632654 -0.00007268905561706561 -0.0001178301537170913 -0.000028193583356330346 0.00009807027769388785 -0.00004932834774824876 0.00002617196418594391 0.00000859415292940396 0.00000852779635367816 8.623629885074026e-7 7.958519385681303e-7 3.483619749517178e-7 -2.236998644260088e-8 0 0 0 -5.74622539053305e-10 -2.4415472949073264e-7 -0.0000010271085438660457 -0.00000110132108589698 -0.0000024719024027176974 -0.000015055042984772853 -0.000010640052466693313 -0.000013209437163519369 -0.000024551319288904458 -0.0000013570955482228 0.0000332075287704164 -0.000017668871527577084 -0.000019841443449063205 -0.00004009804453892785 -0.0000033370424115291887 8.423708035903495e-10 1.9559335624417356e-11 6.4135800325186855e-12 -5.141364481324354e-12 0 0 0 0 0 0 0 0 0 -4.276894123878627e-15 -9.671386975174737e-9 -2.137181436024158e-7 -7.626905759704133e-8 1.9962213495248802e-7 -0.0000024679958235405473 -0.0000021720088110828233 -0.000002017921863604981 -2.2549343952819087e-7 -4.235077087781498e-10 0 0 0 0 0 0 1.2566232423913113e-7 0.0000015437816525378076 8.912052265797932e-7 -0.0000015019309692835315 -0.000001488172465879416 -8.821096537900799e-7 -1.340035809715297e-7 -6.696377046447078e-10 0 0 0 8.706775817191731e-9 8.608275173589099e-8 4.946408148007364e-8 3.144219431973993e-11 -1.2372453240470157e-10 1.509447153833309e-10 -5.22462689517161e-10 -1.0267424455950606e-10 7.93457936820967e-13 0 0 0.000003808511772952288 0.00004007290560688837 0.000017734502372293606 -0.000020435316006050588 -0.000030625954990139396 -0.00003784310859071081 -0.000005465586153817827 7.786298795491212e-7 1.3928728948465993e-7 -1.9974512701014723e-8 1.0067029324007494e-8 1.360957448848778e-7 -4.6401535228430314e-7 -9.263556236722705e-8 1.3709775499424948e-7 6.003426924317048e-8 1.684251250060396e-7 0.00000184332734462738 0.0000017268147553452525 6.098356189799742e-8 0 0 0.0000011569969016687761 0.0000011836734454404515 -0.000014209810076130879 -0.00002307603734750865 -0.00004319196001425396 -0.00005509077451112006 0.000002845918304896568 0.000026096779024847234 -0.0000410941030354861 -0.000015746224942613027 -0.0000017564307701267272 0.000002740821673585511 -0.0000014916709676220136 -0.0000015836351147374873 -0.000005015227096907228 -4.445442616754663e-9 0.000002652269039792271 0.000056988305908619796 0.00005191597917064959 0.0000018194337713862647 0 0 -0.000002162885186386063 -0.000026514015639580086 -0.000013483433411504783 -0.0000010638620560197847 -0.0000251957684100883 -0.00027986522477363966 -0.00047249825498424754 0.00022160092400088779 -0.0003845836882322964 -0.0001500677157384194 -0.00004999574902568964 -0.000005898914311626684 0.000047198668066511756 -0.00002051488149848957 -0.00010546220392239546 -0.000009794084186354404 0.000005452414410293205 0.00006461875545361012 0.00005980063285267513 0.000002094027417687765 0 0 -3.039461806887794e-8 4.5445641085258573e-7 0.000003202416176150114 0.00006076402363980883 0.0012017818874118413 0.00004626882992044334 -0.0025162421228959596 -0.0001762150834577263 0.00006406240736818261 0.000046143031434186175 -0.000022960716414744142 0.00007190890486859451 0.0002828192737209533 0.00020637213956291068 -0.00020184480256581512 -0.0001993928491326654 -0.000014610705069943745 0.000004398571059820094 0.0000034973714071944422 1.1582244582648042e-7 0 0 9.433771370364002e-9 6.529855478050055e-7 0.0000016601072641625044 0.00006846414487545494 0.0025811465392706133 0.003278890715967517 -0.00047669612854877214 -0.00013249344778551388 0.00032546740989170615 0.00020117771489832386 0.0003471337592356221 0.0007271339727268196 0.0002596464506672717 0.0007830779966164471 0.0001714773123655281 -0.0003568623452989495 -0.00003211899496434142 0.0000013608174688314626 -5.67660149140098e-7 -1.352368052632435e-8 0 0 4.6805546011114425e-8 -2.303323758907858e-7 2.8538540042440864e-7 0.000009899377514572008 0.0007207815894672603 0.002087021270053114 0.0005739653627528912 0.00017247637185637267 0.00017173449876173877 0.0000029664711733711697 0.00016714723086561388 0.0005325532300639398 0.00040363701050369924 0.0005906633228632729 0.00020175226308467465 -9.729586113247392e-7 0.0000570173883000614 0.000006624217642073709 -0.0000022151816267636057 -5.032756635486625e-8 0 0 3.764146379798541e-8 1.7569746191910687e-7 0.000003084110714507457 0.00014605051390474507 0.00017978653815838767 0.00029872362895664006 0.0003056693630234609 0.001246911717342723 0.0008782105852175565 -0.0008979904183613509 -0.00034664396596837684 0.00004275564296366483 0.0004143732862708264 0.0008143693342052078 -0.0008481421964202596 -0.0008462955676994353 0.000004787736024428755 5.208132243340024e-7 -3.587106445128761e-7 -1.1988112973839641e-8 0 0 1.1283292329462388e-8 2.479000021488193e-7 -0.000004521046957151896 0.00002053418620916622 0.000031429932912868796 0.00021270877292320462 0.000560610773291591 0.0012384568834493995 0.001037631207071642 -0.0002839844967559599 -0.00026055368013259663 -0.00013049150134549539 0.00010907252001343038 0.00028422871025621596 -0.0013282849392001273 -0.0012400878628522106 -0.00004582695712657395 -0.000011550962333704474 0.0000029479433970012036 -8.069107987430049e-8 -5.375110283743936e-9 0 1.031421072652078e-7 0.000003970277810463284 1.4506670834600948e-7 -0.000008355022314409725 0.00003386143632655305 0.00007336142608087226 0.0003683629112562447 0.0001880450085118384 0.00017745564126493476 0.00017299239050086148 -0.00034884938101706396 -0.0005722604014047052 -0.00012726111206394218 -0.00004579399728614112 -0.00009236609983928218 0.00006124914718951913 -0.000067589549955708 -0.00004265144495744392 0.000012996718388283784 -0.000002092573322921875 -2.4093482516167718e-8 0 2.217634368675601e-7 0.000005908342794202161 -0.00006163692670916697 -0.0000800498288826934 0.0001085022765147889 -0.00002941036197826787 -0.00006777985865942945 -0.00010206604970253997 -0.00009915346080021654 -0.00007276513048969586 -0.00036331167825112064 -0.00018954018487778225 0.000042673439211624816 0.000010733643613052185 0.00004122871542702604 0.00004791218470471696 -0.00018290718308301614 -0.00008580725670909944 -0.00002247873826366726 -0.000011086401506855419 -9.676557528496472e-9 0 5.839336062076758e-8 -0.000012764389062663566 -0.00027819598486860975 -0.00025410946042437937 0.0000570428733822189 0.00007865531364001637 0.00011304428678510417 -0.0000591831818647603 0.000022052554425341705 0.00007426141662285857 -0.000028077121604676923 0.00017135539496404353 -0.00007276482144481764 -0.0003091952238397699 -0.00016424405072953133 -0.0001723570348899901 -0.00007644230912673502 0.000004869756535184436 -0.00001958601474692981 -0.000010320617717337004 -7.131471848603647e-9 -7.972554725408714e-16 6.333336401119578e-8 -0.000001394048146852022 -0.00008199771689904013 -0.00010243044073346632 -0.00003814312557750693 -0.00004293122184411673 0.000025230511047016012 0.000025890540731063015 0.00015375929560488454 0.00011101331728268687 0.00007610878479147441 0.00008063899007174434 -0.000604686333262888 -0.0008103089616149227 -0.0005726371967639173 -0.0013297926020956524 -0.00033523114958289866 -0.000016250351568599067 -0.000006192581839156484 -0.000001682988690758139 -2.4161808240837677e-9 -1.0636496152103816e-13 5.027552004549498e-8 0.000002816135311214186 0.0000026374806997615247 0.000052558533786839444 0.00002499886096102805 -0.0000173138154504158 -0.00002947635873458725 -0.000011663609532102888 0.00003125888090261649 -0.000008980864845940092 -0.00010692828109866373 0.00020575204172896432 0.000033794025312975507 -0.0000502797256057224 -0.00013367865571092924 -0.0004711512245879892 -0.00004860799944999392 0.000005658090663578402 -0.0000033119498655252294 -0.0000019500422197455473 -2.595403411840722e-8 -2.121026465919058e-13 1.200428235012605e-7 6.409830021924748e-7 0.000002716148514363171 0.000049410248879210734 0.00003340409331120255 0.000016130838316885538 0.00006188850238209694 -0.00009174842391059073 -0.00009520442645607273 -0.0007279751085266984 -0.0008911375291007267 -0.000033496635174300085 -0.00014816862174408393 -0.00020813504243186423 -0.0001051420789347822 0.0005004152089411046 0.0005821019759392259 0.00003814037660748425 -0.000006864402930554186 -0.000005386704806521126 -7.326670586690907e-8 2.2518266543854555e-11 -9.585998305604942e-8 -0.000008919915645438354 -0.000013777624314499607 -0.0000013727323385884863 -0.000020144998022962378 0.000012556748438420736 0.0002134890704945534 -0.00024025180934212162 -0.00016576246180983735 -0.0015165503436118742 -0.0019559227060333357 -0.00037969923098462417 -0.00016850327121666585 -0.00007002159221460847 -0.000038232088504811806 0.000792316003616099 0.0006558601140043141 0.00003981678719258832 -7.360772862930252e-7 -9.426300846581132e-7 -1.2865148128929395e-8 6.725703759411649e-11 -6.654890288239953e-7 -0.000015031908316455791 0.000013894879661994647 0.00009404911069841297 -0.0001712405743743076 -0.00008491788722154821 0.0000480077262878694 -0.00014830807588548005 -0.000016583939707236887 -0.000579243946712677 -0.0005957218149337803 -0.00017764519659955086 -0.00011592714713783175 -0.000059833340783434425 0.00047221437218196666 0.0011848891625068274 0.00027366059588209736 0.00005951969144512789 0.000003795296685096489 5.901334210728561e-9 0 7.008904442817444e-10 -2.601380470428269e-7 -0.000004789078840183177 0.00004702990097064406 0.0002644262474023437 0.00014830716032486615 0.000025203048276337496 0.00004015673704954486 -0.00005478751609279067 -0.00007927937176910505 -0.00007493216142321779 0.00007262745457077059 -0.00024554555023988356 -0.00036615967598323224 -0.00008053424864408877 0.00038833501251381796 0.0007350667044982453 0.0001931116887305343 0.00009984861973457455 0.000012146097710076462 3.696346340879467e-8 0 9.451700005243264e-9 2.523420115206484e-7 -0.000003502800482233157 -0.00009743455298425943 -0.000010329460916843975 0.000015411919454102897 -0.00016319407110139934 -0.00010077664245211409 -0.00003984607626619047 -0.00004149408525846824 0.000012774190549651653 -0.00001870783385276498 -0.0005726893568636493 -0.00022155955358594664 0.0006085923712558925 0.0005386123102242078 0.0006393821246716213 0.00029469338658404413 0.00004684842967176949 0.000001663283408847899 -1.6079561869477935e-7 0 2.3591532613501285e-8 0.000001049425545856766 -0.0000025687181514617926 0.0001491120597340068 0.0015510250768051197 0.0009314606995184425 0.00008852594329836117 0.0000016257548317959307 -0.00002549712791756314 -0.000043358753373009234 -0.00003530593550863262 -0.000019807524293713298 -0.0003583768859121186 0.0007360897692998756 0.0010205566840415232 -0.000050443298665608336 0.000096521207493698 0.0001244880665334677 0.000013933580871893458 -0.000008393628160543533 -1.1516963243247167e-7 0 4.94626927524031e-9 2.59919464143899e-7 5.837395061004146e-8 0.0001618456693725082 0.0012056523458397607 0.001118443553799827 0.00024276785776107562 0.0001621340351025472 0.000060673546630608576 -0.00010549883243643615 -0.0002791455337670659 -0.0002784119875898026 0.000024686124717845132 0.0008270450473899466 0.0010871267306553749 -0.00002712035055534079 -0.00003543210451011716 -0.000023342041835427085 -0.000024388656356618295 -0.000009777150663651092 1.1203459075016423e-7 0 -7.976062956333415e-10 6.2751744931685e-7 0.0000016682059397941989 0.0000010567395161498276 0.00005607682562275351 0.0001399260484232427 -0.00006094639399441456 -0.000020461820114184045 0.000008698657274101716 -0.00011246327597367823 -0.00020130091387417286 0.00011169201159333252 0.0001896916259413276 0.00039385653890567046 0.0004144446490478589 0.00007638838868263545 0.00002062710739422859 0.000005191632385327882 0.000012035369253379578 0.0000018385325919288023 1.1874734162835794e-9 0 4.419769054734889e-9 0.00002580054811166664 0.000039009871710602904 -0.000009148517675782113 8.325285983677038e-7 -0.000027237277386933955 -0.00017752499757503894 -0.00007228176219270738 -0.000012715572416240878 0.00010128713011493993 0.0008299211940459587 0.0009581384793321772 -0.000013019567453459662 -0.000009930268067326195 0.00005233750600403475 0.000012154812259995032 0.000014155338477977326 -0.000021384827079552402 -0.00001755714083872396 -0.000001588610407401905 -4.796324017220325e-8 0 8.843581577444641e-9 0.00002512682760931359 -0.000020941824546627318 -0.00004152161466802426 2.5160952101324037e-7 -0.0000015930769285235773 -0.000022430591940283066 -0.000017238365955692358 -0.000002990162864091114 0.00015433784240506627 0.0005487760266525792 0.00032973460305780257 -0.00003097549900858831 -0.000042946292580875345 -0.000008289904559215007 1.1377911267880131e-7 6.64614206690464e-7 -0.0000035070180661243188 -0.0000036014315961722147 -4.794839383855269e-7 -1.0017477400515831e-8 0 7.977164203534646e-10 -1.7183736412066863e-7 -0.000014614337799316137 -0.000007984872026697945 -1.2127343904401453e-8 4.40562820104384e-8 -1.443214933648295e-8 -6.902607728298955e-7 -6.765011354349619e-8 0.000010273323107471173 0.000016711772237947823 0.000004514770404940464 -0.0000031518384865126986 -0.0000027448553245173676 -4.4611163932588087e-7 -2.703487142241326e-8 1.1755415662906382e-9 1.7771593226988614e-9 1.9884868059017135e-10 4.363874743636748e-12 0 0 -6.9028283049649095e-12 0.000042034845169315024 0.0008544284944951945 0.0008712302195407983 -0.000006707048330575816 -0.000028244658480272617 0.0001336859657486097 0.00006585007951003475 7.301520701797227e-7 -0.000044436042347258 -0.00007339983261250782 -0.000006884894759384816 8.465162918786639e-7 0.000014400350461665659 -0.00003609425315045936 -0.0001350937746824741 -0.0000764813515878445 -0.00026238201659435916 -0.0005509052139365064 -0.0000958788714296173 -5.4830053789575906e-8 0 -5.3981059382290756e-9 0.0011129816349554256 0.014787241168777198 0.010570960252778323 -0.00043385915698380685 -0.0009537812720780504 -0.00001576496860545104 0.0003140709879967012 0.00004013788224477184 -0.0006692023434622716 -0.0009957997333046933 -0.00014118498827830076 0.000044337837856835106 -0.0003675231464309348 -0.00039492286602211407 -0.001227852262435801 -0.0011932840738387669 -0.00675927227461327 -0.012991483358562527 -0.0017837143419682532 0.000013057346980874948 0 -1.2800880519410144e-7 0.0008152367419985122 0.007242338020114372 0.001104691890760729 -0.000902552233709612 -0.0013739857689600609 -0.001154913622864567 -0.0018739768039332503 -0.000356216982261668 -0.0038993563457822536 0.004106422236114948 0.002980271447218392 0.0018082121286256045 0.0009521152869895616 0.0029012830611330927 0.0017287713127207094 -0.001608737872419186 -0.007532975318118466 -0.0005958346189137537 0.009686230900699436 0.00038340586121688634 0 -2.9054480589882114e-7 -0.00035581936584760466 -0.003176983428509413 -0.002408325959758046 -0.0002600669188532701 -0.0037071362618612443 -0.03839984788396261 -0.12743693442358278 0.009536068032148794 -0.01703384438962524 0.05654677942287582 0.022565840089150194 -0.025592456976273617 -0.031721429017281116 -0.011116778999093822 -0.003479694098863292 -0.0014048969925516829 -0.002018141557859007 0.013335047852875552 0.0126653780765583 0.0004300745743299302 0 2.678468322673766e-8 -0.000034018064680476116 -0.000018545235620164716 0.0006323257710713996 -0.000926018638981802 0.012227355114327454 -0.12907125439459535 -0.40675912934847086 -0.06958380507863658 -0.007735969409038752 0.0265381975517392 -0.009955849799754252 -0.04977703011742288 -0.08814066753155081 -0.03919965063338745 -0.021115253208523886 0.002722898906393415 0.00118255697383053 0.0014525973311572214 0.0008793183795879567 0.000025702285767899306 0 -6.437858255348895e-9 0.0000056571387032825294 0.000174153921986086 0.0020731016973981405 -0.011238998265179571 -0.0042042264179876256 0.025768336953183885 -0.1363997910190896 -0.018770362191108603 0.02648358524115335 0.020952803359562806 0.029994095869571795 0.015356869697771223 -0.020920941225809054 -0.046326795163663496 -0.08057633501560137 -0.007872345326344756 0.0027481500488340032 0.002030327886696277 -0.00034230988936047335 -0.000007482538027591426 0 5.812667606597687e-8 0.000012450786575023693 0.0007847041039258406 0.028989165566382324 0.0483892490475516 0.023633291241540278 0.0979038102998891 0.02469560740014362 0.013239262991799035 0.00501495333006501 -0.0018419522862274577 0.01490014474722851 0.03275359723369539 0.04331732669986419 -0.018922754855057792 -0.09781861284488637 -0.013979367890463067 0.006177361808772748 0.0008524408083265096 -0.001549875787652292 -0.000022761721275313853 -1.1988149700310829e-9 4.9404246392245026e-8 0.00001962063906945712 0.0009804645464919243 0.032836043952132375 0.07954289145071915 0.05839777442426773 0.021031185568897718 0.011105447733338308 0.062024383409131495 0.03350924870661128 -0.03279314678463762 -0.008659109137721055 0.0018969482886403927 0.027732263674365973 0.045920238860434115 -0.019232377786109846 -0.0241480270143434 0.002971251817782812 0.0012710656224051205 -0.00026059824126958207 -0.000002761007614196721 1.73255442706807e-8 8.205174120843067e-8 0.00009924119635914465 0.0002728528159728458 0.0009123798400461288 0.007060543196948957 0.005848102356246752 0.0011339277226749562 0.018949787557025165 0.08114767219947337 0.07916905782148655 0.005905920266276076 -0.00202529096285096 -0.01144459557700556 0.0023735495863112786 0.03158255759527772 -0.004387227512906341 -0.02386032653085504 -0.0027182335798382777 0.00002250046619846173 0.00038341473431912184 -0.00011918412535008414 -0.0000024433211936900384 6.47338884818772e-7 0.00027727659680260865 0.0019220357057533489 0.0008541948606241303 -0.0009174368005202928 -0.00012738192663950038 0.0009318842367646383 0.004251638774120316 0.014511052976506483 0.009616910357528225 -0.01992554769376739 -0.03731354475275062 -0.05581200787169542 -0.0030253282945916465 0.0258119191189821 0.015935136159310224 0.014335246890673878 -0.002719309455742326 0.004006717618079058 0.001927709828464943 -0.0008031879752704801 -0.00001057843063805625 -0.000012366813695554729 -0.0007708161970424494 0.0004787545134293159 0.0006275131193159443 -0.0024487718933604765 0.01032304495547305 0.006569737122792639 -0.0022577869165798362 0.021688927281985338 0.008266724193507838 -0.0670212090000755 -0.061402534354472495 -0.01965322260995475 0.011964920101157716 0.015441364575601971 0.004514811230767881 -0.000519926709983671 -0.007296784398037659 -0.00027533421178327605 -0.005119542039950475 -0.0019437476968517287 -0.0000027631704073561104 -0.000014319601034058257 -0.0009587229677388038 -0.001248937694570301 -0.0049807007790076884 -0.006050402185109011 0.0025482320837007496 0.004386238520761855 0.0074381567100924246 0.010670538523788421 0.004141727230722453 -0.010093762830882005 -0.016947131456746214 0.008032901684379331 0.010226885008742949 0.00021159824045250447 -0.002426231971767703 -0.01893270961361684 -0.005798997918350465 -0.0019075317137388162 -0.005954527212742833 -0.0020466018456009125 -0.0000029772058397366105 -7.270210003262222e-7 0.00002260543217945904 0.002139009444007685 0.0019499761009977423 -0.011913486122891625 -0.012935222839039657 0.0010722386109984034 0.003943090757631074 -0.001145962368881496 -0.0003330427687961056 0.002530938907723184 0.003256753020841768 0.002534994015103032 -0.010335822562538007 0.01765172573346699 0.0012262360231132265 -0.06686414232519548 -0.0018276715858449883 -0.00028244100383087434 0.0002472844147125175 -0.000015909894627739402 3.6705246265282823e-7 -0.00000638079327437225 -0.0015280033656443785 -0.0034161462381416853 -0.0023061952680907406 -0.00500694192434142 -0.0068872556116780555 0.0015183275543036842 -0.0010252628969012255 -0.004434915113660762 0.011080982684974622 0.002936835241235718 -0.003573078503651748 0.011023374718371854 0.0012063323698369328 0.0011852215428827815 -0.00030759351979733386 -0.005431821554265616 0.02394597417629814 0.011748707713068653 0.003645112792000882 0.0001370948368370028 -0.0000013739108124265636 -0.000006766360482446762 -0.0014630332926129246 -0.0030934393748806416 -0.002375329151418391 -0.000996158669636022 0.00145232043390123 -0.004201106721318989 -0.01690835122020477 -0.0891279332923208 0.06546654115012124 -0.004365277249504446 -0.029378928463397645 0.004432927408324451 -0.007637369251453589 -0.013013918598604268 -0.007236434663644634 0.0341437606410943 0.053427659023651757 0.016901950045583602 0.0013884519913493587 -0.0005984117888883201 -0.000007232114293155243 -1.677741188292447e-7 -0.0005541605951334523 -0.005820518538264376 -0.004426017872359872 0.003032714299306168 0.011345311127192104 -0.02990378282751961 -0.07668429845054055 -0.10907787144364202 0.07390192666430898 -0.10438808114078173 -0.06704730444194905 0.00021975338683604447 -0.007718973979125021 -0.005279520154306812 -0.0037551680947529088 0.04875445386876821 0.04925322648129745 0.007757317446658 0.0004956693735364438 -0.000022664575255416393 -0.0000012756197633033688 -1.2210527060560854e-7 -0.0008712226959304784 -0.010442851855816948 -0.005035320450984487 0.007958478055893897 0.002129628607309183 -0.007907431085019368 -0.038844721403329646 -0.0201393187497141 0.07989992314122299 -0.062309138805883076 0.001590066672024345 0.011714209188276701 -0.006233366284420149 -0.0025325267723369754 0.0013181816183839518 0.024737049875625555 0.016584176995167618 0.00480535170268347 0.0008222646775791709 0.0001406158175950716 -2.1199701289676445e-7 5.569065409615313e-7 -0.0007246136583061844 -0.010982463078581669 -0.004476119100672556 0.014881811097422681 0.020140647798431086 0.009824331105429771 -0.0010832740854563108 0.002324596292409451 0.003733151297803004 0.0008425472226623971 0.026916648690876864 0.01168927389196859 -0.006687143959221007 0.00662196389552239 0.004370798056564853 -0.010352409543070132 0.006524435305250829 0.0029157469107527157 0.0008133344753159333 0.00004531367197130136 -7.823307090707379e-7 6.365642603536605e-7 -0.00012789405215097243 -0.0018505400926551877 0.004440822757827363 0.029039643493414615 0.026326772411900574 0.00931466697983321 -0.0007821177399782422 0.0057815061957439415 0.00319880163654568 0.012082973606129584 0.013233207020329398 -0.0140142852334659 0.02162028187160039 0.04085625284996632 0.06000202419529034 0.055699102032239864 0.012742381144054255 -0.00430628612379573 -0.000865511175814017 0.000001732335474701896 -7.01666296031909e-8 0.0000012377858210635206 0.000059816685730310986 -0.0003197899470424076 0.018361053957060405 0.12397537837775091 0.06297484991223588 0.026335923351487666 0.01018436478998609 0.00482977812521058 -0.005749056012864947 0.009787202352329669 0.014780321060814667 -0.033080489452111894 -0.012592395879131323 -0.14517468094430247 -0.12072049801049907 -0.0036156197862353937 -0.0026514335985725187 -0.003931705942621354 -0.0006073558093622071 -0.00001351195629448341 -3.40058715030868e-8 3.224307299978686e-7 0.00002952329661461909 0.00002652824221290027 0.009380429565276842 0.03711060913295776 -0.0036338887397476885 0.007622481683009197 0.007674100294005946 0.004287232562462437 -0.016947625413765873 -0.018166710345577732 -0.014259323939548164 -0.13169915851567612 -0.20200291607401846 -0.06753578109975207 -0.033122803795355996 -0.005409685349195283 -0.005107313593874165 -0.004629008683028033 -0.0004926956725097077 0.00001085076626789924 -1.1833821294170555e-7 2.5116949618145586e-7 0.000041289414753242415 0.0000933218061455267 -0.0005590203708793362 -0.022630633730114647 -0.06879732117334912 -0.036671281404790576 -0.007005115740740085 -0.0034251986297911606 -0.020754234615619187 0.004491242190495725 0.10667957364552441 -0.08810044334187024 -0.11406813396059869 0.016744180102981197 0.006321540781388481 0.004524548707086375 0.004713164454708279 0.001997075349058068 -0.0001653620610756382 -0.000010180577412104938 -4.007756769790819e-8 4.417395793521916e-7 -0.00653732466019408 -0.028719964153011153 -0.008430298657535125 -0.0014878131420948126 -0.013996367450912001 -0.022802208393902432 -0.019535266562627454 -0.0067066612946391985 -0.011963149998208368 0.03561605210984427 0.18265726085716677 0.029922487264047663 -0.0028733492965095555 0.006236345873177639 -0.00021505148842292874 0.0014538879215630267 0.0005269908283730278 -0.0006685692913870588 -0.0005392591889208229 -0.00001833964854047012 -1.6467099016430352e-9 -0.0000010522031463324785 -0.0166243909880054 -0.07039339770035327 -0.0199467953241584 0.00002509706701355298 -0.0004832721918120082 -0.004236724912771925 -0.013945475010221711 -0.004496918540069911 -0.008669635314277646 0.001645701734957615 0.018063815089668124 -0.0006498841732564525 -0.004031056941440004 -0.0008653831999572862 -0.00034551362556570995 -0.00018673075963688703 -0.0003709158455218485 -0.000515256700467587 -0.0001459761278543059 -0.0000029214691337213977 0 -3.2150598363249254e-7 -0.002459701959409205 -0.01016776237772209 -0.002814833872198883 -3.731841900318395e-7 0.0000018548917137616996 -0.00007080936146497738 -0.00041798804615112453 -0.00013878439786758675 -0.0005419821926051613 -0.00025808697443577863 0.000051964831034827405 -0.0003354507536532964 -0.0002894006799424486 -0.000040956776512781124 -0.000002487046181544583 -0.000001610768005792004 -3.008380584129973e-7 -6.892559411897787e-8 -3.662178741111999e-8 -8.270217239122762e-10 0 -3.8700092876965845e-10 0.00017105597816513787 0.0035587081596200054 0.0036858629313841324 0.00007344796886459942 0.0006948152111841986 0.005195423155791596 0.0021826675364877324 -0.000022228878502362898 -0.0011840728154059548 -0.0018368857588249119 -0.0002247085667211394 -0.0001079277285187994 -0.00009814852967642689 -0.0014345826376416597 -0.0021746965883627204 -0.0008102822826746766 -0.0028641680765479666 -0.00526764835988486 -0.0006543843584663359 -4.72074090813568e-7 0 -2.4506334125880414e-7 0.006196749112208927 0.08209280357650411 0.05433231531876299 -0.0012625978664918631 0.004042694583172738 0.03864489109355644 0.015158127482807659 -0.0013206079671272484 -0.01957856921221036 -0.02378155318205174 -0.0038695148672915243 -0.005247821255933706 -0.004348236459359198 -0.023252525456919495 -0.03222282380813851 -0.012836502194776033 -0.08767796140754042 -0.1653835226204479 -0.023981441766234828 -0.000040949201532103746 -2.05125687178413e-10 -0.00003616800944938793 -0.0026762511885575213 0.038321344891252364 0.015476265263104897 0.0012533104678289562 0.012950722081175564 0.023952384085452545 -0.03803278208744145 -0.1297898965526747 -0.12448611687611222 -0.08826704970828989 0.01783551050215831 -0.04296747029000884 -0.01744799405920962 -0.014855998166219773 -0.028220092939904816 -0.020772475702486106 -0.11551170314638358 -0.19916070677689077 -0.015293770684551448 0.0005435962754946121 2.817363669339669e-8 -0.00006393131546134325 -0.035238196697342856 -0.09674240705925134 -0.02552690543635687 0.005850460655357117 -0.03161233360693058 -0.45826206026595895 -0.8923294688471473 -0.7888103891983117 -0.3285642183095423 0.09057336417615768 0.20567854739804092 -0.47742979477414754 -0.07690789523205067 0.07456086298092854 -0.015936467949664565 -0.050140272198507585 -0.03174641311936811 -0.0038406712881031433 0.003979406040598687 -0.001970497091420831 5.489387121350655e-7 0.00008959752431925646 -0.006175889451915014 -0.0191588603342644 -0.003377183156964274 -0.03189531231974966 -0.4480651312249342 -1.8222293463206305 -2.248891377686812 -0.8299726251860657 -0.37202093599005714 0.04688530920759708 0.021547803870004687 -0.38308957766050683 0.025448224861723153 -0.27344850236522444 -0.22630901626704397 0.0043689525231370655 0.0023957324579742386 -0.00016336207123978592 -0.015329463354416699 -0.003610945078729253 0.000009658330023947989 0.000010725897321379156 0.0004636238925981384 0.0013385167714159052 0.01390756075571359 -0.07139429836144454 -1.226618555077703 -1.4336441461878846 -0.8811168132465955 -0.13964451381608006 -0.07453138924330201 0.09719773307751495 0.06892368880917735 -0.03867053927258214 -0.1709776283440842 -1.1058270393388383 -0.8236226057007174 -0.025513969652785125 0.042398702328022585 0.028853119506330203 0.00003202747373490389 0.0011894878098120533 0.00006274064578123265 0.0000037217694993100523 0.000199898714125961 0.006790331180145119 0.21431847979912383 0.34492138586382726 -0.16650625027355695 -0.054769919525605976 0.0341260126020064 0.030622570872798138 -0.07384776787571914 -0.042472526386707246 -0.03416819874635807 0.07664236440924822 0.12345325392426174 -0.4227388281416128 -0.8567376038130139 -0.1831570262692411 0.027054470147767073 0.024391435986064244 -0.0044397760316800695 -0.0005910401264859515 0.000004589736224963812 6.24207694373615e-7 0.0004231037554325408 0.023998409052396412 0.2936003793450109 0.5421085700667091 0.32868552173333154 0.06654447400076774 0.0055070690271457005 0.05920280967394789 -0.21747447758048766 -0.1954494162933736 -0.024191748230178983 -0.02776925279910309 0.05995206365370694 0.18832472589170546 -0.023941983236921142 -0.025392868505722848 0.0231601841641747 0.008377662679624288 -0.003879517468940464 -0.0006579972536058933 -0.00001399884639312679 7.679619139849452e-7 0.0028395074023209468 0.024989152749670594 0.04116802860396532 0.039271736245317296 0.02269970524044952 -0.03926694909512919 -0.025322914041786007 0.17315729045631947 0.045830291883624176 -0.1364639918100736 0.04371496506304432 0.0011381118278900927 -0.0077008972950830396 0.20778587702870482 0.5338646892063291 0.3623768320132259 0.0813080907427432 0.012009153746894501 -0.0041398909020900964 -0.0003011886989203972 -0.000005078422043965608 0.000025512492221015038 0.005482691844732937 0.01489416357538361 -0.009478423871159297 -0.013000426239104778 -0.01134414488262324 -0.08214589141991445 -0.0701186412903571 0.12510775536164928 0.06082678985070742 -0.16440069827457168 -0.070432548400451 -0.1597605329360594 0.03191229733550037 0.18990744915621138 0.3275008282340175 0.2961107560638593 0.03407924693705938 0.0033143151236971046 -0.008471234400188241 -0.003572969909569827 -0.00002006269444797828 -0.000046060786660944274 0.0005541007573928612 0.018642753360459723 0.023445156228175314 -0.003308704747724522 0.018993178184709088 -0.014432408525603953 -0.08074952367499541 0.30689462270502793 0.2519329175036839 -0.19031483199628474 -0.09889267069039201 0.024447052384728316 0.054880990888389616 0.04358459286656597 0.005346386454059263 0.0184078943043652 -0.03064481656461565 -0.036786070480183834 -0.04498979630850484 -0.010888741778928828 -0.000029395706860674654 -0.00005969142275775198 0.0004551921463666587 0.10404286682784748 0.13088147395086153 0.0328661515273889 0.01277859832034324 0.036468650881923734 -0.007219740798892945 0.07074131727877253 0.049361210441738836 -0.013289867435499356 -0.01425311822915585 0.11841916982761477 0.10684356808941177 0.03616483481350644 0.011457511862142222 -0.09463949418840485 -0.028199467358610585 -0.05688590103631486 -0.033137955607852404 -0.0074671155654613 -0.00005469659954457089 -0.000006355274103990491 0.008497852998184877 0.11329254624428467 0.11092336172341387 -0.007274892830165373 -0.0525861426055165 0.01661487770895225 0.02939608346377784 -0.033835243299887 -0.07553951767283579 -0.025671018193876172 -0.01420110530779615 -0.03448036597677499 0.032757862633236066 0.22578512827907127 0.16591498301573473 -0.27181687158052775 -0.09842398118347023 -0.06650002644847748 0.008353971036209058 0.0031075927433840736 0.00003193477625637699 -0.0001780875276033331 -0.013778953915268979 -0.036959341800689785 -0.09760031258823909 -0.07612315927904127 -0.03439718275042398 0.004477606010775772 0.016207280705212254 0.012300014135113925 0.10920711857030682 0.04088976015842711 -0.01719833545450229 -0.0087724962504957 0.0033513497070610057 -0.037673025720992306 0.012632901459208118 -0.10666198864563606 -0.20808035188579246 -0.2137713405981139 -0.0720770866244805 -0.0019717519277518006 -0.00002690470164606726 -0.00015231608007622473 -0.017984013431910414 -0.0483528156814501 -0.05272099768472757 -0.03691834783123987 -0.012794721097642348 -0.03203184988785783 0.05773021725175877 -0.21666972716336577 1.2333842793875902 0.5891364330021625 -0.038493676587684676 -0.0058665903148461445 0.009121466059058479 -0.052105557223836745 0.012686975584492142 0.10902241130389739 0.19605455009642087 0.032731443428278995 -0.07145637860238409 -0.004154177458321488 -0.00003568162558927626 -0.000009254763699832928 -0.008569599866741572 -0.07346543365030991 -0.04306263890632324 0.010829154512590752 0.02832941073805844 -0.10453236374573037 -0.017667704898936112 -0.5610718116394474 1.0975514944113016 0.30680126237164485 -0.073143391517138 0.036699565645770135 0.02234127864422475 -0.03958067082872952 -0.014365218737639077 0.08309139470425797 0.10106587488988035 0.07215487628887997 -0.0023137386852527097 -0.0006194915402218732 -0.000005959524524727873 0.000023116685138542685 -0.006284725684118834 -0.09173241188292708 -0.0779675096149009 0.012566276964985017 0.025708177113515047 0.06387797380752189 0.08473111117414146 -0.3427360877959274 0.20823248116194684 -0.2459803548204396 0.0643119727426561 0.09918961709314358 0.022630354178700362 -0.019081900831483693 -0.09723970750238675 -0.14878795056888566 -0.017686690006124706 0.01548081129432783 -0.00228346202431194 0.00008451805682449977 -0.000011555128522082791 0.0000039179090772384355 -0.008753480561326757 -0.16160118481653768 -0.11992880587618748 0.09458822795982123 0.11655724226760233 0.10882261417568719 0.06199468700132663 -0.03477551293034874 -0.03894853879941988 -0.00026657400935873286 0.20838700332951668 0.2023117609861181 0.06911178001574446 -0.006792457632213403 -0.21036825164354464 -0.4907081832132253 -0.03838690290649521 0.007003710592662666 -0.0029302296274593548 -0.0012844345630396708 -0.00002375033552224194 -0.000008279559743432436 -0.0036758297441399053 -0.04501545820363443 -0.00658800642341416 0.2355722678856341 0.14092014693683483 0.035740634958315594 0.014725631132992422 0.05294965481014451 0.021033859767336436 0.06725524811181144 0.12208118874203186 -0.005578450183743856 0.10722087218364335 0.18530384812811215 0.10777482721146038 -0.012144486658183419 0.008089955926647397 -0.02514286125778167 -0.004532804290476015 -0.00034318627893852944 -0.000003316929701153862 0.0000038855565195756386 0.000314326734463902 -0.014176575940419498 -0.11220512221626937 0.14517708390895173 0.012987737049446082 0.027936390798971467 0.03790516210654687 0.04047315812432939 -0.0588096227228058 0.03955131736744074 0.13639714333539224 -0.10844920959512974 -0.1087869323618826 -0.44059069551393526 -0.4236036851229711 -0.1068204685404281 -0.025910577469513914 -0.011883851998996612 0.0008126459357317323 -0.0004946080892018693 -0.0000022003314231605298 0.000006517034781770654 0.0003465112021619698 -0.001470107485743671 -0.03303618494292043 -0.26069811205519083 -0.4458592930300238 -0.06530489419918127 -0.03923371598567122 -0.0341418609202698 -0.1314693464545283 -0.1326786746189024 -0.03341634176382976 -0.6640059194742887 -0.8626931048038257 -0.19771515900520947 -0.11644743823905004 -0.019304168633327734 -0.009412510065780946 -0.016861335938574393 0.0004711423726012211 -0.00030802606218289906 -0.00000297849282249618 0.00001623709739175595 0.0007828714180724675 0.001085673884864466 -0.006399729343793968 -0.20947280975044852 -0.5246301808704268 -0.15366181261009448 0.0010886027930247337 -0.040355837287055794 -0.10162513612476007 0.003751706507213841 0.10994394626829697 -0.7405952353970751 -0.7928035914233513 0.13474777719028588 0.04158734722574221 0.023914451068872862 0.022733270825297126 0.004597322031874118 -0.00047392570522004684 -0.0001003236128527491 -9.887351014002092e-7 0.00021872843015422716 -0.01618137776029534 -0.08981598195544659 -0.025942745177342443 -0.012139821682662906 -0.07274379472332208 -0.007770754746057505 -0.12833096786808404 -0.09139033513013164 -0.08659342961549191 0.07331529106778868 0.3063536218103437 -0.06728840922592148 -0.045443572876142604 0.018554744792032625 -0.004772029976775624 -0.000015100695667102741 0.002935557415066477 0.0008484217477183057 -0.0016433705874870218 -0.00009123952343398611 -4.114152865486581e-8 0.00025484356787839723 -0.05161132998476234 -0.22759179849365407 -0.06053026878934243 0.0001769938059942389 -0.0011438143635047384 -0.015399554419074167 -0.10596479113765316 -0.05582770885175284 -0.07562658032198913 -0.023701200653179294 0.0306667429876915 -0.004968928245739047 -0.009431369440848754 -0.0023547417192172474 -0.002518036788667447 -0.0025966385122187462 -0.0019156610736556555 -0.0020411614918380613 -0.0005913481422005853 -0.00001030803503041557 -2.329392361043183e-11 0.000014059889627525672 -0.008367255853899016 -0.03325153962444887 -0.008457510797930107 -0.0000027035690642392557 -0.00002094265976043879 -0.00040628744773394933 -0.002040289689724419 -0.0011805451257337265 -0.005120960364131964 -0.0034237926205559705 -0.00036348564195794875 -0.0007268251323709388 -0.000622230492723222 -0.00002255466940654817 -0.000017870483337035648 -0.000040614805207626474 0.000006398351274912908 0.000022446216818854627 0.000004678766664711051 3.072636925989818e-8 0 -6.143775767180055e-9 0.00005041757508257003 -0.0008271538304753364 -0.0030831951898879773 -0.0006067827698473742 0.0006510692407396016 0.0056854055974464735 0.002653581244965022 -0.0003440108721286508 -0.0013421612473015771 -0.0015335499617216916 -0.0006083996429133286 -0.001378099978072841 -0.0017022783146528181 -0.00987004803360011 -0.006072901055734617 -0.0007061925910177366 -0.0015665963492580103 -0.0008715113012246571 0.0005876175368893568 -3.730992173155997e-7 0 6.771305666766162e-7 0.0010112744901996467 -0.05031608176337733 -0.1257482871412625 -0.018637831851422697 -0.0065876027161373115 0.024470360231301537 0.014005555527621888 -0.006919434605195375 -0.023142633468272375 -0.017443521629262028 -0.014258629012736288 -0.027277881739522378 -0.017701928649385742 -0.13020430209663642 -0.10286675323613649 -0.013863557771819206 -0.05252206620445192 -0.04916844918058648 0.004969647521107121 0.00006185966816351927 1.6937392431709513e-9 -0.00009661813627996125 -0.008062895032753823 -0.13842596118714037 -0.21068518635513142 -0.015222711997467674 -0.0029462558078987003 -0.0021406551255986014 -0.10572860686640682 -0.3436472878120672 -0.5058358442638706 -0.6056627347112633 -0.1755545000288886 -0.12753211942892498 -0.009725188853121394 -0.1080913287010726 -0.16877246502160295 -0.040055546573727306 -0.08259277600824631 -0.14516639547082194 -0.013618028416914322 0.0014194227142774953 0.0000022147341086002764 -0.00021616082989225525 -0.08134282147038496 -0.2075876805565789 -0.061746570253220445 0.019016917319519645 0.07975442755584555 -0.7500238745001595 -1.660692143649462 -2.5126755040534965 -2.56195656416491 -2.316217419792173 -0.12260943808795167 -0.39902621409036526 0.9911438642139411 0.5205694693496683 -0.13031597964701114 -0.15157033319279795 -0.028642434672279258 -0.11113859097175839 -0.15057290150147018 -0.021731701612398086 0.00009128986617074414 0.0002296790782178896 -0.019212081252360826 -0.05468812660742969 -0.010515233547542316 0.05447456475685435 0.13883827072572674 -2.663680200816932 -3.194844193889716 -1.9564045076703083 -1.4112055557076753 -0.51889358212778 0.09013481670196585 -0.1834664730042838 1.707150447015988 -0.013920509884464558 -0.29652777347185805 -0.04228123803794424 0.004310018402371668 -0.05021469424435694 -0.16087485752574743 -0.030058561963490712 0.0002908130126549999 0.00003830141124265352 0.0013485071069190356 0.00167249955432143 0.11837663543493028 0.6611133908514799 -1.0629991164929282 -2.206549611949453 -1.171942597744504 -0.22947760156918998 -0.2615525351017474 0.11859554450902118 -0.057160799962779785 -0.14388648144359154 0.05788721513243662 -0.8009203983591936 -0.30242945417553635 0.04171540701002779 0.062228657024319095 0.014961058330402326 0.017097547023002306 0.02940407166101547 0.0012207249422698824 0.000026878912394552962 0.0010636284250492528 0.015301618309105532 0.2791256541802801 0.9813695395838166 0.017422574394241157 -0.25201000916840327 0.15966027757401643 0.3082656320164916 0.09470240377957514 -0.08943936334080073 -0.2968660076046936 0.015148573096248653 0.15961470443109962 -0.31678035765729834 -0.9220416745169354 -0.44040853967489385 0.0069082318957089835 0.004913389252297788 0.0002131863451580425 0.005000621423158842 0.00028949892293819837 0.00000486330380764983 0.0011698135205034635 0.10668874356371821 0.41962770977505526 0.5023096653270749 0.2820938109876967 0.006036851923241127 -0.01114280805827554 0.01060706836950714 -0.398677505384938 -0.10887792551275569 0.029868301478488783 -0.05662796801658944 -0.07501445368386947 -0.6027861560606894 -1.1852410565174407 -0.8808225109145036 -0.18721685199812588 -0.04204698345315626 -0.029671482600569156 -0.00556676153486382 -0.00012070060650957013 -0.000005755602600211427 0.0057857959758932 0.11643553723376535 0.19910595455228478 -0.005073097190587824 -0.013439363614774722 -0.07620741994024202 -0.0994818181773405 -0.1206449370633062 -0.35074750610948185 -0.2560732526087926 0.04916966329003958 0.04631128122948277 -0.0373136548039313 -0.10864024618088684 0.17667417276635114 0.05513117994689804 0.20071265228250973 0.05514045916861242 -0.03399146855637081 -0.00043074012829738334 -0.0000063760138539691656 -0.00001729732292046829 0.0144617531803246 0.04964624438000733 -0.044211058123355546 -0.056326192646321105 -0.034689825084918365 -0.1774312790897849 -0.04678554742537245 0.14464444210127314 0.05019342450806637 -0.10055602773047073 -0.02143015132279957 -0.0450810853778143 0.011063909442961649 0.09446636044034096 0.5346226594686999 0.8092678525085061 0.3525231929110859 0.04187259634918214 -0.0522392668392649 -0.011642781936865578 0.000003927437333315849 0.000005252987813012722 0.018725338337937616 0.12977054678809055 0.10867642329761024 -0.05284940932574156 -0.08409851127670928 -0.27297660064902823 -0.23473598508403792 0.3082698864741661 0.32014357788460823 0.05230062709854417 0.09171986727691255 0.12092515376391144 -0.08259590592339454 -0.16626022666703846 -0.265234278590042 -0.1481483254183841 -0.23057990956066346 -0.17426832444088428 -0.0988878881230741 -0.024114268880103686 -0.000038213155489489084 0.00003048519693918737 0.022220787306670285 0.27805937934518943 0.2862400777831111 0.004862728582853248 -0.08757773496158756 0.025825824146780467 -0.03434858952189481 0.11139019989515037 0.17223139763006975 0.07069956870703265 0.05037630889745711 0.1503676777584273 -0.0001592855516304604 0.2634162410348829 0.1742696499539141 -0.667397262432528 -0.34449588473276554 -0.17401035043961927 -0.016827595119851744 -0.0016422143496217126 -0.00005995823845050905 -0.00024023747065470227 0.030518767547848123 0.24146225941018018 0.176873570492694 -0.0009867869926022416 -0.048527440166532654 0.01975003587153824 0.047110724811006095 -0.07022697731964082 -0.18682846233085018 -0.13017689503601368 -0.06855664067893406 -0.065838165789651 0.021986029367011595 1.3629190063437497 2.1892754057214128 -0.4576795904641112 -0.34216399603695585 0.031637604028408574 0.0703497065279266 0.002712396205324647 0.000051038977177052025 -0.0003835374360177587 -0.010323206460238874 -0.04779073855306157 -0.1939643666305422 -0.10727405413000617 -0.01660996913509285 -0.03173505068689704 0.016444921632114196 0.045692508217447726 0.09010367088219627 -0.059459655511820614 -0.02261781674931897 -0.08348159091347386 -0.02554652993548738 0.1734833386844739 0.2773871518787878 -0.42023296792139303 -0.8024551850782158 -0.9137143850234539 -0.32640520077832735 -0.01805447223369568 -0.00008978345721944677 -0.0001232751447615993 -0.016691290202202533 -0.06039682036285712 -0.10249256677440038 -0.06575807678071938 -0.04065645603239297 -0.19160816175462808 -0.019001707242227276 0.2531499760167931 1.8052491708152978 -0.28635456633049433 -0.323365703238359 -0.18225945861574577 0.012283482914570022 -0.013696217040328343 0.022897191971158574 0.07022402573383292 -0.09653416029037085 -0.32434911199347305 -0.20741311778420332 -0.009624341851342054 -0.000022903990207948688 -0.000328211137501487 -0.009403662035825464 -0.06690602943491905 -0.0329924107632618 -0.0071165693430660015 -0.04306745746920152 -0.03936433969287287 0.6533818801367796 0.21206963425985337 1.283690191176858 -1.5425241899311963 -0.5840265396852751 -0.054435789688810556 0.0842110920633135 0.06626402408119302 0.007188824496353423 -0.04498274138753523 -0.23104780366389202 0.01215726455951334 -0.004882237867607282 -0.0006703052431565154 0.000012713078104901326 0.00017901241063985327 0.03695447334916588 -0.01065558568011864 -0.10265651236176546 0.02636825586727186 0.01893482473710543 0.3924240549478958 0.871195985385704 -0.5682599189876181 -0.7811569509769446 -0.9857826852135905 0.09069274175414344 0.08680250897487843 0.09825296529615947 0.07932961607873029 -0.07571880514640199 -0.1521448199301256 -0.003392784869566468 0.03949390046070208 -0.005934444682731051 -0.0019513503732355479 -0.000018356998796607434 0.0000014146816384756902 -0.0006728308046616638 -0.33572983421129726 -0.3949553289038579 0.12690182041108594 0.14904134625387414 0.5865438797166823 0.5452845145958973 -0.3382294250059491 -0.39006705539885156 -0.022416025497477496 0.33253794465320696 0.24627707639826346 0.10038738338223241 0.008503600857537319 -0.17796195273271415 -0.368212937032968 0.17953752373268397 0.07141098165734648 0.003647062264467533 -0.001320410083723415 -0.000030012455437989852 -0.00014224391779500223 -0.028928296897894338 -0.36308618072900356 -0.32841531307754107 0.25071487962175676 0.1056969939995678 -0.15176373210708066 -0.1263154688750889 -0.03040329397091361 -0.03831374677794543 -0.017852815974617055 0.05579273558806567 -0.2215159826826864 -0.25065257554603754 0.3886063348606865 0.4880756779104373 0.4909844100286363 0.20485861685652162 0.03473707491981661 0.004569382797308438 -0.00015556018204574903 0.0000017149883095385744 -0.00004392495661825505 -0.005424227061248285 -0.10901439909017026 -0.5323377181722767 -0.349572913801255 -0.12950690621388414 -0.2735073416918324 -0.3070482607636492 -0.11320671237643248 -0.09540101362426943 -0.029482454084480553 0.009098574046099024 -0.1711930108165343 -0.24200722804057911 0.2467018750327889 0.619465856020443 0.28017722731763506 0.06260241664278621 0.013547740672059636 -0.001337193359700842 -0.0017998557458565817 -0.000013207575089608092 0.00006628864094043037 0.0024587069422339616 -0.012816112061573676 -0.2626686620820711 -0.8381148979095193 -0.7584811934989601 -0.2649389540924697 -0.15584390625921934 -0.22656588502761815 0.072372051743547 0.21083895297873123 0.01108752408431221 -0.639734541531302 -0.7566178596759646 0.1881151343593602 0.5306665651611554 0.11955083194156738 0.04316700736031236 -0.015359655018526958 -0.004342119541345954 -0.00031955557191566534 -0.0000013192600163302628 0.0001453670665419799 0.006020917593972234 0.006459273225003736 -0.025826237931990882 -0.30755295173268404 -0.9593376919248549 -0.6579812650376331 -0.07079481579757926 -0.18302454125213 0.22773202517511332 0.399053682417049 -0.31689584684227945 -1.812482703252701 -1.973492150493787 0.15282361478173676 0.13943544470081803 0.06899085454106686 0.03199584790769618 0.006843762735225973 0.0032514539114079223 0.0002834366319083697 3.929413537742208e-7 0.00046415642018930167 0.018098915465343583 0.010671711920620702 -0.003813085358938255 -0.01861098470444589 -0.22760613799228738 -0.19147831947288207 0.02575895394366573 -0.10359671430839483 -0.0922674731735093 0.29241304216582265 -0.08158282518565951 -0.6706655569999895 -0.4046398035068948 -0.05753679885374572 -0.0175911377512155 0.010164598936688585 0.008530697221225602 0.009398246441247753 0.0012284568480243564 0.000038239243176272634 -1.2705711853139658e-7 0.000539149834620851 0.013613833595669278 -0.01280986381780506 -0.009539063409661043 0.0003357550181536859 -0.003369985649778219 0.0040071859505114785 0.009415126901204414 -0.024900910267876074 -0.09524925575323998 0.006779823028381815 0.07352764910946209 -0.01874698274013985 -0.009164116784762172 -0.0020298188267938565 -0.0025895614899847097 -0.0017283900005844446 0.00005781793427264085 -0.0008699546454242991 -0.0002804541810475348 0.000006347610335676244 9.054553179848379e-9 0.00003184230883453234 -0.00043787360862129814 -0.005129625018879439 -0.0015641893373105572 0.0000037160734227904294 -0.000044084877264444525 -0.00012732408727646584 0.0005873193407412085 0.0009663150434217001 -0.006145695059148221 -0.007722988823413155 -0.0007083155166738451 -0.0000037603623750417892 0.0004430794799798229 0.000496384464464364 -0.000007558871886196065 -0.000059664135822366825 0.00004295448104052779 0.00004387269396704859 0.000001703882909370007 -1.778211276530214e-7 0 -5.194002028238323e-9 0.00016925809674097768 -0.00008579010335660881 -0.005169202475072423 -0.001020308667671413 -0.000044427661774130924 0.0009560314253743043 0.0011491565471648134 -0.003833414106574635 -0.0019068586319363927 0.0013450162376426153 0.0015493267635212184 -0.0009469785552558524 -0.0006166360050471815 -0.012774834026061721 -0.006029604839429187 0.00035636627113338766 -0.0008333171703958628 0.0011672386594624314 0.0009917985680773173 -0.0000013859998866010223 1.0234313615291816e-16 0.000004893575535307395 0.0047990868597415914 -0.04136135026859963 -0.15038565683865798 -0.02512956771608341 -0.020946631370306758 -0.019167029304637068 0.005289656682083386 -0.02926176410323587 0.05471341484402658 0.08900422757032099 0.011052549735253922 -0.023084386074827504 -0.01618431500592336 -0.16056495389317527 -0.0929537333598749 -0.00024679347950899857 -0.016387902887143226 0.014527093854274253 0.006462142828930203 -0.00002172495834404614 3.1299792722056993e-7 0.000103135608838228 0.004852016975046616 -0.33739959918749624 -0.3763386215579964 -0.032753870232747465 -0.044245981516680515 -0.03239928351727252 -0.33815681632818545 -0.38132857629617195 0.7231305530102665 0.39499490663416786 -0.8766758729888176 -0.6504280965879043 -0.19246182560925282 -0.13759653159850513 -0.13666769049485197 -0.02083872422109734 -0.05500481974148151 -0.29883862509981324 -0.12734800387750883 0.0025271863213397012 -1.0487084834487704e-7 0.00013131679284027255 -0.006789136828752326 -0.20367131686347015 -0.14764049202504287 0.030000687288182646 0.5636267564853573 0.8790434116095875 -1.9546103497664031 -2.97219916989011 -1.7382107376722609 -1.666809439880051 -1.472299159073524 -0.6227033812702266 1.4504791001764747 0.9908428303264787 -0.010034726418731781 -0.04983284811588063 -0.004924013260805989 -0.3203985856069794 -0.3172207471638762 -0.019405911737684606 0.00032513592662592003 0.000028982783976351896 -0.006110079819183012 -0.016790063762296817 -0.0009273672829391965 0.39659846289460227 2.4431952969321546 1.0776272185945868 -1.965353433565214 -1.5508105273918735 -0.5786968165007779 -0.09408483330203822 0.3405711439497788 0.20433629744425102 2.0582768403904526 0.7993982508758375 -0.9733849896867056 -0.2193334611706365 0.033459037123177146 -0.08917181565557596 -0.20420166856729613 -0.015785774283585963 0.0006511572291203727 -0.000009930247275403124 -0.000051659757024413657 0.003863333380094662 0.4340193112672383 1.791620078610348 0.5758191346470949 -1.026562198518533 -0.8866026659692643 0.05971618828287016 0.19727960118388124 0.09681229449943449 -0.12150561076252592 -0.378992580215632 0.3671920181932634 -0.35239009699800533 -1.944664097274598 -0.4713784219624819 0.04107318509175641 -0.0341361704384097 -0.0166323633007823 0.026222552099384434 0.0012517031182721087 0.000014564283296655272 -0.001555745922875192 0.07666541719152907 1.156916135841014 1.9944038966809214 -0.1677462240860631 -0.4057526548820891 0.19271217576731847 0.4223145930136656 0.3214002746844959 -0.18268014618847825 -0.3402747158123026 -0.21973332685935296 -0.4493640107925407 -0.7472634945938107 -2.3109237018129436 -1.3664172458157502 -0.0024933368236552704 -0.05412220090261864 -0.055678599125896185 0.0007682992079276703 0.00030253073757968203 -0.000013888233634757438 0.0005958780905016859 0.32270815176038137 1.0657828162801672 0.12497411399609412 -0.14722610372978656 0.04223588979612204 0.011138745604256838 0.015137589217712459 0.07132723084257643 0.08069682593434378 0.038611072195339706 0.004150055391158194 -0.15815503803778858 -1.4233052661911203 -2.7856036295538447 -1.9977629729226711 -0.22266743793687607 0.005740849696450026 -0.020542458407195596 0.0023487437034279157 0.0000540817305155188 -0.00003537408083306069 0.0037273668988113936 0.2917187308036961 0.3317523319777364 -0.26154320360639505 0.021073891369470788 -0.05856699354978755 -0.02267595774363495 -0.03647719410084315 -0.08867762755413176 -0.06597694499831232 -0.0545586108096179 0.0012889577181852468 0.07006821061401314 -0.33856371573575095 -1.1513861021211316 -1.1774046793750415 -0.1597914003828486 0.015218522873737615 -0.0024288712815480266 0.005623977364528479 0.00001721409786027929 0.00010754520928543063 0.014355275382511908 0.038520403170463346 -0.08341688600063886 -0.13997230492250265 -0.06472003693686293 -0.10413052794454723 0.004336511107344661 0.0712144198865753 -0.001552784430831614 -0.062060638248086504 -0.10868698640298756 -0.008024398868135628 0.04188524406974403 -0.03638087381921622 0.03927711688590978 0.08554938641155926 0.2955294188880047 0.2012137221061938 0.1259143161491669 0.010246990303131987 0.000023258209479315618 0.0005038209568105871 0.03744307983060377 0.09413046554531922 0.08919290691896407 -0.1367009470075637 -0.37989724543254055 -0.40833705498171763 -0.1339250163870112 0.1706703465324848 0.1618370297667732 0.027113198332776475 -0.11822681321638602 -0.02361770469140341 -0.21751572484334994 -0.7173648406082944 0.012441721667779682 0.1527711541987531 -0.0722135661705639 0.5183237373078023 0.3352242705650981 0.008222343423939987 0.00003064261540093073 0.0003532178039229555 0.029421094538761447 0.12079684103631126 0.14451150344408187 0.005718928031140165 -0.25895882972214523 -0.08097056863775967 0.10341476470353086 0.2025079477454046 0.20255640783914997 0.005568815837762748 0.0773795709988117 0.13987254465172774 -0.4221633138843628 -0.7180341788915645 -0.5774265104732744 -0.7811159964027141 -0.8875868245750326 0.36135620641075444 0.40009166457431844 0.026012909276209223 0.000039218572089665554 -0.0007153231196853514 0.010848281137431713 0.11397022479941339 0.07340609007560103 -0.023025568660888396 0.11373364195651996 0.2585394415315793 0.11293718995222352 -0.09506649229214335 -0.2847395464812129 -0.0621243488206254 0.22490398200688527 0.07626286077776048 -0.2951401733846601 0.9598866037705951 2.1298991389462447 0.11051233400171909 -1.087214887982499 0.05587250331041325 0.26637807604942026 0.004244928639008983 0.000008913374470290374 -0.0006564348569609616 -0.01533761301497308 -0.012424822538658143 -0.10051140458121624 -0.07380881660793849 0.057914803993939654 0.012544862670968437 0.03739876018439719 0.042623189295154316 -0.09773400355544665 -0.17309472797567912 0.04351826178283639 -0.27812722551872565 -0.27066195114612773 0.18087367390215833 0.2775733709648982 -0.05288459274207693 -0.666515709608664 -0.8371695649045932 -0.14635716855429404 -0.010044110448579766 -0.00003979052399334425 0.0004242881986780874 0.025640450665823038 0.04188287436858828 -0.09263168146301082 -0.09730055682495363 0.16122627308854837 -0.08900091001666872 -0.3705811827563398 0.09999885831731754 -0.6008454037856645 -3.5375882469949063 -0.7350002219045785 -0.32677946599436736 -0.06774826232377497 0.0785482255006296 0.20089596351696648 -0.0889493791648921 -0.6277566703491482 -0.6141083276303914 -0.1005659103630978 -0.006217922861251651 -0.000011429843786695736 -0.000018664317882834147 0.021988598529709722 0.07107265013725492 -0.036282809152826646 -0.18567353666139053 0.10166464022951317 0.09711758238006307 -0.05940207429396566 -0.2465154667758743 -1.5021821172053371 -4.225816099532928 -0.7433670518548293 0.042049501035779244 0.07442172441652739 0.09852045491690858 0.13905515650173642 -0.2779192536781958 -0.7065486045883642 -0.31179980428774345 -0.04256073320339292 -0.0005262598030557375 -0.00001573261200745443 0.0003311957004800628 0.08450210745406077 0.106547219324694 -0.10026672921293264 -0.06145751508244695 0.0023899307725937092 0.2714202805721661 0.44792431591308024 -0.7252991784528339 -1.486157097632425 -0.5815807209189079 0.30649458759364306 0.09481271691671968 -0.0028203918726106693 -0.01266519631496736 -0.047253498767045966 -0.00638953572375354 0.43227373115278944 0.14896439372217096 -0.0008907080922999346 -0.0019267389818139699 -0.0000826205870962274 0.00007537150816174902 0.006631273774884289 -0.3959163167406914 -0.5550854251221357 0.020015850265947106 0.08908483505889694 -0.10009222854388208 -0.2568931711186713 -0.2447303640994159 -0.028191792180016672 0.3643986309501589 0.6518418367997093 0.4112081324938343 0.016623646997619236 0.14222969573801317 0.12038243357862605 0.7676025847542218 1.241329765310837 0.2484407765417579 0.040337832009267806 0.008601186237857942 0.000060237167705219435 -0.00017361153804613358 -0.07222548336714225 -0.9178477723457916 -0.7583966141307346 0.3069402710408216 0.1657882123095837 -1.8010614965819896 -2.0650343584057076 -0.3359684319328051 -0.352865453923266 -0.36328028708204096 -0.019243156407114402 -0.032329761713324655 -0.37665319006153436 0.3592620017060741 0.7528778656587409 1.2729874891757396 0.47072495085385124 0.03265445016129139 -0.004247742691855393 -0.0016540163567874643 0.00006119758364827087 -0.00015040370199937103 -0.024436484007011983 -0.444844696793789 -0.814270443689954 -0.2701670199633323 0.052854111391284944 -1.5549395882205748 -2.6313424603789177 -0.7616233219366854 -0.21980978776226937 -0.14829562116170217 -0.22426327649134709 -0.3565129346434589 -0.2297471071226547 0.8399383371124385 1.3079595936158166 0.7789328838447742 -0.03365900982846571 -0.0784876550426371 -0.01903066749867889 -0.006288680241822772 -0.00002333784932259834 0.000028844787517340304 0.00013770339281155832 -0.04981017892811176 -0.4677458334259402 -1.3780828633479607 -0.8432431784520064 -0.4639611023772125 -0.5495674157073429 -0.49378410227722336 0.633573277115823 0.941563516259976 -0.14547697425418177 -0.23420710377267087 0.029294672513967897 1.6884839527684272 1.3780632939340203 0.22653333433295605 -0.03369429654524365 -0.06788900976336353 -0.01502234427964688 -0.0014887969656001995 -0.000013057005453984898 0.00008281600634802141 0.0013252126795210066 -0.006416930600583265 -0.06250994171932506 -0.5378928135097948 -1.385649705032373 -0.977734090110461 -0.4686797760922203 -0.6236083215801438 0.345699972362206 0.9234689404160153 -0.13193446470939948 -0.8450391434800626 -0.8667137374193958 1.2043641202358948 0.4916877134626199 0.13495090834267706 0.03465831181432558 -0.004059235301455831 0.001715608164851974 0.000645587519202917 8.705536289266389e-7 0.00020521026101833612 0.009723603300389622 -0.0028431477797003883 -0.008921590488007477 -0.0389930700031161 -0.34250158943949144 -0.5393155413290343 -0.2388196090036992 0.13253363642949115 -0.18416982838433676 -0.11290309405455105 0.05574859270333184 -0.14971280097334058 -0.2265621549023404 0.060847801912060344 0.02836668449902259 0.050757241551890195 0.020232221857673115 0.009849869534031287 0.01046259545592115 0.0008533569425460114 -4.663232688663683e-7 0.0002615965361947288 0.014586951246803587 0.01165394434665509 -0.0013619427394902777 0.009515660185679 -0.0030644765982691226 -0.02007726482877413 0.0053898499531629005 0.1392584738056967 -0.03379341897595163 -0.19623470296026505 -0.022698053569922622 -0.0007860889980928882 -0.021578725682706086 -0.022188611665314127 0.008985811954165122 0.005161965821327845 -0.0012513578845708931 -0.0018919149670490961 0.0020277436538001428 0.00018717224872183793 -2.166906132405101e-8 0.000016796653875094613 0.0007871943449134891 0.0001685244957256188 -0.00028822594309494364 0.0008851611601359386 0.0003526397748418657 -0.000055697680441355644 0.00020171691206678948 0.006532477286712149 -0.002075268539954232 -0.010689935519060889 -0.0018209611688029207 -0.0002536892846911374 -0.00007614656320933126 0.0004226381497434201 0.0006370278555113889 -0.00007558915418487647 -0.0001376845473379026 -0.00007631016456160224 -0.000009494075587461233 2.0352352451941102e-7 -3.3593918234185477e-14 6.705739741395095e-10 0.00019162503741542466 0.00237769539376644 0.0020533598604438154 0.0003223475271684722 -0.000007961441483656545 -0.0010979527912039527 -0.001117609468662038 -0.007791826792433257 -0.004368552577578502 0.002162487955290121 0.005184236843384987 0.004017111626078922 0.004408251427271906 0.0019157805162786812 -0.0012564924846897678 0.00013246568180939468 -0.0026713418164444587 -0.0038332131162389354 -0.0006791048763013142 9.029468651638509e-8 2.3491863667050113e-12 0.0000022757148692470644 0.004935827837306829 0.024155671676780358 0.007061209421633769 0.0025744403049699333 0.009466714277225346 -0.0004366947567654193 0.040771604853979224 0.038625531961864426 0.1256321546540792 0.26564873195733063 0.15125764940577285 0.08538808160898725 0.04690308384340731 -0.013864950654323457 -0.015056963399596043 0.005243362944577951 -0.035961216089490995 -0.08084725011840814 -0.026149535919484185 0.0002734962389105374 0.000004049390679437652 0.00009302594164571213 -0.013643159725422642 -0.3707539184502857 -0.28249604144531487 -0.013631450025350043 0.023419632651156645 0.15974267310011506 0.08725066911500781 0.4854236057761632 1.898721050603867 1.8856760180556915 0.1880355717027473 -0.43889069646832035 -1.0873605745671433 -0.46417130373896776 -0.026902604679616315 0.020499605252636607 -0.07628341208962686 -0.48255668732572576 -0.24479629384811685 0.002518005960056495 0.00012397166979660426 0.0003110856332926161 -0.016222657656808765 -0.2865300892558468 -0.17874563955279973 0.05415546818431332 0.29786296817600955 0.6208409189055419 -1.6445778729347882 -1.7672862698452732 0.8123387042446504 0.725293638237283 -0.5750538518682654 -1.436223458668375 -1.1941114296095916 -0.14059252242476133 -0.2194888167759435 0.009036029613420874 0.03487167553772989 -0.42293203946839714 -0.42314684477874787 -0.01788637451862359 0.00019341487823235998 0.00022056059891826976 0.001420905422462729 -0.013345606348202622 0.02799622228805398 0.8354964108376083 2.2358028362138826 0.052300384086559806 -2.3341636341299896 -1.2923263638609614 0.06651979965714173 0.16153417115243265 0.1822106757133185 0.0555668220974828 1.5772632037585657 1.0583522470393942 -1.857224288379356 -0.9203078739364073 0.049499536226547444 -0.10348037038834804 -0.2130785956130849 -0.03217045485917655 -0.0006624386780640368 -0.00002411894163878879 -0.0004369475915309715 0.004774054600495701 0.48100672271268435 2.527965033521687 1.5556837667796908 -1.262415542950115 -1.5215465208382528 -0.24741542635548155 0.09571865316024432 0.07022471293087967 -0.05123770678789117 -0.3158514857239747 0.477666842337689 -0.22474587586650685 -3.76088273132737 -2.1845729775321923 0.026694763167804055 0.027964532373286225 -0.05719333722481647 -0.026643516799425795 -0.0006298611475109066 -0.0000315661444371992 -0.006239761469623871 0.13836447850116673 1.3389875809929421 1.745583681775215 -0.2523736856449896 -0.6611309757916333 -0.18754095277090624 0.004288173755282265 0.052925959522995766 -0.08049444568681695 -0.17338706237914378 -0.18661975284421675 -0.4324397437957155 -1.1174845162915772 -2.7772518298580087 -2.614571874871008 -0.1696786593580695 0.15615150507646625 -0.04436676539117422 -0.028718412171430036 -0.0005624091771632805 -0.000042152587943409865 0.005033912696507925 0.5576438891420025 1.6603169410101375 -0.30132500244290794 -0.7240356108510115 -0.163161166060816 0.004624850953891924 0.012056173010280228 0.3012757914910045 0.11560340604934481 -0.07201120557162546 -0.14973267469191504 -0.04551664098006613 -0.3774566778089641 -1.8851356911067247 -2.0998773856329462 -0.0008321461465652395 0.3016051845552849 0.08404334221642906 0.007027189936442174 0.00007221774843481597 0.000010399550986425696 -0.0034407688411839258 0.2979573732116867 0.42735627524332576 -0.26729263153759963 -0.06969217686113076 -0.13231787080696006 0.02874657845457235 -0.0218395897442214 0.02075302718331446 -0.10460751733410753 -0.20220819534986015 -0.17771692770784692 -0.04784062980406591 0.14875583565386455 -0.752262559901372 -1.155533050447869 -0.2732885441311552 0.111208849362714 0.1058176429606356 0.009392837827450845 0.00011543305814688136 0.0005516409249944296 -0.014511844836984901 -0.18998322858250144 -0.4505844861059599 -0.5443367666092844 -0.05494736072851901 -0.10390642150140413 0.03976925627676768 0.04889710801572906 -0.1089779058510075 -0.3362956088092413 -0.32709169302343694 -0.14312030258616443 -0.043799737880559096 0.09644908996420361 -0.3250819315652936 -0.8860156414873483 0.24265100774328022 0.4911576034525981 0.38756078318896703 0.03369214577896468 0.00008195853425602664 0.0019803788120175076 0.03316424036934521 -0.04968217395106567 0.3912942869424696 0.23936522729427903 -0.5552464298235757 -0.6278468901793715 0.02364140774264807 0.29165560909221044 0.1383816842374475 -0.25019807958018636 -0.556300061339428 -0.32690768887332855 -0.4096144753719323 -0.2090661086681998 0.7069046437523795 1.634894088350986 0.6845989915698064 1.1460604449099752 0.7224675136956182 0.024274359935229053 0.0001282005160268697 0.0018946453502300918 0.04388584810787107 0.15573344945720127 0.6640276362487854 1.013564669980588 -0.2914812300103812 -1.511012213995762 0.05030397373494244 0.07882285144209836 0.14598618796560617 -0.0032533367168914714 0.12824546373565904 -0.376751020706603 -0.9693707146610123 -1.1137837189875588 0.12630699358539177 4.028035277792676 0.581129051262613 0.7546027650294392 0.5866306168228552 -0.004723014360990501 0.00008213199813043948 0.00034458339935201996 -0.022919366248339096 0.07334961870707798 0.4073533741584199 0.5173901755823022 0.15433287559392755 -0.11275277402749634 0.14530855794136122 -0.03240202707007861 -0.23720353486243162 0.09582416886266665 0.28046260403896656 -1.3113139167938446 -1.5286801179034466 -0.7677071832535143 -0.5359937664346832 -0.1715395724242856 -1.8305518801501324 -0.32592776120228023 0.18751668066976912 -0.013009699751132281 -0.00008454223642669675 -0.00004874688565593806 -0.01715519889286008 0.09465748084302937 0.07786436273407568 -0.01797002471415169 -0.10318015563624888 -0.07166883918269418 0.12741516460604108 0.19454961209365482 -0.01675719226006976 -0.12873997663062678 -0.1003003480592086 -0.579754731520707 -0.5511479233682263 0.2561553262901646 0.3618524379515726 -1.3213499937909314 -1.1558060006049078 -0.2316139959270218 -0.011037806573786932 -0.004597588327456686 -0.000029239158005323363 0.00042997388077161975 0.04663308735130943 0.13181539268031756 -0.05416511787679712 -0.08073148128764036 0.10163760733235604 -0.0697850160957589 0.13770051991503354 1.5712300997826112 1.1901073943170948 -2.4162081712039005 -0.284404366317341 0.2448247768970364 0.14651056302807627 0.2987560558738945 0.7107286202651637 -0.391286241881235 -0.7015492031628106 -0.3059368463366443 -0.04499298440242068 -0.0004300068931457601 -0.000002749622162690587 0.0003874269122996472 0.0068421760582796295 -0.014092977373736076 -0.18542660931954277 -0.23347720168823907 0.11989139996436135 0.019688325921465192 -0.1394961772416619 0.884252484986846 0.9811361020419841 -2.2192358942822707 -0.287950564685835 0.12360004352243689 0.11325125435495094 0.04632769559441409 0.15687456706470046 -0.36030342209062644 -1.5974031822868842 -0.941976833444696 -0.08335988627961234 -0.002916530082906833 -0.00001433201747798545 -0.00006610996509290063 -0.00855642864531107 -0.12216426445414488 -0.28161476337020386 -0.13136231323456984 0.03127481012282001 0.21938282629690203 -0.22004919828062125 -0.16830221388601008 2.5669573438735718 2.0665962058046983 0.35977839502511977 -0.1336637035812223 -0.06504384786622193 -0.047185964836344754 -0.01429410079945668 0.05831685618900507 -0.041720871805371346 -0.20246714804551608 -0.028062899343743383 0.005070938422233161 0.0000473496985671958 0.000009337521315196071 -0.017443684924658902 -0.31277389294754965 -0.5937134494401215 -0.03368629417709403 0.13641269754078922 -0.4297744561655111 -1.3017781860873396 -0.5092502250048735 0.958051518250907 0.14814916049678986 0.24210638131357787 0.14486747034415384 0.028568423361038254 0.10283599244599768 0.046893987481293 0.5253554928259404 1.2401616978960512 0.3066748329539344 0.04719513140907821 0.018977275853191304 0.0002586929950791067 -0.00007246221074674807 -0.05104530954552537 -0.8959132210158028 -1.3134722726225236 0.13761951643034723 0.22661482983108153 -1.4078266335281076 -2.607150193274716 -1.0052975376800046 -1.4378773134821488 -0.9114011866745843 0.333927981149948 -0.11915398494331589 -0.33539831958878236 -0.3127808108805884 0.04010163384852385 0.6035913893719274 0.5777602659405532 0.05222875557679247 0.004706232778446584 0.00038449405762519334 0.00006559986207946633 0.000014351847139486713 -0.01883574447815965 -0.684885964671043 -1.4151001788588025 -0.3725484794182942 0.19905274656526314 -0.7135822884124682 -2.1303374355236055 -1.1119753537418862 -1.0785902634614375 -0.3766951886204765 -0.1964686856736008 -1.051920199168299 -0.7120944194439696 -0.3698935570430724 0.18519082586808783 0.44532625774550116 -0.03574266888850259 -0.09104346662478723 0.006548907012599815 -0.0014074766856024704 -0.000009341761732691991 0.00000491919186459655 0.0009322478423842559 -0.058690141594662334 -0.659039073733596 -2.1500416775926605 -1.1989062651724949 -0.20962063384559648 -0.40613632580053133 -0.5276223818070501 -0.6502594641920805 -0.10662619741569956 -0.3722401425793039 -0.42559752704424947 -0.019887640011552375 0.8633880851257821 1.2350443657073302 0.6760757715607668 -0.11177368939304667 -0.10780409111910941 -0.016176212912961577 0.0002601103230458016 -0.000023016332197903115 -0.0002431386382806871 -0.009432716366085517 -0.016520203593662453 -0.08425209063217168 -0.8786504006679502 -1.8131003169099142 -1.4045226328613798 -1.416343969558831 -0.7854712247688638 -1.111004449119374 -0.7417071577177057 -0.26921272462740314 0.3999475173966066 1.1963224491786868 1.7744704968442833 0.7182923523110191 0.22157314798728034 0.0131187945547872 -0.03581825765660261 -0.019879366643953875 -0.0021026552990235045 -0.000039681820889782054 0.000036419930896399886 -0.007252573038320658 -0.046238780678447326 -0.0075149879000525315 -0.038330724974279445 -0.43777175234373905 -0.9850603890220259 -0.7791370008488278 0.45166638616216703 -0.17576836518231295 -0.506545981598618 -0.31323020940296836 0.3326437312459838 0.6040962024498272 0.5280286244544465 0.12165216201575267 0.03154405868094868 0.02868453646989662 0.02064687567456152 0.014245323393844081 0.0006381330229845161 -0.000003980348287615566 0.0002070542928451907 -0.007910004475501501 -0.06470946515766021 -0.009717937126209187 0.04133816023813513 0.007983524966213618 -0.035163170597636455 -0.06511386424924452 0.2414156226155842 0.051597668221552276 -0.21677657811368134 -0.2085082799948818 -0.02911528423638718 -0.01856592738173789 -0.013093015420917502 0.016703679755654566 0.008745708949572426 0.008431491015115186 0.01007224478706529 0.008746254188035233 0.0004982035046474778 1.4993399988038253e-8 0.000013445460056821607 -0.0013620515564719445 -0.007480109981372073 -0.001342190343568472 0.0038099940688631393 0.0015150107603834582 0.0018662591106192597 0.00024606804887549914 0.007641444171734679 0.0037155642892377403 -0.0006998821688674077 -0.002383252408920628 -0.0011658176073484317 -0.0016136992991281904 -0.00014833652448254233 0.0008495940321855354 0.00039486464464960006 0.0002470388007691724 0.00021502228812386642 0.00013522430259989762 0.0000053993252103927115 1.1340758133679565e-11 -4.007237483362544e-9 0.000200167605404975 0.0032060042849349677 0.003495262009833185 0.00005861299869435519 -0.0012546230426172726 -0.0060298202202081035 -0.000149233363583445 -0.0019156547552891825 -0.002840452435701762 -0.002558957451412931 0.0007877794266338575 0.006671238208556657 0.005829203175790509 0.009911349629690034 0.002669885919552706 -0.0007252878576026118 -0.0027380607144430833 -0.0010494417573293096 0.00003709403445288576 0.0000015101473519236254 8.415752216863218e-12 0.000014390435600736059 0.02130295439709524 0.12570901149390737 0.08061210549342859 0.0017619266889752042 -0.009973542416365477 0.003065630777054681 0.39232036963513495 0.4860660392215999 0.14468379712185 0.2724691867183063 0.1430571204663436 0.13939914209758505 0.24278908258024426 0.1016561283907528 0.02807836951926703 0.0005127242967778535 -0.030434003144329088 -0.04760953816167096 -0.01287515170740424 0.0009493711186453666 0.000005403302886029628 0.00014930788994089528 0.1433344317864915 0.42475058455378567 0.08095704173278169 -0.01695836851696383 0.08362545512714069 1.3739552663847812 3.0563464043996214 2.8480860422965883 1.7025259558437025 1.4477230266520285 0.613101746254353 0.5922998922072901 -0.0027636389691007845 -0.426773342529768 -0.0635540242345456 -0.00715523685276562 -0.06104559012440869 -0.26090276761220843 -0.026893079258677746 0.022574212250701428 0.00010753817177094221 -0.0003963034336354406 -0.00676034745114558 -0.016775553027711446 -0.027398921799947646 0.13747313186887203 1.1632571300013594 2.96788537563361 3.5145546499720237 2.0662484456700074 1.5255368893550019 0.6925633494694731 0.433605529114034 0.21673396794124564 -1.0868471022233412 -1.7300025359349203 -0.6848038305027357 -0.19405436815162114 0.03601890073627722 -0.17793345960229695 -0.092532967938602 0.018426786333923507 0.00015344040436493923 -0.00034815991306983633 -0.04233364045415671 -0.09214985760934223 0.07260285728805271 0.41631618649405 0.9340576134665955 -0.8281674634297618 -0.7472932641360989 0.026954671066350973 0.2758761415168999 0.4883654331284473 0.6642688076631452 0.4505198349113824 0.7339420646082259 1.0037128352737634 0.0394267857570713 -1.17287083129503 -0.07025488293568996 -0.06236517409168721 -0.1856498917950129 -0.04392842903425776 -0.0010843582413255098 -0.000040475890681767064 -0.0013704006853635193 0.02627715657645107 0.7543300137013282 2.0979127729327836 -0.4552951475293785 -1.9814452792406558 -0.7112453350951683 -0.044643217646588046 0.05874865437418372 0.16041049379503933 0.1515831696582938 0.040556401453971845 0.3309472336770345 1.0717862489394276 0.14896633495514697 -1.7494131920576854 -0.08007653354939771 0.10227050616402292 -0.09876533039519661 -0.07572481714084164 -0.002191787822518351 0.0000028479990127916233 -0.00039139270065623 0.28151852515624687 1.012430260642652 0.6957213156183714 -0.4530393703869629 -0.5641764301601483 -0.15903602010909212 -0.004816834612747279 0.06861435683107753 -0.12491776506356049 -0.15053827419416743 -0.06916011919107012 -0.0738731255156832 -0.01867797220540687 0.42665547441475205 -1.2934173369653776 -0.9602099414090761 0.3150573804217868 -0.012684744396454773 -0.043228042057323925 -0.0010678891104660606 -0.00003784384098991442 0.03230769532433485 1.0689720369579148 1.831566590159028 -0.35582727037410544 -0.4079708896528547 -0.12292593903555725 -0.10484116277158644 -0.05573730501075203 0.25602048156521506 0.028611893936506518 -0.2630629340162896 -0.2223466455104919 0.03734600342447814 0.19304476393969436 -0.05731322733677194 -0.6462867034453482 -0.5317070841908074 0.199296170808032 0.05210424123980105 -0.006911158927695225 -0.00021045467310469592 -0.00011737556709921101 0.03781834264540645 0.8195980045322173 1.2257482142784324 -0.053708823085856686 0.16588365345511535 -0.0919050954486264 -0.043821953921720155 0.09327429932045105 0.32204962886410116 -0.10004500110853358 -0.37568065088089186 -0.11832016703707128 0.01917310940658639 0.17555979735841398 -0.3250226167490769 -0.1368492255929836 0.34043681308011375 0.032230909607149805 0.026410415793999456 0.012452402425877458 0.00012969572519198398 -0.00013043419661897378 -0.009400104841890768 0.22199006703122548 -0.5940338981184454 -2.5539548953943094 -0.28037275075385026 -0.08362540280351399 0.061044550426621415 0.19418892456407433 0.24235216390516096 -0.38440875849543954 -0.30176085876301706 0.13684994730129715 0.13329628109054165 0.020339722601838486 -0.3607087120533831 0.16142124195915558 0.7374964550427264 -0.3967055974003799 -0.30282768934237697 -0.0024039977569762596 0.00015572335344088114 0.003370834084485287 0.05441255245388535 0.13647114718130016 0.48519239516629215 -0.12028465035882771 -0.18195501987606602 -0.6469511905922083 -0.05076799019541431 0.06724567448156944 -0.4511591002332536 -0.6341769654946653 -0.4246933037523872 -0.20164574315417497 -0.16917013854632104 1.3732493908686023 1.3775017715990796 1.1365459189817486 0.5006264116019388 -0.38503866835007516 -0.2416992901373069 -0.006039886570006033 0.00016030128323672857 0.004585662768091335 0.1630147849422035 0.753037894221363 1.7954506396473553 1.536878478313063 1.0453889354397075 -1.7638514423642235 -0.2186541278975969 -0.04716699409256957 -0.3393515694759019 -0.7488558151667638 -0.6677877388898188 -1.819696860242865 -1.9019530363900472 3.1962520906402294 2.695948172170503 1.2039707031531957 -0.33263034995726426 -1.4085720768607064 -0.3694016376206984 -0.019518891288369433 -0.000019904739916354533 0.0016857433923393181 0.11075700390566438 0.9942388240335587 1.096535965813265 0.08281842162582358 0.05109282482930013 -0.7216179469423726 -0.18865635664184555 0.3192518131349631 -0.2579692095032753 -0.4431071365090881 -0.7128002949328249 -4.66160864376166 -2.9769213975284514 0.6178428511927558 -3.060957469394947 -2.67907209023135 -2.4173896121987863 -1.7278253864378708 -0.057348262476298914 -0.021503018557280797 -0.0004508652132363584 -0.00011730849921416734 -0.012324992226490875 0.5764604386641584 0.4925265993087933 0.008319267587296023 -0.13253374282991243 0.046887849246453846 0.22776432395670237 0.14755734987796298 -0.6356856704727415 -0.5030649898078938 0.10193897834060585 0.40790144693798414 1.097243998415064 0.6104186248895903 -1.586672505290937 -1.6607712493162967 -1.0485070528823617 -0.039727472346469735 0.042956373616232 -0.006877491019553031 -0.00015437388321558045 -0.0005661169158366037 -0.022715259857144718 0.037806554661497224 0.0195150021088897 0.015747159437157904 -0.0372276875855573 0.11198933063226486 0.5583605270589808 1.4636588443077356 0.7799708654531214 -1.633185124228822 -0.00910116864969835 0.7742941500533704 0.482672762321037 0.37807214512209186 0.44281487182165286 -0.1937125225493626 -0.9515118118670617 -0.6805343143371009 -0.06577048189311303 -0.008324023208962486 -0.00009880709352200667 0.0002509130071159356 -0.029308507263215006 -0.12364773720340592 -0.08474458537238704 -0.056778023842776464 -0.018574586109356164 -0.025629207100710344 0.5302846097397754 2.6793182412316097 2.1362126722675407 -2.2257925403151835 -1.133552332869398 -0.030828679628981094 0.11868747911567876 0.06984937855118897 0.1254804695278752 0.14000122922532787 -0.7435353832404712 -0.501556309057087 -0.023264224639480434 -0.004633665131522242 -0.00010509452697689088 -0.00043906650392891585 -0.029153902215519643 -0.20969180381824554 -0.3297544799741749 -0.08293777799899998 0.563023521872824 0.848118796659964 -0.4067879120562581 -1.178068216057459 0.31232531196257607 -1.0033067702146992 -0.9541170032317836 -0.5004637511521168 -0.07058511619501641 0.012056088204386828 -0.009961612615615525 -0.16378647417306916 -0.7694807918794617 -0.2634822773110374 -0.04387050156713305 0.006157198014068231 0.0002598489233131511 -0.0005529023237589694 -0.01682496039770522 -0.21963143362061643 -0.6585049574517827 -0.1236468065697288 0.34918905249011223 0.5628187795472249 -0.6312642401217038 -1.7791762665261515 -1.167198164811965 -1.9025470158789677 -1.0933979384718175 -0.30190898654886217 -0.209474862510898 -0.16879462585809263 -0.19409255727601027 -0.6495350760526271 -0.5229484430328979 -0.11944803464835697 -0.03345034466534421 0.006385695445026993 0.00017359740266473857 -0.00019605310542625528 -0.04787869723307258 -0.8270462958571282 -1.2618573467125425 -0.0749377269706783 0.11779321200404382 0.04470085871791925 -1.1052286522527581 -0.874971284563574 -1.0507631943921587 -0.4981537698531436 0.27396815176968853 0.48035469043575724 0.2390585605054449 -0.13821652078517072 -0.22955051188391679 -0.3252974685864203 0.3952315019784221 0.0864129855235236 0.01449801949642362 0.0018161935758777086 -0.0001285439439884913 0.000023858323062283184 -0.02308065025946355 -0.7309364971179159 -1.8370601647434568 -1.0347773491829815 0.005033058210918791 -0.08854901838482425 -0.8816925583790604 -0.885010903529063 -1.6571808039535492 -0.3404692833634665 -0.8998583076254612 -2.7393076260648535 -0.8510461645144913 -0.4882306613591853 0.6519501461502167 1.5137895120582776 0.6038774262863195 0.08019033993553748 0.057118251917606375 0.0061812052708271874 -0.000050617000629271774 -0.00005175537882692461 -0.0006745814666783303 -0.09501496495497043 -1.4251906903635785 -3.5169263691489143 -1.5390243597299673 0.10935498769995129 -0.09225147276508593 -0.8948440943984396 -1.3898196010032409 -0.45585882383703563 -0.7449103656090487 -1.2355763439826501 -0.2783848628766327 0.7225523164342658 2.813802768066934 1.9563610025723637 0.0952484520797209 -0.058018567583801826 0.015004231895881352 0.004769145690351322 -0.000017540991930389188 -0.0004360247730296925 -0.012297124240251388 -0.01961388878636952 -0.188036979970493 -1.1922988339405818 -0.9026864266442203 0.4589499875891988 -0.12103893762087055 -0.404545185762049 -0.3123075879141236 -0.12472275203298681 -0.02757974246227239 0.7098018926421159 2.6224588434175344 3.4691816256768777 2.46112664885465 0.456397114975995 0.009115788161284673 -0.010632083444815869 0.015616849234888952 0.0011349928187326822 -0.00005063086191330183 -0.00021108231617832898 -0.011642536989996618 -0.030810136875753742 -0.00393375551869797 -0.01275835578641344 -0.043975974076535154 0.38280677306366434 0.5627418075536937 0.766138669428605 0.2381636006335603 0.0648196498588694 -0.26185726143001664 0.4649427226023014 1.8812758129182285 1.233865199759463 0.3968506612237911 0.0564479253326896 0.06795485778577236 0.02551813833976385 0.017449222945939254 0.0010037430714544364 -0.0000010549708786142997 0.00002294582370218779 -0.009264908816569356 -0.03591301952587269 0.0038317101229529797 0.02224952962020707 0.0006147923545401798 0.05493145951425075 0.25295238228691136 0.5908824327105637 0.20651572566020582 -0.00397296001715744 -0.11453886212754422 -0.024843995772209512 0.02697612403239013 -0.009837477074844196 0.004218690486851264 0.012392383563892993 0.017784967158119395 0.009159118608147243 0.004376460507380006 -0.00010543623876749332 2.365518026877461e-7 0.000001174649339294459 -0.0010050565305994633 -0.0036160994588188907 0.0004370895698337132 0.001985545083019515 0.0006642698810016844 0.0013830137078955566 0.006640005428584466 0.02117210967752782 0.010884620091189554 0.00258478333975913 -0.0017876394800241209 -0.000990939671709189 -0.0014581902604401298 -0.0003639526668774518 0.00011843304080355217 0.0004194837085022975 0.00023752999376333954 0.00013365867482986727 0.00004152569627858652 -0.000007040474010103205 2.26762248531071e-9 -2.5110137987220416e-8 0.000011064713130489096 -0.00004967306925801119 -0.000018473525624206775 -0.00017001190704943824 -0.0004980126159860186 0.00017810605060630366 0.01464497269252962 0.024000731689338813 0.022744468897163986 -0.013547803096284606 -0.0300914047837312 0.009389255470769724 0.0056889008822676905 0.0029695393912690196 0.0015602173448975042 -0.0008869169807173032 -0.0029027275561024734 -0.0018963353849544675 -0.00016633770821574925 -2.7820515603938714e-7 1.7524297998395741e-12 0.000016198445421160906 0.018332831874782594 0.007989671401386346 -0.08726398712018608 -0.014822236964845168 -0.0048412884163902565 0.16212502839760856 0.7371586327204839 0.7293635610089092 0.4882909548638114 -0.036192791955312574 -0.2312311578550278 0.3770669058101358 0.6058587454745457 0.25628759121872796 0.04671980200584639 0.0009225834702915115 -0.03154574809871709 -0.05094255253317919 -0.009519434769326176 0.0008026145251164435 7.605859333581565e-7 0.00013145998374019608 0.14395078501376551 0.34348138644597126 -0.12495964172800522 -0.024699721739342297 0.384311423633094 2.633511852293241 3.644525460293299 1.9953889094657398 1.4169831087401152 1.064945600892535 0.31386981192225444 0.7785902138747273 1.71878977526727 1.7076135457060866 0.5646072904363587 0.013618727934870827 -0.020992535150878792 -0.0887595439132022 0.07711932808661127 0.021939941168905398 -0.0001417881054448329 -0.0010632730913140908 -0.0320530697237983 -0.01966620977294844 -0.005715684081144989 0.4150351599691621 3.2134579000826005 5.799208986428672 3.8534156580519845 1.7723369410067304 1.4196469032395156 1.1643716277929668 0.8813592246987636 0.6963622934462458 0.270568304597472 1.1009502002508775 -0.0910327083614789 -0.7165864128068153 -0.04118276655850457 -0.16272547512071855 -0.04577705261653668 0.03492379873772032 0.0002698237659306044 -0.0008556875966830906 -0.06542529995640305 -0.1193465283967357 0.2255243676605518 1.3369698751092922 3.4023883507379495 2.771236045203227 1.3163177243481783 0.7660176812081522 0.5506259139836008 0.6384959225400071 0.5359640916844775 0.4487782903960416 0.15987480515228586 0.5149457792924724 -0.6884670754366589 -2.9583649945030244 -0.7263502974670635 -0.13853522621071165 -0.08561329882957122 0.03444385103048763 0.0009092202875125646 -0.00002710619957248369 -0.0006731337951241462 0.06397492857665965 1.249882359604265 2.24355601224218 0.28670656961356394 -0.19136961306975817 0.39444960110203475 0.22062317959584665 0.13969497824215607 0.1785531573417692 0.05187337389706281 0.004032672219582107 0.08363347890323643 0.519503927833033 1.2604617072832247 -1.431938943412091 -1.0110738168739277 -0.1693091681167339 -0.09779097926236038 -0.04975712679073106 -0.000772633295560922 0.000022798763283042563 0.011542915325576292 0.47812734004397917 1.570040305169364 1.0551892511523495 0.20057953324732594 0.035693812447159134 0.06187339243223664 0.1984604145922841 0.1269078585275284 -0.06456905597192535 0.024551077452972046 0.07934034985067327 0.1489101765028755 0.12210417305899927 0.9080107115710441 0.10595200181704519 -1.6503089322267717 -0.31721593546042937 -0.010701851058609387 -0.005287704235504791 -0.00012356735579896537 0.00005909260062131471 0.07250533897783037 1.54289797192983 2.5405894370396296 1.3897259277658958 0.6534756856320152 0.05831454945153904 -0.07173950536891768 0.022635094683808938 0.06293523858373512 -0.09887915716707044 -0.10363229200341623 0.09726757524019711 0.22814955085661578 0.1773254308355494 0.3423806625680556 0.5795531463427603 -0.5837891618178915 -0.3563836686716366 -0.04938857523381141 -0.01226372271499285 -0.00025068972858709605 -0.00006364181567739617 0.07911098077873645 1.2324595590536351 2.4384444057760266 1.2541775132251913 0.46527771894099096 0.020002635401166514 -0.07570182307740494 0.04309622535742798 0.07188771805630918 -0.14266057160236656 -0.1674855340423514 0.00526562986129886 0.09118126184107947 0.18526292653158918 0.1519695094568012 0.6176810934493239 0.6648559049444418 -0.13234601349675473 -0.00838344217883886 0.007707855556833151 -0.00002828878379459033 -0.000563636514496958 0.01337238037863624 0.44658129626397663 -0.7825014050505953 -3.1606360934986912 -0.1865871185453515 -0.039291619397643966 0.026053945279819777 0.07292347544328608 -0.09100529514092275 -0.26514833290315715 -0.035301160720234225 0.19931995298357896 0.23906961871526952 0.09578341609777323 -0.04093700167232067 0.09467457718664558 0.21525884181364777 -0.28825652772232047 0.13165317514952996 0.04468133671956602 -0.000008863212442618582 0.003291420337937932 0.05534680464975974 -0.0841142361582823 -2.301918620957721 -3.468676925551156 -0.00582728523472125 -0.03409728065709144 0.0950293919347986 0.047209015027447676 -0.4890156094094525 -0.31632889269029696 -0.0667842306793383 0.09792804212931648 0.3373802312820134 1.5809531267080594 1.0790480396399242 -0.8431515246771194 -0.4859915356366924 -0.5345315970527368 -0.4119824178140944 0.024818709668835204 0.00008088823343459513 0.01040448300790661 0.3451705760086701 0.9069421617928086 0.3073911999602014 -1.5393264447707165 0.4253078857899294 -0.6528092998687354 0.3027142811703768 0.09347335668256472 -0.10704778005304819 -0.13493393588912989 -0.36095571557795453 -0.7104300873705599 -0.29250762105556805 3.217289033834002 3.144818003800986 -0.7708654786198527 -1.5259479350869696 -2.533689640943267 -1.0811596187990056 -0.010124758760984821 -0.000006814725207006225 -0.00003478979792982804 0.07249817910174934 0.9674509082624083 1.710374465505631 -0.09170329270837592 -1.9321319980656062 -1.6328639914956962 -0.07165074091754083 0.04449529632189327 -0.22315890264866164 -0.2264667943083833 -0.022691019451679367 -1.0643532750753815 -0.13172603348414136 1.464461179041623 -0.33672131474914396 -0.5863924175306593 -1.3104826247820223 -1.5552357853072503 0.09442694457015935 0.023267837844919984 -0.00020518418397889488 -0.0013225629173595555 -0.06559917650912914 0.2792271662020383 0.5418001469211733 0.09987365400563465 -0.5213865509951715 0.0026676217421635253 0.02375432973015116 -0.07435451387936655 -0.5630301070417625 -1.0214815969926798 0.17258106636291912 1.216617863013936 1.940531803153702 0.6963877494093221 -0.5599902875327732 0.6789402806942852 0.13167865769917436 0.6666659990584517 0.3801764947599845 0.013815695536059044 -0.00008907003415691872 -0.0002820823795471596 0.009383239347936948 0.16689100986803243 0.1010595238820649 0.09226006909182824 0.037880809299548936 0.07645594706085297 0.1702005059755293 0.7429689220075438 -0.0034799408365916752 -2.158329570742686 -0.3327494892415357 0.44886797478815166 0.4237903949735859 -0.008082524204482956 -0.02861519001819283 -0.0228402303249633 -0.2296376605810266 0.2635171591445057 0.07851067302004423 -0.0032538078495413982 -0.000057007245805357546 0.00020944151327203416 0.015012644420676223 -0.008633682773208223 -0.04435031696812182 0.11953386377530746 0.29505716280864047 0.31236014079099444 0.4927870674833206 1.7903580664111365 1.5357732253411034 -1.5783433411413403 -0.7932669502695124 -0.04893850495088594 0.18180058158345316 -0.0044525996757062425 0.025156793258446636 0.2753421709381831 0.3896080938469008 0.48616415830374327 0.05766582440908173 0.002991735037102842 -0.000028029849407265138 0.00008820003394857141 0.03410705653371291 -0.1608751423366136 -0.4068744193909865 0.059517198518927 0.6918509511346509 0.6121170646839444 -0.7615892475983728 -2.5624105017645817 -2.6876948100055977 -1.23980298057154 0.26421207893359083 0.4127764801867487 0.28809707246145316 0.15853952244164302 -0.13641882727565394 -0.07781021830915244 0.293436414264319 0.35547996586011454 -0.0012902615170100932 0.015220295464681916 0.0003747310085445192 -0.00015415777266161777 0.04494435180087076 -0.0201152988428856 -0.47687384731690574 -0.09651042334622227 0.22330145783256397 0.49722090346610925 -1.2353227509148788 -1.7923111502570912 -1.14647440671682 -0.1571196183108077 0.5911361994514642 -0.1449265833511188 -0.2509345561574435 0.0008638229713152888 -0.26138120504223944 -0.3633203771651509 0.47214782050246346 0.23516343157172268 -0.0563082744303064 0.0005332295297681246 0.00003360268860066598 -0.000146092259043166 -0.02135291946926611 -0.3835503597408962 -0.5293105986641801 -0.1256912354117539 -0.7722750804253028 -0.5949649868428714 -0.49605270160120607 0.05304562618793819 -0.02526332751756878 0.5491856406496116 0.933638106666357 0.4097355485370231 0.4767977097620516 -0.4381960435052627 -0.8280187781568091 0.07475708136806605 1.2494443496778478 0.1999511498716084 -0.04208233403142925 -0.012876673426170847 -0.0003042410914919932 -0.00011406114010960993 -0.02460846160271455 -0.5348317119144383 -1.7950285324406074 -1.2635127274832056 -1.0169375897049993 -1.843645609280131 -0.7197086730281353 0.06144212670751656 0.2871606443321361 0.8074580214100956 1.0042974915705283 -0.1402336868190953 -1.0967788431977967 -0.8177128279702973 0.24051954265757575 2.7475098211589732 1.364344857420388 0.07043007651609735 0.0122016007551812 -0.002147817539534369 -0.000055259908362285144 -0.00008326012199214788 -0.005033958158585877 -0.1499012626129337 -1.947262526018515 -4.587481820238565 -2.0848159769813197 0.049362638065590866 -0.7813204806210099 -0.9473011707673146 -0.5424919475198566 0.10372981622923891 1.603015361324969 0.9024165731333762 -0.22014357914656785 0.3508122932133335 1.7667143399575431 2.855505555947597 0.3881354594819747 -0.05087992405072754 0.01539306570923101 0.005021180952505183 0.0000285152376693478 -0.00014464334998433838 -0.0036511635521866708 -0.01308193528919252 -0.3604113835940274 -2.261718824106249 -1.4081759007761785 2.415266035215226 1.2357939542119332 0.08254592831394304 -0.337722934458231 -0.020562205999479832 0.40887063363082565 1.1056766433992125 2.6280842787859986 3.1186389659525497 2.170452067313929 0.486293832093315 0.012104199276985389 0.02002232357076408 0.03990519773707778 0.0057945855756842395 0.00001754378505022554 0.00041899290995934515 0.05573402704869351 0.11115188687322095 0.011476693478625748 -0.08030300962702124 0.08434154754473396 1.4391790038449386 1.7822680988938657 1.5887638679084395 0.5461510909323913 0.6457241232427905 0.59084352823479 1.1661847758234063 2.481721592825727 1.3102032604720617 0.5249643800568646 0.060337523677487605 0.016384497131296475 0.013272614547308777 0.041338597225994915 0.009903094966419309 0.000007406124288745075 0.0005581978925018668 0.07024212622205554 0.1475938535998182 0.029425535719322382 0.012167538557057574 0.0005091831521661574 0.0711483990003972 0.44291535145867317 0.8731153540511564 0.4392604667172677 0.26990391864378827 0.09135895259621962 0.07346570724104312 0.12199639135614622 0.021312918539295272 0.021373220018693982 0.01741283872391702 0.00010092924697957647 0.0042608408134522865 0.03592188299736143 0.011233897930220744 0.0000017343776396206375 0.000028839523077237875 0.004456916010376011 0.0104289687653901 0.002747341557539949 0.001075077464765892 0.0005109101334401683 0.0004342274983608811 0.006602095213174983 0.01956787860178465 0.01498012686621972 0.003820379191800618 -0.0004507422715305883 -0.0004431953085465191 -0.00005348959369314135 -0.00000848926186608634 0.00013273148644832306 0.00022513560971104777 -0.00004772273739090947 0.00030643436692587837 0.0023508479950186327 0.0007554934768698924 1.2775110820995473e-8 -1.0347953311866158e-8 -0.00002831178625798051 -0.0012475856285366108 -0.0019629461945950897 -0.00033426179249828095 -0.0009795331209941777 -0.0034294670645639855 0.02144637599255866 0.07589136645176717 0.05637480409204584 -0.004500229540520936 -0.018895790291044344 0.004074677512848763 0.01102280390998258 0.003713151186429669 0.0015205787771269132 -0.0001231676404884196 -0.0005399528770338231 0.0003906836933911019 0.0001943064707471955 0.000014507839880552642 1.568183842588251e-8 0.000001823843248054701 -0.0027315109800362366 -0.2434446484132968 -0.3626257415161851 -0.0329412654649143 0.014145894346573297 0.2952690399034572 0.7641687507218357 0.9465363442368553 0.5241546190360671 -0.15192435189561895 -0.30529405504866963 0.006378648196577459 0.4272092751648819 0.5055957177108766 0.14371437115630062 0.005665179515232671 -0.011617308952731224 -0.034146176026220124 -0.013671226731875328 0.0003804140378503521 0.0000019022337916654154 -0.000025413396534472998 0.004616168980173068 -0.5000502155916442 -0.796769378364609 -0.004547883506758456 0.6693068874331896 2.340244665738727 1.97325757172817 0.4920314287277134 -0.024635154604306993 0.02108991422135145 0.04354934893467599 0.09724677316139542 0.7741194111421802 2.4890605520224587 1.6724817390162765 0.22759431121735624 -0.01399743209287006 -0.15273473657203018 0.02437293486360206 0.027783939086446545 0.00010682744530532526 -0.0004170593956809044 -0.010782576001672567 -0.0636481847276471 -0.03328835753312651 1.1660614744204865 3.117909867943976 2.616509536464144 1.31527653793241 0.6969020152109136 0.4457941139989732 0.6336212627751554 0.8780827143940503 0.7811821296978806 0.2334731365951054 1.543491436126962 2.126750841322856 0.580451349977769 -0.020783702891998785 -0.2462507340289991 -0.0815962559170254 0.03676786017731955 0.00008441995560839093 -0.00023288513713274803 -0.012821860518432692 0.0031517250475976708 0.8399463629075903 3.9200705873925403 4.124566952924483 1.9419277330689293 1.16595060706835 0.6181713905672972 0.40103520695274764 0.3320342619330788 0.2555408567064407 0.2795130507388755 0.07285887897712537 -0.07842178142433541 -0.4372284353878233 -1.1356016351133715 -0.6974427333628518 -0.20249968839682958 -0.1566958884262856 0.011752961280191092 0.00047602960297198505 -3.781711301964368e-7 0.0024974544944411396 0.21222226539604802 2.5532119505970563 3.746467287430217 1.8524066511194888 0.6983370284569242 0.328209291840334 0.29552712277123466 0.07711569926716352 0.05522819907048082 0.02766615403145551 -0.09923835053599718 -0.16265540716619345 -0.21406088809493945 -0.21354594893129308 -1.3994522538361616 -2.0002574081868407 -0.4989774934673296 0.08614996553855024 0.110168054153315 0.004462447824122707 0.000014140668705151562 0.019529424802599143 0.5461331055339712 2.0495526738687375 1.6647531628421903 0.999485255288962 0.2581054599270953 0.011270550245367121 0.1888816864149291 0.044590412046275396 -0.019524021970945413 0.03990175640755175 -0.07894468464214212 -0.06329359946333966 -0.17165435271505822 -0.01952249919887557 -0.1292224742749805 -2.500655440115533 -1.1050942174194045 0.04501973658591369 0.040714137665690486 0.0012561407877568515 0.00007956526921901693 0.05745169102745516 0.7754157288942644 0.964381024876168 0.9347713431648479 0.6409953761293896 0.10738107525924942 0.1258943876799867 0.16536380008049137 0.07856709207140929 0.0526258759856727 0.09566354676755581 0.06564138380636902 0.14500774730631177 0.1656579758207335 0.12617128701493735 0.3137131832299108 -0.777994597467401 -0.8098278306469411 -0.059857428108089084 0.0006034818020448614 0.00038016823617034344 0.00003962316737478807 0.025230842644171476 0.3243355756320027 0.7637813615747661 0.4907143503602493 0.14442155063491321 0.09314765712661818 0.21195777275619243 0.10811120687961297 0.01645767793129899 0.036857690975500235 0.09351292947412533 0.0238933226702372 0.05015029999811074 0.22473520248808704 0.22203157797757175 0.2798178120547703 0.01353168586859307 -0.6505108893809556 -0.1386713480749704 0.012693392823234196 0.0006732490282159072 -0.00007746276386777334 -0.05206403428506849 -0.37138592807595777 -2.103546726637535 -1.3631477044902935 0.22398307703059228 0.017912310510027098 -0.029872022526164617 0.012487137268936965 -0.04161735015562016 -0.17078351745198647 -0.08225638660959667 0.11009067321458281 0.23396729208807776 0.1980540870619974 0.35548135336062114 0.19739582927294338 -0.06932568887117789 -0.2790183219828836 0.16659294771055935 0.04769988167869525 -0.0000985275680328754 0.000036576161791754856 -0.22756516671118723 -0.9030946339835215 -2.0426239979606433 -1.0354760850677616 0.3479517159572909 0.00934950804673158 -0.056749110412475365 -0.02879236269193041 -0.07271760557311616 -0.044501306877630174 -0.041935596732662374 0.1834136505465662 0.3426794322895469 0.38501152593473725 0.3585871065715489 -0.2675232065269771 -0.5451783443783355 -0.07755707307654054 0.0744179710458113 0.048467891835248945 0.00023597254821617648 0.0013667526014129107 -0.1664595109769221 -0.41626201043854055 0.4171174376154288 1.754379551117913 1.0702481553646974 0.28742210537595914 0.5510040307306596 0.1578613595513243 0.23511901931967755 0.29636187338883124 -0.01482203610226009 -0.032879086413009684 0.33085812116040936 0.8310560066669352 0.9598770811643003 0.6648623634115962 -0.6624273247163852 -1.0418334318429636 -0.704014750604096 -0.05329693817830483 0.0002027926460505072 0.002374888438627088 0.10237365360630338 0.3431324749758605 1.01519838735872 2.4400579653009062 -0.15843674745006092 -0.859130082144022 0.31186258283121454 0.13168331320349938 0.38558944318766836 0.14025592135023482 0.02589788045721192 -0.35190880811243497 -0.2664050674627102 0.42734129587141856 0.8348961020949233 1.1725106814802406 -0.12718899528215058 -0.21623038313114865 -0.01180858329207804 -0.028510233206126757 0.00015588960250624396 0.0006023411925852098 -0.015394288932359328 -0.04773498261408702 0.42862760463914196 0.9138375991282869 -0.4147954180864999 -0.2644892995504917 0.06985565307153523 0.18789705388557393 1.288800836433675 0.009505308923526867 -0.07174226472586094 0.01578811744868764 0.000030661870526880775 -0.010867433089739439 0.16807649266684174 0.588337906290903 -0.049208802879844006 0.5479389164706683 0.31578877448797504 -0.002817345279178925 -0.00009906009478234273 0.0004495812215938126 0.033728516021791694 0.12470606465220259 0.25360157560869867 0.36840337259834544 0.0029783589018689285 -0.15518812693478426 -0.04250034260576123 0.2405620426694597 0.8354288319286644 -3.1283482031120338 -1.0682053976062513 -0.09813955250504154 -0.1226948416051038 -0.1369710218228003 0.07500075754607555 -0.16471820666077883 -0.5925226704408855 0.3689111892006031 0.13653089187295012 -0.0001305055423786814 -0.000045033768272768036 -0.000012519551562991132 0.016978748012528758 0.052703736032180336 0.04174956397200692 0.21928112313279777 0.2342836936951808 0.288855646873869 0.4062879570028887 0.33905550235502996 1.5621089699562385 -2.15345409867915 -0.7737702774901913 -0.07992909290278678 -0.06967833950809692 -0.03010725666299084 0.04483446030302309 0.1542856029887042 0.3333289417788298 1.185939285659369 0.19510694776510976 0.0013204621372108509 0.00000764662608857229 -0.00010551967962932208 0.006038707244289787 -0.1349611437077434 -0.24921064241274024 -0.009263885366107845 0.24525276405207133 0.7447262076431634 0.6708263089162326 -2.1599457992448166 -2.5760387524979813 -0.559384377269229 -0.012601047291224972 -0.2802010803429908 -0.45458350542766335 0.31167373378452307 0.5173527787958048 0.5731475405729062 1.0201863013647439 1.448488792732489 0.1577811015529893 0.0015536650477724987 0.00004087817872738322 -0.0001473869648974465 -0.04063775449526245 -0.3012458364201641 -0.19155250697009438 -0.024692955604057706 -0.032462840366010624 0.25910883758772324 -0.3451232627813348 -0.8183840294174126 -1.3403991109782063 -0.3479186918243819 -0.23394489682133224 -2.552091355917361 -2.412681798905187 0.1901289028344564 -0.015927990201036354 0.15500707406666875 1.818942299570454 1.0201470777254582 0.006101058964190074 -0.007664078553692815 -0.00017095836454739113 -0.00008830136254207863 -0.06404732505553891 -0.6732957398565385 -0.8488920591979826 -0.7063553912715838 -2.4678978204293416 -1.365376226862675 0.014083319023461915 1.8717163856465717 1.567154888990293 1.1758662061012564 0.8505221530114171 -0.6581907060335235 -0.6768077012570971 -0.6628883508578928 -1.2237408200547657 0.4101086302630851 2.444042545901211 0.5807387894809195 -0.0363639903775765 -0.013660265623389223 -0.0002887263165397978 -0.00023825373046576756 -0.021124862470551824 -0.5135329690695281 -2.212780612153696 -1.6392080636118171 -2.475269724136503 -3.3876614719613527 -0.9247198714778685 0.6622189229096498 1.433088488342222 1.9085931058785814 3.0847795607873287 2.397100570590523 0.6299435050644864 0.8071139392381222 0.8784458032532735 1.8705608828975449 1.6433097495947075 0.11135934068684512 -0.006761589358864527 -0.003962767546681792 -0.00007968147730986334 0.00006629000287362102 0.0011130113699578095 -0.1738576777393879 -1.9421831749589247 -3.89233797492418 -2.7009609906422476 -0.9049236898358728 -1.0344890217660683 -0.4113846950920775 -0.6623009241210782 0.26008823356917626 3.9322379072193683 2.903023979072678 0.42220882004939747 1.1297192651768486 2.0486156285535606 2.7231910341756307 0.5112978453026158 -0.03953523956750661 0.0010488546957802497 0.0031589936511027578 0.000003360458158014006 0.00008944743689175571 0.006943492729385928 0.0040877760679330815 -0.32296419629971 -2.378058037724349 -3.5755344357629455 0.23404031279208493 1.1998811918469192 0.23911506718803235 -0.8035507328649345 -0.41532753876893314 0.6778710115691189 1.1695889801434962 1.087673856331885 2.0858582695247367 1.3778201447593035 0.47493603711156956 0.012877964865871595 0.028915862237563827 0.0235720998487793 0.0038664034203407765 0.00000961388957552442 0.0007978155010749391 0.08276792482001845 0.164428569606653 0.024364105994175156 -0.16160242124056895 -0.4233652218000361 0.19634010585897158 0.47981174502042595 0.1390727933824524 -0.2718787424084845 0.04432953774188276 0.22998625167814735 0.5644091044697771 0.845854648163364 0.7063200701546595 0.2838688860354358 -0.002801436858874414 -0.003572816467346606 0.049442025082959994 0.11931073925226184 0.03243400803280448 -0.000025198425988010327 0.0008063786897881529 0.09111664679771886 0.18056566233520002 0.019821787783412752 0.002367512966884631 -0.003930605502861755 -0.024369186331133302 -0.021048411043916956 0.010672988964397487 0.031060243721669472 0.05479813254276257 0.004960243840874544 0.012190181238941522 0.057989877491750955 0.01703607278899337 0.014246695718616524 -0.001711920136777737 -0.005850347810835097 0.02561765040728267 0.1314382626165005 0.03781138523047996 -0.000041397294900833296 0.00003980617694969501 0.00532210068359203 0.011638968799774168 0.0016654098680934212 0.0003071721874726666 0.0003332215278256709 -0.0011494512848380302 -0.0022508107363690215 -0.0006042902222623651 0.0014305084189134823 0.00023172912969382785 -0.0000279344205197255 -0.0010703880175407887 -0.0004711333947920525 -0.0003652522386212987 0.00012204367905140282 0.000042243377891941726 0.00011610169545160865 0.001583799685899044 0.008133435177585073 0.002343772039649672 -0.000002446316152519498 -4.449361855550901e-11 -0.000004162977993652556 -0.0001965300399185939 -0.00029366042064750105 0.00015897444133044063 0.00004622351589323196 0.0020485234296785866 0.02414399541943981 0.03398216557730009 0.012843538113180432 0.00010458659733017339 -0.007243856952372661 -0.00803316534511953 0.016060812832466322 0.017300714270741622 0.00228041050373274 -0.0013576822276864773 -0.00901877915550889 -0.000734306380350493 0.002050083846739542 0.00025273644872782854 4.4895478278425874e-7 2.6150747644811825e-7 -0.0008880912128375236 -0.043473181868135466 -0.06187429377369244 -0.002284669470453237 0.053287284290702626 0.36586241245074974 0.7817337609210566 0.39608690924087897 -0.1352924889136103 -0.15163004963742635 -0.1982446675689668 -0.23144015022077147 0.29349992778837075 0.5997627031448458 0.20464514207605652 -0.010177238553520178 -0.08400054150075269 -0.01991165660441334 0.018871820367330323 0.0036536394992553066 0.000014290725313830827 -0.000005311822804260847 -0.001462830886943897 -0.10681989123114397 -0.1458884325832923 0.16801578873641215 1.0429621186249163 1.6674820152437617 1.109699268787407 0.13575623328630307 -0.47284205492391357 -0.15350942035793408 0.06000809937993346 -0.03206669149534902 0.46097637377148526 1.4249356628742988 1.7214294150990788 0.5685378246588165 -0.04530297769237846 -0.19756577908334774 -0.11856676932008026 0.009183855769231081 0.0001544104468361406 -0.00004916503976660851 0.0008239987020823957 -0.013410754572584699 0.10728860106692795 1.9460058588043043 3.5075711815396646 0.9067933166233586 0.32250823564351977 0.5629756407065575 0.505724001662351 0.5306885148304596 0.9239345818747936 0.9326274448232753 0.6672312637446142 0.8656347051353388 2.985192790205583 2.340539277847261 0.16005446314282099 -0.4058375915805705 -0.37374171988048105 -0.008802253741755276 -0.0001624477757806149 -0.00002075595974117246 -0.0009210879064969562 0.03156543128433993 1.0895695217008632 3.9511595453040815 2.604483763655128 0.7248963961036354 0.5610163762490095 0.33743137153168545 0.26614257243511164 0.15527716771231578 0.20666533785956379 0.29227956857592235 0.3346235168725147 0.43754829484719693 0.8936006107158051 1.3177142669765056 0.06443623684891231 -0.22546433648007283 -0.3928443959498894 -0.12411730972338547 -0.0013086281984985896 0.0000010228391562074578 0.0023839746342795985 0.33513193088407867 2.484423090405475 2.2509207404200327 1.0052456803365197 0.7692939712999802 0.1688316791808892 0.04712323482001943 -0.010017660579777859 -0.07978409692313297 0.0033300050419194814 -0.07542285096247586 -0.16831590360960283 0.09047571027530754 0.17482534441817302 -0.3875868458960935 -0.8441155005611629 -0.10656551580441397 -0.1883684706498783 -0.07978754369436797 0.000044586784114571765 0.0000035414069639040747 0.028847840146633864 0.9085746362953517 1.7845391571122928 0.8275639209860642 1.026391722370469 0.2558776467488492 -0.13445566491380592 -0.01819865785539144 -0.02618664006256343 -0.027071716364133944 0.01136328784147191 -0.12609681333552483 -0.04327735817076935 0.019201161217193147 0.06345550681619194 -0.16503377980138867 -0.9783710660207252 -0.5029996591091508 -0.0068587589712129264 -0.007148363436991356 -0.00004963847218647192 0.000004491739431423467 0.03864185643667936 0.6748267998712848 0.5746711824823195 0.6182018271742884 0.49576452098078666 0.08182263967107262 -0.05184277758356286 -0.01519910047093021 -0.002634876568865327 0.004930141568680178 0.05160009327459331 -0.04378117060095193 0.17720734811431893 0.14250331311609477 -0.003070521080063605 0.010971574989218113 -0.4597981929943851 -0.6433374254508158 -0.09261596851967466 -0.005471853646071423 0.0002485468064221782 -0.000007183442468610479 0.015342980184610404 0.028265405510796142 0.06172333322692239 0.20983381641616242 0.04191063579525671 0.10579395528368701 0.12443665029436798 -0.01665701005838933 0.0028457781295093475 0.124501154645498 0.17726716975895004 0.005610954932055132 -0.049162171236384195 0.13921779757469868 0.05600580499785442 0.07497722118363032 -0.07387778693173132 -0.8754961163489274 -0.4285587919681688 0.0028033010710933684 0.00044499551973878896 0.00003210132938059257 -0.03993241193626917 -0.24964775895870894 -0.23298690703955327 0.044399885565341406 0.08104228467953906 0.13480751633096832 -0.08588836080447937 -0.02805559728201842 0.09538252778876838 0.15036811997000946 0.06578395503167303 0.0774854473228303 0.058180295696668466 0.06246081450490656 0.22287553095714382 0.16689863024884188 -0.10766661922356235 -1.0257803801580854 -0.5267462397978373 0.0028236210012163067 -0.00004354924615298562 0.0031154684654637775 -0.03870848723845176 -0.2267221093142942 0.4705305810628229 0.42863955923681324 -0.06432979854931484 0.027747656706526878 -0.03550880773124147 0.005095539003117277 -0.00013879745861062676 -0.014886520231969808 -0.02410325726450841 0.09888896342757686 0.1146244139080448 0.005191367354971582 0.11699411255430453 -0.02503087323485368 -0.11106528163098274 -0.19151163355400203 -0.10103770248241815 0.000885872765725637 -0.000014827414737775128 0.0011617750815974535 0.1321955746914172 0.7913055700888633 1.1632037439601535 0.6335410498755566 -0.1926695392124794 0.003143248931688245 0.1024552077720827 0.13756637976168107 0.17725637315700477 -0.15625996237164705 -0.29393030335013115 -0.0941951790486487 -0.11345486652210209 0.12236422341132852 0.05811087388860778 -0.08875399688609828 -0.16107768060386932 -0.22326250236924347 -0.1916558251673709 -0.026941986915432186 0.00008491349795448355 0.0004002988573276879 0.11246621151838107 0.6234966445387723 0.888977456073952 0.9532973941831291 0.09359350515286076 -0.1543913355847153 -0.03360058243047783 0.14909567046855043 0.2518073779153436 -0.2630538413024926 -0.25537823379474633 -0.23994021238063357 -0.3989899187067932 -0.08403539146400398 -0.053036306055601924 0.0359161594110777 -0.2955206141782377 -0.16811613164594252 0.06025453851585566 -0.00534684313482347 0.00011871232327427779 0.000672971709277568 0.05222945687662359 0.17064898584602703 0.7860734009848316 1.2740517912662606 0.119593904724881 -0.1138872391324457 -0.07926130018000563 -0.020857446324097362 0.3495051470368378 -0.4535471361074111 -0.3467607367206292 -0.13573900244077974 -0.1740378343202334 -0.14748503772122218 -0.14825034740984414 -0.11032523476180607 -0.6467563894510705 0.21920117995929914 0.3855189699063013 0.0016984319622831354 -0.00004989143994431906 -0.00005816702159017428 0.01135867905835954 0.18614140955545694 0.43566283275320683 0.39498466379053343 -0.03277340105244861 -0.14360436709151947 -0.05057927963945845 0.03197844924029361 -2.3627328406644343 -7.4905072793636345 -2.1060685878460794 -0.39943763883068545 -0.28239394621402314 0.053164933951018 0.02424210239047975 -0.48502547650743955 -1.4361747303229109 0.05098941776011772 0.24018789752927447 -0.003102728071816883 0.000004287539763664342 -0.0009611485494800393 -0.027850467616111013 0.0434118400106143 0.12032812616229387 0.21445398741514102 0.1887014840065674 0.013151737030365441 0.1370271489324588 0.8810340948851737 1.1629490803861453 -4.209516795112258 -2.239156237684301 0.046970362717868155 -0.2773006081293694 -0.008160903390639426 0.08400957261026341 -0.45907299562808523 -0.5920597282681775 1.0071849616306128 0.25113704028047734 -0.00019367735027502254 0.00001777938786699972 -0.00029116481136106086 -0.03283674939392356 -0.20580935509347822 -0.21201001409163367 0.06976506281109017 0.18944462526283062 0.4543509081973682 1.0664950915562428 0.9503348597811873 2.9421163112482067 0.24504951233409308 -1.7344741724602568 -0.29606133887553093 -0.5424327618728978 0.0977467502288116 1.0497653694459566 0.930654758447849 0.9981197486512919 2.04340739087753 0.24068899602474964 -0.008081922738173005 -0.00017120383928805613 -0.00006243173017917452 -0.033932172930632776 -0.2637770828960984 -0.21875157506407872 -0.08167229468280315 0.2083922562624051 1.2027746793274763 1.1694323939409244 0.3195028359049393 -0.20490254228655855 -1.439179139705011 -2.545336224838287 -2.2175791765673853 -2.852960678589136 -0.5196828888724448 0.32070644794563485 0.8677402679905554 1.991419644641552 1.4415806477952944 0.07999865004194404 -0.002780615566410447 -0.00008187047029374709 0.00003267413612471423 -0.03140547984857153 -0.6538744292099881 -1.3600287104186866 -0.746182664740235 -0.638624676529446 0.8381737461209571 0.922264980904536 2.188774325610924 2.0563225249635058 0.32365536186738797 -1.32175904504892 -0.584688917050169 -1.4922535933325194 -0.5630542517816299 -0.18853066270124805 1.8248723373047964 3.084820441663455 0.781473513734496 0.005576793010322788 0.00007424803921185632 -0.000009787897086244503 0.000039454295505085495 -0.004454858790621426 -0.3805177369807794 -2.3524753991832132 -2.2192917096989206 -1.2001662182288366 -1.7386628001466164 0.053573255736275895 1.5728297718552458 2.1082987296280282 0.7625490522397015 -0.17012593441223042 1.6962599522932453 0.5965921510629457 0.8920180267729771 2.3389169058863257 4.310083383826876 2.2998685225605655 0.17306920542193296 0.013887791774839146 0.001397772911137536 7.08324067141193e-7 0.00048609831499762544 0.016337690539176813 -0.06890463563744836 -1.3562235861429164 -3.708742201663265 -3.1654390107842625 -0.5688872350408438 0.3631231182251663 0.4099506553723482 0.22257400954141232 -0.1328938047810286 0.4610577145155557 1.6761248646591858 0.9464379986970586 2.056201864915751 4.850892517102803 3.6910770769319585 0.6122988455535522 0.005424656229505551 -0.007500040544101078 -0.0005481254050942134 0.00001109062914989147 0.00023815877320206426 0.008068927892190781 0.009239682735144672 -0.16314011483362217 -1.6756915006162325 -3.484444201204557 -0.5292844489702339 0.7544539955080065 0.4154802263998535 -0.2677600876344856 -0.5811136992119084 -0.13822095058920253 1.0381131259265404 2.2171248009766304 3.5430831360696264 2.909817902770503 0.7027283273152727 -0.015905395146298032 -0.022864970305411906 0.0014285729555166004 0.00016906612039768599 0.000015569743525663635 0.00006693882605552756 -0.002277409553439762 -0.007416910734203892 -0.007263938718723314 -0.09256696266304164 -0.36215485351151977 -0.10421357376932168 -0.15521419564772573 -0.29445826562879385 -0.3520805197789789 -0.30283809855940813 0.049477809709945246 0.43744994723128855 1.0904778314810717 1.0694640686463912 0.3296285671865128 0.00047145899228995215 -0.030468173612433327 0.02111580970569013 0.07748701928925526 0.019155681582877383 -0.000018741336159097878 0.000003157832532560791 -0.0051541178131166866 -0.015911238214756113 -0.005390032614960654 -0.0003001481701460909 -0.0001175134078313447 -0.03167747521531481 -0.14721650707938636 -0.15720893969623403 -0.08992025506177165 -0.045101655581723764 0.028856331405819623 0.0013609714082456245 0.03828154728009416 0.033641528303282424 0.02343699921758738 -0.015436326257895688 -0.011021126915323429 0.026378685842310512 0.07624987709800128 0.019261240432058135 -0.00003866854534218817 -0.0000010039936432905822 -0.0002698268778551861 -0.0006400662320904924 -0.0000913549520067415 0.000269998763583353 0.00046039405125633103 -0.0013145209242555389 -0.004045092545703717 -0.0026629101288147164 -0.0016385855786323251 -0.0020060294855542573 0.00037822683662192154 -0.0007676904203584556 -0.0010056008118694596 -0.00023556545639075448 0.0005914744682658307 -0.00046218003364082924 -0.00022332733140829043 0.0014127893109174762 0.0036941634521200028 0.0009154267962403467 -0.0000022475122868106524 0 4.606673308712855e-7 -0.0009264145934144136 -0.004183875956497008 -0.001165097148747564 0.00034445079913581405 0.004489720431158955 0.025837387572917224 0.013128031317270692 -0.012370939121184378 -0.006250140553508549 -0.005183426409939276 -0.009911975579726366 0.007951863015816628 0.02092950554079956 0.005730507666617319 -0.0011444068815587975 -0.016882661269728243 -0.008681849799099077 0.002015535560794059 0.0005752677225667901 4.98650548012218e-7 6.319008105676856e-8 0.000020288689748099442 -0.011108819793230548 -0.05536072024276077 -0.017855952189359193 0.07419854083044236 0.3588654341174904 0.6001698932199447 0.18694121132457833 -0.2602440344445173 -0.08229581302585512 0.005149683087536792 -0.02661045353410019 0.26586587749275975 0.5928999349624174 0.2983420027794132 0.008950635452012733 -0.15491273682890838 -0.06678432267491291 0.02570175940180485 0.005718978831623878 -0.000001836985232925511 -0.00002224714105137043 -0.001257992477315462 -0.008027130199237587 -0.03631409819704167 0.16521439266213483 1.2313184366937906 1.6659488104498448 0.8976002284009734 0.46958031744804074 -0.21073209120898365 0.01435270653590318 0.4250800796723693 0.5468326749996157 1.1771816383600449 1.5422881285961274 1.7517559110899668 0.8195134300376278 -0.07441447806256322 -0.17837998060997684 -0.13121269949758704 -0.004829899702663492 -6.928600282447731e-7 -0.00021735278313254585 -0.016542931010842303 -0.02767575163934196 0.13329870740220706 1.554845385109305 3.273033771400004 1.766406398185284 0.3883306194284101 0.5319294138478693 0.5000971126960234 0.42292776845542623 1.2821000793040551 1.4072327585083846 1.3444624828547724 1.1467016794310594 2.2870145601371643 2.4353595924928433 0.43795770848505106 -0.3122121883089843 -0.19768303264387685 0.025029255034197336 0.0001379033160482383 -0.00011055823420895927 -0.009841177082193836 0.0038906084930164617 0.8243208391171964 2.2542523625148267 1.4891493717626394 0.7001775641726063 0.022566822128534027 -0.040925118337542955 0.11225098817406129 0.02761820616823455 0.21616367954681484 0.2515274187373163 0.6048711382487036 0.811759808099119 0.6606842640341468 1.264439787450505 1.5028080524377823 0.045239363913970376 -0.20837467310544033 -0.06524990913853983 -0.0010845767600058068 0.000002509548705605099 0.0005830881448971218 0.2826004879149653 1.5589803043545984 0.6515561922174634 0.2339762073317636 0.27343879046778746 -0.1966850614527564 -0.1568473982222455 0.018336802523644113 -0.16792750423138678 -0.16214999930531296 -0.2732550808292613 -0.06567763153289546 0.27943120953153244 0.43315545163571884 0.23444021320047936 1.6115631216086213 0.8122016545103631 -0.10657436907670212 -0.07976495059799728 -0.001720355521442318 0.00001310301917738593 0.021648788369431723 0.8872123203037852 1.4676264939732262 0.30395424622557093 0.39025417263374995 -0.05478819357533303 -0.3070124681685371 -0.1881438115509764 -0.0496548187390165 -0.17102071800170435 -0.08283948917140814 -0.020376593836434916 0.08902210256100873 0.27981259708846107 0.231240564446332 0.02839386272224733 0.13337521490725554 0.4820785992598082 0.03966301612183819 -0.043486577563645885 -0.0010857391561143418 -0.00011182828782668485 0.062435738103143096 0.9458955737006266 0.6816885123219549 0.3372724115674644 0.1884257493700996 -0.16551589224065233 -0.4775677322316328 -0.2501816852209236 -0.07887702059688019 -0.05051558437302993 0.023900499934510152 0.03806582992950672 0.03895055961275216 0.14942388309230006 0.19768688326491723 0.03840813853487063 -0.2951884262036776 -0.003358338557900951 0.01672156339694405 -0.015824701569695995 -0.00019346915978274686 -0.00021617558048905243 0.07077064246326048 0.30875611232939965 0.21929386410893595 0.35045227356559905 0.12786549567203373 -0.11377355344298226 -0.3603877321849048 -0.16512815237150774 0.0023067152824137868 0.049281070831026196 0.010253344062461756 0.004192171046142117 0.053234728144124804 0.15360824578446333 0.007158336066374953 -0.020836041046598187 -0.14775893839127527 -0.305754699981601 -0.0938140076443349 -0.005276460740579643 -0.00017016944389407806 -0.0009182884505045456 0.014604806745469587 0.053108138611846496 -0.04388531542366749 -0.008506415162513317 0.05947618170640028 -0.0011495954525197354 -0.12460799913614076 -0.08410226017468353 0.06781389248265578 0.19695425445204826 0.06802843388383556 0.024961340655657856 0.1835638201344387 0.13849873453781952 0.024359950797754246 0.011476684428576118 -0.026543476317981818 0.008394755376310513 0.22483636909025298 0.028223335512053044 -0.000011814968164222602 0.0006779501345325213 0.04251534005525731 0.08630228130649356 0.20198836067785764 0.11686921291529806 0.14133409282828135 0.11264962073042198 0.16640930968820872 0.0088851081713697 -0.13913627534633596 -0.0364961530630337 -0.08248161903651366 -0.40211892547604816 -0.2214688447456243 -0.03822791204511408 0.035335651056212905 -0.008651237378152394 -0.051308020744083756 0.13295960947313817 0.30608577209475635 0.029150428378165297 -0.000028482368955752333 0.00008823457044430164 0.13417673597337548 0.5753868082066776 0.5702117362372154 0.19808725488259338 0.12651180322810773 0.05924445334780649 -0.047371079528438685 -0.0880912435714451 0.16335002253198413 -0.06636027616165346 -0.017718821080830508 -0.6138728493768396 -0.2336015955047807 0.01896023540029749 -0.0523585389082285 -0.09908980819342508 -0.10766829745698563 -0.0968720996184801 0.021223196248119816 -0.005644638712056596 -0.0001271366948902992 0.0007055446770768897 0.05644631473167947 0.21101391453328136 0.2755098962426009 0.06867533812050729 -0.04907463889342023 -0.12261802875183192 -0.044101841269273016 -0.009494756476595206 0.885979386647612 1.0291558853919862 0.5162182522444316 0.19491617886005222 -0.2248608577381315 -0.11160238439093996 0.028398258787789666 -0.06431946174008663 -0.12453714562808789 -0.14030697125892005 -0.13455675738880848 -0.07158838332092425 -0.0008877807923222763 0.0005536959318026793 -0.026448360822814168 -0.05183401920078349 0.18222016096701724 0.21693757431720898 -0.002072821864271342 -0.11133481403299551 -0.20248208719243402 -0.4592691805283623 0.24156727419048551 0.055045448851284234 -0.5600859287696589 -0.021422531197102565 -0.090759274920535 -0.09989969394848289 0.01811209970011426 0.010472062706288037 -0.3744714337073582 0.13826735980144114 0.24355486196775725 -0.04218574144601097 -0.0005358674181321664 -0.001548382939981177 -0.034521547543896434 0.2034689967230843 0.5146091305074729 0.23745239707613128 -0.06514399670542197 -0.47288135291348654 -0.4803813404846837 0.010743465965609454 -1.1331045910478732 -3.249412481517574 -1.2307620984645447 -0.20015902200919242 0.14914929929927362 0.1596268674645159 0.019702645506843815 -0.23727100244514204 -0.8685450447155612 0.30354402148551485 0.2848933201944442 -0.009209681706736118 -0.00004449379968865582 -0.0015490272251822133 -0.05322818187432182 0.033354498426959756 0.3834798051528944 0.3457718587470449 0.051127542848683434 -0.15577419634445203 -0.22349331904886963 1.342715594890657 2.8892717012841507 -1.2089475044359015 -1.5867697168332646 0.2518457582436016 -0.06445981408973893 -0.018059639162539266 -0.0551798055111217 -0.600188403766977 -1.015064443859472 0.6155726068330091 0.2023107164519937 -0.0038029232873627136 -0.000012526898489659943 -0.00015662104206088404 -0.04242773977127087 -0.2867342064566126 -0.2425799787239764 0.20385728118731827 0.19621089744158343 -0.15595003420971137 -0.7868029725490435 0.9427298461182532 4.734344936003344 2.114953086125973 -1.4435475512874236 -0.3681376352253369 -1.2005231727039694 -0.10569579853640654 0.5736208472171661 0.7936456982842379 1.232033758055983 1.7917473037874667 0.1147032241497194 -0.011948961662802956 -0.0001858701299786638 0.00000148091729448529 -0.028127283450162622 -0.6204822981860879 -1.377596706219858 -0.5797488848474175 -0.0312872434069547 0.16925366014092114 -0.4133138804933134 -0.4289122076637367 1.042702902609317 -1.1962493966047858 -3.8671158752934804 -1.1967767014618529 -2.651009408927138 -0.4220890601753606 0.6727653789228104 1.939004814313242 3.3046110185586763 1.691598394159676 0.020791264570281156 -0.0023522423876629686 -0.00003035085904401125 0.000019808569261754367 -0.007398258861274347 -0.6140842424164554 -2.5389789890379695 -1.6924273268786867 -0.20535129198258598 0.6917687636401786 0.916120101292385 0.4441548582206145 1.3914827814795456 -2.583022528411781 -4.199996715543565 0.7502278021323975 -0.008051144860454164 0.3489293337279387 0.9140430878325253 3.1071832619818816 3.2956284666857236 0.582527148372617 -0.038590860377359266 0.0019481215536802906 0.00008585678288549974 0.00001747566373187204 0.00045746814351699244 -0.28553641336929836 -2.492721640792279 -3.468449085973681 -0.7803890422467166 -0.00717932292273419 0.3310875849207627 0.7990170105543852 1.4901042766951913 -0.6490653369129251 -0.9828108492157983 1.246004153816096 0.5314818871552563 0.8713502863655842 2.4387861957361343 4.301771126387186 2.30719741587328 0.08252505701472172 -0.004330636927729473 0.002765431148417317 0.0000587582209806523 0.00008842901540957053 0.0029133950981733285 -0.0233307594598092 -0.7626471976179381 -2.771012726205128 -0.796801944016365 2.2395921284639795 1.531489021059895 0.07607546705221059 0.1376446029537396 0.13219641662168158 0.6066540035776417 0.9145411438912029 0.5929078743081657 2.8893485074071372 4.93790725898324 1.679996474249636 0.3977069526098168 -0.010411283279173775 -0.0014873006492447688 0.0015940436240294421 -0.000006450289077697778 -0.0000016409790441992465 -0.0028531921884681634 -0.012538781412219053 -0.059570209635165954 -0.5365957047692548 -0.225405001673897 2.1581102577416162 2.3988106239387186 0.31049284871899896 -0.06318280779280483 -0.3114353157068564 0.13668730701390625 1.1090216548779621 2.7189938368944757 2.9377100651366748 2.0998778378594682 0.2140702449093346 -0.011195193956742504 -0.031430033689774185 0.00026647850632650986 0.002309589171411953 0.0000255458810546303 -0.0005380958422776931 -0.07700537213803935 -0.1618250128957996 -0.027797706962897815 -0.0022258618498516426 -0.06919268249297753 0.11839146074263156 0.16846485456256663 -0.07407425460000298 -0.12621454916010907 0.04170887697730068 0.13850302705407838 0.22157786857191353 0.8538870933921571 0.26609712560257887 -0.020525966768644245 -0.005137910351454719 -0.03945825626060422 -0.010987425950637716 -0.0013813737596820475 -0.0018557351602804058 0.000014913403819495442 -0.0005930117285139118 -0.08563070165960383 -0.17725555438175128 -0.022526891313478892 0.004146540151946259 0.004583096943799041 -0.011807217948836239 -0.05863208440280729 -0.09481141976387807 -0.03640358666034194 0.11227473326859655 0.1326159079434509 -0.032982288008897256 -0.026919698060369344 -0.02605832724008535 -0.0036464404097245134 -0.014441033027606269 -0.019280146254441997 0.004899132554110987 -0.005111463189205069 -0.0035300894734890073 -6.47549269059128e-7 -0.00003111792341216981 -0.004507902312154048 -0.009340823840246404 -0.0009536560202351138 0.0004079986145648114 0.0002774769511656309 -0.00004217882234928452 -0.0007330087186617028 -0.003192955873263985 -0.003291681496003734 -0.003847094753383222 -0.0023475864446665033 -0.0015223201458775541 -0.0009528456089327023 -0.0001860673442406228 0.0004023717423108961 -0.0005857117374550034 -0.0007180858349444269 0.00016739222934494043 -0.0007401426574840767 -0.0002873832301017034 -5.3925346638905325e-8 0 0.00006284640815984696 -0.004227963776979016 -0.02485236445684517 -0.007901106089517274 0.0004567811401809539 0.0020963375787938043 0.029680312876886945 0.006154554197075392 -0.01980914992661662 -0.010795320517177175 0.0010001303640369817 -0.0011336696914659322 0.01568678677367919 0.014649301981694177 0.004274107077891646 0.002943739380125862 -0.00489009759741747 -0.0025567749670033575 0.004922286880526791 0.001194518894242145 -3.079338407781848e-7 7.1611009877948e-7 0.0017512891093567665 -0.026541933266145793 -0.2652371928124896 -0.10652262197415961 0.02707664423017455 0.19295714287368892 0.5596511646908097 0.22269515985232205 -0.09769606777686346 0.03852765557105857 0.27748810410430985 0.2451342429768673 0.4568060932752007 0.5417178605231527 0.3899325947636145 0.09810550829785818 -0.06819113257440641 -0.06510602519669832 0.03943277525671409 0.008056643526569648 -0.00008897362016338277 0.00003586729703228592 0.00534418228701442 0.006087305301763963 -0.1531391497931959 0.044723423271489184 0.9022938320674591 1.24584891574037 1.002951237934624 1.1742321887421383 0.759305415879165 0.4239287117938488 0.7414794323345563 1.0084969601954483 2.050329374189936 2.343675886880662 2.454788087460639 1.2467530241005196 0.014916718644393137 -0.20650332028868854 -0.06182668061607754 -0.008717727835999974 -0.0002816826441607569 -0.00006235741215865458 -0.0033230921175366203 -0.009502500942547044 0.09966921006907505 1.0531542105751308 2.8259920997215895 2.357383645089264 0.8587293144329986 0.6523883561344167 0.38928301526812265 0.3493796262509542 0.7315899699503478 0.9130874835232262 1.5040367999334412 2.124970570569911 3.139523462941933 3.1285468277300974 0.8626201112181688 -0.16014568244303995 -0.1712673643890471 -0.01969881061393756 -0.00004447670634085366 -0.00007159753945562537 -0.004682539000817528 0.010127961685087306 0.6591348642000987 1.884297094794538 2.084794576612908 0.9840297024432733 0.12891293397957942 -0.03565560980633226 -0.08695232407446661 0.018447727940218497 0.04604427602072867 0.036988623185834645 0.4083568164761348 0.6548699834589131 0.9343461939544923 1.5269826885935969 1.640089936733962 0.19593199381343365 -0.3316645467173793 -0.12106135159378374 -0.0019779622220343247 0.0000051373884481053935 0.0009365828631231984 0.25923082872391207 1.869498904625135 1.4502802261032626 0.33713907424619466 0.08783548576993128 -0.010397058252375631 -0.08321999160510461 0.1509979460403389 -0.04277062395203284 -0.17164122106702653 -0.01496693232656355 0.015004911346977607 0.1293474004599476 0.35454474875426617 0.24591124710868845 1.5563475957427007 1.3176732637579731 0.006737073363960029 -0.02220759090023069 -0.00047476808815897245 -0.000018209678437699545 0.006824368579804896 0.5218401435592783 1.3657921589208992 0.6406548577454407 0.11563716177530711 -0.26453639924948147 -0.14349136347152752 -0.2882443355942768 0.024923307756466652 -0.19157514241524662 -0.05110308203544879 0.40129791930299946 0.4829546944751307 0.5663174245284667 0.2800231137889752 0.15525421725078795 0.5743826694268068 1.2864093481768344 0.1745786901414872 -0.013714133819072175 -0.00014550858704961376 -0.00013897499111863772 0.04930524932102625 0.49987032406204635 -0.012512496901700186 0.2130435188031311 -0.13660981801763455 -0.9008318366105786 -0.6976157116744818 -0.3531197248247561 -0.14617760850504222 -0.06114223567580282 0.06664675903324593 0.11612901158819118 0.12247871905378943 0.2721123013580088 0.295574148103408 0.07825538198955251 -0.028403611526022367 0.6041112218094332 0.2546782475418579 -0.009844444229764087 -0.00016331208748786047 -0.0001765456152925151 0.0889768837999232 0.30345527878392525 -0.07005723837358872 0.4506567775554016 0.11271966287106572 -0.31098554182754334 -0.2114535557810466 -0.03747384258604253 -0.06530299671115929 -0.014145914419141889 0.026814077515680018 -0.02221522439191978 0.06157792201123819 0.050239423983218415 -0.12232402374257022 -0.16324599190327732 -0.08837604553015466 0.2090751596498021 0.20785531850875177 -0.005662960609861559 -0.00025313941837443117 -0.0011455708624803133 -0.03206419811786039 -0.06508101431826503 -0.04924781714455486 0.027511949974907194 0.018668731795589057 -0.1346314328435039 -0.010613933331229503 0.09729159941889531 0.029460037752099568 0.007485599359355458 0.011551244295761855 0.006018735685385335 0.15657951143012583 0.14811568503541428 0.01021312756608429 -0.025909809818457866 -0.12063934265342381 -0.16159091262210667 0.047530583063503704 0.013966311393279633 0.00007767136273984362 -0.00030307748248629225 -0.07932731821591171 -0.2830852624478249 -0.024754822068157933 0.0028952155977169775 0.1265854064249102 0.15820144265137648 0.22587373134474287 -0.036864629546651075 -0.19088298327076048 -0.03424172493033471 -0.4661458221874485 -0.8439632294807096 -0.16912053489911916 0.16006436146316347 0.14394341418681622 0.010910626220321344 -0.16675435100057778 -0.07069217977436013 0.21899381755592093 0.04795262803816901 0.00034032966400795203 0.00032508072835836906 0.010242514513245484 -0.07059016350082843 -0.04270061076261868 -0.009211064731046083 -0.1235543370400122 -0.16673533123296919 -0.36821522773440973 -0.38587181113487434 0.44157545472710036 0.41372566462389293 -0.608016049134236 -1.8190892759719033 -0.383655887289217 0.04721454918516525 0.03304512358885358 0.01864065401589721 -0.06332937510793019 -0.004607310895920302 0.1854890759101653 0.034000363590311146 0.00015687919791428174 -0.00022524554801720147 -0.04150757063267514 -0.16447590046160293 -0.08434281717000022 -0.11875182268575583 -0.41990839098323524 -0.4979387519984515 -0.17332575850113965 -0.11156512448171427 1.690568707307407 1.7611300413821176 1.111002352591781 1.241658019555053 -0.5181021951259172 -0.3922817656135206 0.23864433543204283 0.12749766145830577 0.09105709109633553 0.1540234679272303 -0.01872467570439275 -0.04595353072351594 -0.0004005743363845172 -0.0011089928755436062 -0.11787850616720215 -0.4557934125575767 -0.24163567430550878 -0.04887788741765371 -0.05028436183003138 -0.7424436759866901 -1.0590723097490897 -0.1050002133702047 1.088266146102693 0.5148988245959246 -0.40900766857252463 0.21186971096622928 -1.2064472199011835 -0.5218951330418362 0.049358790286464164 0.1650868891402867 0.08747265451947817 0.6173729086675039 0.3000486217186558 -0.04180085410953817 -0.00043452409724339296 -0.001432520803542228 -0.08583359569316236 -0.24344102782226532 0.0703860984519421 0.1706393589210254 0.07560505817380775 -1.1636249216288561 -2.2307615714280336 -0.30954122826370645 0.06930467960580641 -0.6127499944681682 -0.7192768316978756 -0.6030026564883213 0.08401455045128856 0.23797555852225605 -0.21317305212576912 -0.18975126768919223 -0.28678042689316674 0.7707336405837811 0.28457496730896015 -0.011615992250492372 -0.00016784599464111797 -0.0005919248373257121 -0.08129757872045967 -0.22015139724379185 0.35603169640042476 0.3746323615691047 0.011835758964169392 -0.3414745310637344 -0.9359986700104184 -0.561493556116544 -0.37716068224486765 -0.5002704177789861 0.16367579745449073 0.23993236566196469 -0.18865459439917695 0.03508446773005542 -0.16204388457404362 -0.7708221436235005 -0.4601013266911421 1.5043104067758302 0.24849007580802343 -0.00447613464658337 -0.00010835281557049602 0.000004742127395752964 -0.06348254061541911 -0.677810088417701 -0.8335439473218139 0.11340698392985446 0.04177287890190733 -0.3132165085867121 -0.7749911913127335 0.18598723132167946 0.34407312390283157 -1.1538925841049175 -1.7208662997964248 -0.7222183062789265 -1.0552982858592113 -0.22074518767709048 0.11047240302933192 -0.47373467384016 1.3008236659654207 2.038699001009334 0.09188063604897803 -0.009220513531404424 -0.00012985053490378407 -0.0000022759333828398593 -0.02220137491702819 -1.1466543443680175 -3.5982655199476135 -1.4000673767584149 -0.1276241487413029 -0.03852693813005011 -0.37672536790849437 -0.2749130652693687 0.22869235348289485 -1.5036712691117158 -2.7768009229312876 -1.1943746818856371 -1.6722254039939495 -0.13913427071811715 0.5311537326638986 1.4932101247261134 3.3102255809497634 1.4310937791794982 -0.013570794414635347 -0.004041732815180827 0.000007669896359284366 -0.0000017120671831896034 -0.002496711420534216 -0.3866003914237952 -2.494093157889996 -1.8878557961271016 0.09700563944928542 0.4442587963418839 0.46379925136337746 0.21287353469630907 0.5780773840583722 -0.15667114073722282 -0.959384659477646 1.1686442199930098 0.396680091164721 0.2399136161404595 1.7330662065419784 5.048851406969483 3.410789974031592 0.4366166510284707 -0.013924106487225111 0.004544375269926881 0.00018500377698392549 -9.787785822575936e-7 -0.0008287734229193505 -0.07793306823280663 -0.9911314613522888 -2.23313877735443 -0.40035480768147313 0.46831712178803275 0.3312643248977918 -0.014222227930423924 -0.38567121593579834 0.6333523698873622 0.9464734325051155 1.0113960733419185 0.2843589927984803 1.029063264208539 5.061621068746147 6.318514032742201 1.9378079838024294 0.009717187311423996 -0.0029646368331484184 0.0031107748608478814 0.00009497124279670846 -0.000004487289366781966 -0.0010204281850708192 -0.009361647273232944 -0.16616893270314123 -0.7925115952596679 1.1745109308295956 3.8869793589984396 2.4281907965493135 -0.32945591186829826 -1.9263667534395665 -0.41232084431878413 1.4445784594621351 0.890883520237244 0.8587953276502596 4.977952651249751 6.1780651030777225 1.747629302807872 0.2041916873970895 -0.03103229326868656 -0.008756781497003074 0.0004449517374680328 0.0000011840355791608342 -0.000039817513049371347 -0.003544248599020808 -0.008862139704341335 -0.020833872893510724 -0.0351029756278918 0.8868089301039436 2.5474704775387407 2.293939431634998 0.46052701394063067 -1.4628119769377272 -0.9038635902801758 0.496638847497637 0.33353312959793463 1.2853207353551919 3.810418581948105 1.704393962975178 -0.03872691716784918 -0.004613437346268456 -0.014892516937548065 -0.015229194055634231 -0.0028009624680736334 -0.00002009389404548677 -0.0004160551214662721 -0.05839010169032532 -0.11782855600876917 -0.016572662101064 0.01654093016512372 0.014940347210818434 0.0036203377765992137 0.15581221384144234 0.2367756207078264 0.054214355146812464 0.47563354830333276 0.7933232572200976 0.05328169062195868 -0.09838660411872284 -0.08727815457940179 -0.12196639451434646 -0.026517313111512477 -0.007811963581064095 -0.035720548672274165 -0.134922404839782 -0.03686429244882584 -0.000003840384681844304 -0.0004520318245644274 -0.0647583084182911 -0.13257874698775113 -0.015693163228158256 0.005788304951805817 0.00948419994604082 0.0023917963392477604 -0.027754106592217553 -0.0416654830835342 0.026779024455434983 0.24527828268818153 0.33892942045265495 -0.011869938968046877 -0.040886895997771976 -0.04335985719398613 -0.01960718800693883 -0.009612836338821271 -0.01199150102825999 -0.0390840230950689 -0.1596179536700919 -0.044271538410881064 -0.0000020722318083745203 -0.000023818376546067084 -0.0034046315114261857 -0.007033396907902382 -0.0006915718519828607 0.00043720758197862307 0.00033154646776765263 0.00045257445696767303 -0.0002811713647607964 -0.00267571386607251 -0.005156177771609911 -0.0031511890747192117 -0.0033024799980048533 -0.00182046203499394 0.00035632586792594737 0.0001318510435980691 0.00014021012731347442 -0.00029389533892791776 -0.0005943263668834528 -0.0025352798970646392 -0.0099764433661087 -0.0027469091305276833 -1.0126364212666583e-7 0 0.00017217104270974892 -0.0004964455926415465 -0.016566635093568923 -0.005922713601963445 0.0018406623060364163 0.0015617572788352927 0.02499696483986036 0.01684147210233944 0.028364317260806703 0.030131494794403656 0.028588618654327987 0.01259855264644109 0.017555480448401713 0.0072657142808431096 -0.00009650825680479247 -0.00009620948681046356 -0.0054529728164019325 -0.004354058687289768 0.001445986134606658 0.000259474059356423 -9.759193515618154e-7 0.0000014765784584229405 0.004855357131750905 0.06261523759770088 -0.10798001311308461 -0.07693401588446876 0.061290585343523274 0.16496835835087714 0.586937624461615 0.2319871452542539 0.3053681569708898 0.3775319556775609 0.46366455623671127 0.31514610660558806 0.42521117131530306 0.5130457572104441 0.32864293471587236 0.03987064551944617 -0.08821641825032796 -0.09677841952933712 0.012262276976616322 -0.0023405139199804085 -0.00023465498375319945 0.00010562405738453846 0.014141820784934154 0.11158186204692232 0.009646604644618032 0.055758260757715554 0.6741172266842953 0.5312795830380195 0.9843422548993284 0.9269767886813062 1.0667254975439677 0.7803093224476607 0.9186852049050437 0.99765198976812 1.3998703380225972 2.1070325269903294 2.158042691208115 0.8573810219383088 -0.053845521161255225 -0.2929250192423253 -0.040689883805199625 -0.007862861972530093 -0.000595886949079251 0.00005704803566701899 0.008233738408378669 0.019524439173398238 0.07417240166877322 0.6523403200251062 2.2075750938901937 1.84878641107171 1.0851193076127985 0.5652131277046821 0.1741334172471082 0.15138247482087663 0.17860165028572403 0.33135975970430265 0.8343311781571666 1.949625823956412 2.8436531566754977 2.7851480452624404 0.9047451423713303 -0.09126672832576807 0.057731554136596655 0.05360274820907802 0.0007056914299452421 -0.00014046488322675703 -0.00394162072659203 0.013880636973476065 0.46374966028763487 1.2432701641207682 1.9111986753415195 1.3171957987851939 0.3251668105244419 0.010995560663403826 -0.22146608969747117 -0.026848688159960717 -0.18538526881225706 -0.2106115332769101 0.038007966091846764 0.20316794087121862 1.3043777593844612 2.626071944623281 2.0174497835038427 0.3637589906197426 -0.06843645718665539 0.018491440597124608 0.0018741515877240282 -0.00002754680881235364 0.0007295600305890987 0.16587924421594202 1.5359653985562889 2.1791286401505405 0.9081758385918731 0.29485245880794897 0.20502355107859094 -0.012444651009977428 0.15685033041046478 0.2414319201276501 0.039437102487289516 0.05156140689290008 0.032701154108678826 -0.05054233437480648 0.21676645354368776 0.9147145598076637 2.1174467203504 1.2925708161909866 -0.07392009296996459 -0.06896948953358006 0.0000754090604012076 -0.00004529931945725092 0.00021837423982289155 0.37524812481584646 1.3000747999267335 0.8596111956425058 0.08960357432796187 0.008935978718211677 0.09350791615930705 -0.14728328130791923 0.05006827653549691 0.026799316739635346 0.057962734515913834 0.24246016647418486 0.23050352532849883 0.2276352899669342 0.08805522128350675 0.4152315759995615 0.9873584131544029 1.1888913861541641 0.1987580444572477 -0.031026903700793237 -0.0006228901965536206 -0.000025859114883026785 0.019186417426658192 0.31436286741536873 0.2166127875122837 0.08158316788358516 -0.5813318199288646 -0.9282051117555458 -0.47269915683328145 -0.20852218595041294 -0.003931621438310147 0.06901639043904996 0.09509501058324939 0.07583220201928427 0.02680250914617551 0.0526509796557743 -0.022719277620955824 0.18004650330096494 0.1340919532436067 0.40535035027314126 0.291748336331409 0.0018037653863535162 -0.0000367191475494285 0.000269374419696993 0.08935193882136486 0.19843449169865246 -0.34369838073892695 0.29511760319170816 -0.14098746083833905 -0.3923782262485511 -0.17205058905482762 0.027949434025498238 0.01238671627081345 0.07825672862070834 0.0870829908906606 -0.016896399071969454 -0.11569829308701159 -0.18517103918511754 -0.23477657810229355 -0.037102463342959524 0.06322898780775968 0.2936951785676571 0.27208185232486837 0.0009864961185560633 -0.00015646336525176736 0.0005016865142584433 0.06687640271111144 0.1716956002374868 0.007277270319137763 0.18520729902477434 0.009306807852031652 -0.27316398330863734 -0.1323398940057213 0.10984421009634278 0.016567007883268647 -0.019394979563435003 -0.04122441112164295 -0.1297607717014353 -0.02848388523280943 0.04782458788243607 -0.0005676358858899824 -0.06918276845483996 -0.13553166194168415 -0.18230557684236764 0.023188179962132814 0.006681383054069778 0.00003090697140075969 0.0006012404339587131 0.050566749445253516 0.07564520558486121 0.015713855270667043 -0.005568059647171038 0.1617956426693365 0.005487221788150151 -0.2018356203770802 -0.725882234242787 -0.42608841433195244 -0.03894723632857407 -0.7832115683491111 -0.6047936476510319 -0.00900113497826451 0.287534292992508 0.14409952585086014 -0.07175287197234274 -0.08848120089955204 -0.061532130123605866 0.03198084071422085 0.029118528656474567 0.0002173610036729715 0.0007618400676571683 0.026449277970818395 -0.024018946806712054 -0.12802302071612068 -0.07692259554111774 0.06876626026400312 -0.015846326176886145 -0.40265225827081996 -0.503553112308046 0.10353368180502044 1.3686307459017568 0.19756924266922007 -1.089758668953803 -0.7327318320398836 0.0019255966259283613 -0.006581966673097338 -0.026593027471766464 0.1374503193240579 0.16564433830424896 0.17445171198310974 0.04340287714711722 0.00021299166152723083 -0.00014384551199024052 -0.11608382081245645 -0.47587890996679333 -0.1912804355319362 -0.015149063191948841 -0.04800639367452604 -0.18647969747618456 -0.3621559808707728 0.2742070946349857 0.875099540191528 0.5638395850398477 0.6578139579483879 0.3053880211653636 -1.3590789317486829 -0.601766772113078 0.20187864027505262 0.12555638888404252 0.07805847014179244 0.4732289248601231 0.2825640166351792 0.006027952640587507 0.0002131753332489572 -0.0010099072735623514 -0.25886094814740707 -1.072691572775207 -0.3238257946336117 0.08355536235466539 -0.019194095561837307 -0.547180724796059 -0.55851759675753 0.5009546687236042 0.6285062565134417 0.20797080902165269 -0.04203912981808934 -0.09905336538748476 -1.3803540046607872 -0.6831345641513922 0.10127519663612665 0.2425898567460155 0.3122844421916854 1.5210840017371903 0.6921892600342019 -0.007299395748394437 -0.000025854423353328055 -0.00048640682220237497 -0.18598036082798192 -0.8134524723609242 -0.24617720206723928 0.15342903511177453 -0.018183608061767078 -0.6898540974227365 -1.1018458534412845 0.09105494423809089 0.23985006603758002 0.025496658750562767 -0.11678065937518944 -0.632409596556695 -0.6748816344921416 -0.29103858201592525 -0.12722341997449688 0.0014217853853996346 0.5072635636529237 1.428529607799194 0.34246993773159506 -0.0033589161556997027 -0.00008262910703420065 -0.00004936407913183234 -0.10896491392970502 -0.5842745123743885 -0.2423475832680092 0.2989653177750633 0.14161558677546443 -0.2292667091610545 -0.6246355763320488 -0.5079735609962487 -0.7035582420752388 0.045577085165673756 0.5254380747307755 0.1823948442778298 -0.11795982026989549 0.04014255735915332 -0.02278074559057333 -0.2539755588118637 0.9897278041868824 1.8305216718322384 0.17736429035582424 -0.000011379349667246005 -0.00008054680484761452 0.0000025097300846029872 -0.03602230326788793 -0.7113918620152282 -1.8700487960693732 -0.4909306618080967 0.17345235795762617 -0.5984310957661235 -0.5817585311795535 0.46757035591068036 -0.23680033519908059 -0.514939111006438 -0.9270603388543595 -0.23282319104458354 -0.04967408345146808 -0.14312723224590557 -0.15860130287742766 -0.5052558385848182 1.501814409518658 1.2701622928924523 0.038573922884876356 -0.0012556109574847919 -0.00004010147406403235 -3.202670241306579e-7 -0.007686769495789306 -0.5732119439511847 -3.4389876267326662 -2.20166822043689 -0.07340242052349354 -0.5485737674544576 -0.13301615908952094 0.0951130599614211 -0.34192693795728446 -0.30152090908813184 -0.7742700440780099 -0.7713948132085569 -0.3460529635123566 -0.12735584883544016 -0.14163527170375464 0.33355961317002764 1.5476635783291501 0.46786396900168503 -0.014616066732737234 0.0017805936232709659 0.00008237099314350708 -4.98254944491655e-7 -0.0010189541823785629 -0.11934337279306056 -1.1531653932141603 -0.4997134279603231 -0.013702762105562252 -0.25769045780010164 0.5214510784169215 0.7145062187624382 1.2157592654199028 1.8800134761164542 -0.3659760428927561 0.09319078823574388 -0.08490112800304993 -0.09145340546113122 1.0232137567671262 3.2488935640821506 2.0148682713259216 0.1524655995962362 0.018052373640464026 0.011065012254338626 0.00022495331833859402 -0.00000685583289493935 -0.0005163727365700958 -0.010167371662893481 -0.10636012992506098 -0.6010604274543029 -2.2045683004146777 -1.4289589406822822 0.5942053542088096 0.3793250023917716 -1.3114954742522975 -0.4485853026495171 -0.42105659068125423 1.025920675607512 0.9172880998255951 2.0292047763710435 3.8481187102503993 2.9826550279833275 0.8279432496711182 0.0007278295388172343 0.008695350645024642 0.0061549380461487155 0.00008067807044276077 -0.000018927136592569788 -0.0007894042999085898 -0.003724544542031718 -0.021841819472043136 -0.31165361819234627 -1.9531523700821454 -0.6221501695638145 4.80457525884494 2.99309920546125 -1.052938903457149 -0.9555257202283781 0.6787655056323316 3.557878725234107 4.709289386215454 6.776265871551214 5.071158200722527 1.2070993585236107 0.07314454595284686 -0.027963941224911002 -0.005382694509630794 0.0008708728710225482 0.000014495716995758146 7.573383687022361e-7 0.00026569341925360374 -0.0004245050818760762 -0.009149158003033411 -0.005969151428559735 -0.04632482746747319 1.1199223443305275 3.503930040840614 2.023845123388149 -0.5668723139979497 0.28763186500383003 1.9160006473412448 2.7518565790663057 3.4238671435996797 3.1626712497695464 1.2015650675687646 0.13154212015007247 0.01467363666010833 -0.02212276367374922 -0.01344817560085801 -0.002846225712023334 -0.000039322188012243267 0.000025938541541972098 -0.0006753336264484364 -0.0023704989553594595 -0.0027367026326064877 0.004979235513020451 0.008589966974489218 0.018809805467291114 0.12420341487062939 0.2036296288122705 0.09515414117142851 0.01696743164996022 0.3012496426632246 0.186378013490407 0.13492114034869332 0.028221561418169387 -0.04005109249503864 0.009621871515006878 0.0006756366122985383 -0.030468516061756008 -0.06306694216665143 -0.016911041671656787 -0.000022076247412928002 0.00001802691439799309 -0.00101856266769539 -0.003359049103844146 -0.002334555511871037 -0.00002585765114981265 0.0026380125103349253 0.0040901168990667555 -0.018286531866345445 -0.0031228068274725953 -0.020580989406675798 -0.04643625978024039 0.03035794891570486 0.01352772096138559 0.007680398637470337 -0.0134076716975427 -0.012597006425281719 -0.005271191409216201 -0.004046740915886957 -0.02085433331245095 -0.07067526633737584 -0.019299666167380373 -0.0000017110451970049608 2.626439758123621e-7 -0.00006776245707618896 -0.00019157440138881863 -0.0001205433944546097 -0.00005593202978014959 0.00007594129630284682 0.0003188718699536601 -0.0004708258293928979 -0.0010164573230336338 -0.004550196641182289 -0.0048309686957907026 -0.0007906746692060455 0.0008068692386538363 0.0004820443191535575 0.000012166986072734008 -0.000012204812439244976 -0.0001426809990943348 -0.00012960700347454393 -0.0012162707122718845 -0.004365145594709874 -0.001187853197325326 -4.426309721529677e-8 0 0.00015931735036089133 -0.001066686740696429 -0.012244411021494922 -0.003025395515017844 0.0018220656349440222 0.00176524808911293 0.023178556889833387 0.04475204177158122 0.10403115099693788 0.11573527502943247 0.08129287552979042 0.07678930417875143 0.04219012502700786 0.008566529203350732 0.0006861298423167747 -0.0010537190333413477 0.0032518622802737585 0.006278349086888916 0.0008940177772768749 0.00006448750594999853 5.726041567023225e-7 8.378286846736331e-7 0.004102889187367317 0.009116476387524592 -0.1707319177193156 -0.04950338792582167 0.08815154695471984 0.13874295679711726 0.7595045777292201 0.6794596627918789 1.227878968588393 1.6201820814200956 1.1004651930821225 1.2194264948571114 1.0618112310551533 0.5187926109197404 0.1756193805608291 0.012876971810654891 0.05171955375482189 0.0666943346291492 0.01562694973677986 0.0012723803215941116 -0.000034229193845191445 0.00006936162962366809 0.01035088479719496 0.03627562295570869 -0.1184447808148487 -0.007450203820331109 0.490266563815552 0.39762466379898365 1.1580976603820854 1.0305238806677066 1.4464244326430389 1.8831197860432183 1.2337840074817559 1.290734461039265 1.5925475459533318 1.7328726493628843 1.1218615302426713 0.30835165025423417 0.03531909870834954 -0.10782515073703022 -0.0015163010074534782 0.00687631532325336 -0.0001051121557679528 -0.000045084812592319886 0.0009547536513276803 0.004231911121113197 0.041100633355890454 0.360876056666616 1.4215943028524365 1.495316260683415 1.2253392111466006 1.0753566717155807 0.5869022076117916 0.3368202326788102 0.07925521852358339 0.25907918798325513 0.7141466780225457 2.071910027483659 1.9807919029248255 1.6728769507900598 0.7602426163594517 -0.03531207480258948 0.09508981434709425 0.0578137894170435 0.00045534244268158184 -0.00021027053667543768 -0.0072226767350687514 -0.003092990689372727 0.31838326332565164 0.8869558024025087 1.457762706645459 1.7875483895857007 0.6591615905467568 0.03763268321848566 -0.15069724970950624 0.0009655310462785005 -0.47201558433640045 -0.26259240664535305 0.11827578406801842 0.5487052134064544 1.5737748731543475 2.887179393252257 2.489881403974952 0.44824879108488064 -0.1159512806123629 -0.018399413884640888 0.00041901860606968376 -0.000023448096853385002 0.0002861921530373136 0.07430705531409329 1.0872840170624163 1.698572961033436 1.0107478843348798 0.7433685348685957 -0.14766856529663794 -0.5882431271607552 -0.31580901915644066 -0.06350919194560023 -0.18088922628591242 -0.08961464704571045 -0.06624568120448661 -0.110984017739627 0.3943162581258413 1.8878250812547297 3.660922604444299 1.4809301575064218 -0.16135566754356925 -0.11393001852311281 -0.0011057694708810992 -0.00002042764315804664 0.00000788455896486049 0.2664129735678928 1.2832900408855887 0.8100202269583817 0.13208832661038722 0.2553525303713909 -0.272237760586337 -0.309407789953358 -0.2434464514526328 -0.14391029162399613 -0.018923969603901535 0.10988518960540887 0.24812624857864385 0.1307492219836073 0.11717444644479934 0.7780159171444255 2.1770382292746 1.4420740719023775 0.1221556245738362 -0.0351021775076469 -0.0006803095951424093 0.00004619218264398076 0.006866359546945216 0.37794046785422264 0.6483497622102776 -0.09291362834787946 -0.1573752439457 -0.22300161297794074 -0.14020365343490906 -0.04662030067313773 0.004526178437408937 -0.028831812933614292 -0.062171881190150206 0.0758769698885245 0.16684283345559558 0.10425438538710176 0.08594897829521668 0.3303669678163177 0.433814083141968 0.23683317581941182 0.16239919516804655 0.003064320650379149 -0.000014363399577544922 0.0002958702073331564 0.04640476612069 0.28145948021274764 -0.055255934167690784 0.007992284682222064 0.027280430746642284 -0.1446393181730303 -0.09403132273852358 0.06468836096419049 0.07376642748625069 0.04632854911986644 -0.01425754033621783 0.039324616451833154 -0.003844534299553709 0.042144813850745554 -0.03619990947584063 0.028794378113566898 0.011067783352185678 -0.09532753198450424 0.082285554913086 -0.0028798946515838047 -0.000055950759152609995 0.0008356996914591217 0.11340437986659337 0.3987664993386455 -0.04125399477447188 0.1405885273725745 0.059023758604425554 -0.13776288768322278 -0.07240906447377707 0.04746608457618835 0.0075574130894446425 0.07852578748844521 0.020345165368005364 -0.02406607717245342 -0.018433827721486155 0.002438088134602712 -0.06521212189861109 -0.15285984016342938 -0.12395581560045264 -0.28649118163657666 -0.10317769935373049 -0.011625802553581394 -0.00006355537685067229 0.0009429305453256374 0.177750299906714 0.5373190749524849 0.06648935945274495 0.04257333293750175 0.05379924012465952 0.010730806776078254 -0.06303591952951919 -0.20138155074266198 -0.025203505282153153 -0.0637343459554085 -0.1415990409465985 0.02870849202270813 0.0998164963587348 0.15801775767435822 0.10446102531847508 -0.07480992440312267 -0.15853096928441843 -0.22391039230955875 -0.11128663272495724 0.0010746198817004559 0.0000862246223973782 0.0008431508731996886 0.06329346536630831 0.03478254524929492 -0.1186544595158954 -0.018196504837399746 0.05998948105300451 0.12556444873794326 0.12604106331917148 0.1908646112087408 0.10317747190172655 0.3223679151746288 0.5615394667018399 0.28008994386268815 -0.013938846686717642 0.09539770026816809 0.10358789412862084 -0.02160981693050601 0.14949251569432548 0.21709306047851767 0.12298180423999372 0.0296720676738437 0.00026033535650070623 0.0004366982493991826 -0.03823081908439712 -0.3905530809440425 -0.2071266438110621 -0.022978766367521993 -0.04046962161530364 0.058128483069207974 0.24845554417229976 0.3689649818689304 0.17270797239328986 0.13129167482111123 0.26756199410530623 -0.037869905572498475 -0.4226754507603309 -0.1825108420245632 0.026711213842587202 0.03460011526056968 0.11026218093584404 0.3534042780829387 0.22841458297855666 0.0030037773391431723 -0.000027333625665249862 -0.00021047101889426476 -0.1107122139890641 -0.6535243885046615 -0.3770185700323085 -0.07952804809277836 -0.14527530553115178 -0.184558013734483 0.11364915271077652 0.016404022958007296 0.025521476376355375 0.13414459285600602 -0.011765360554436296 -0.13592017187024463 -0.1223529677307365 -0.08315344126585794 -0.030716516214711092 0.14632518472492773 0.23520517153305828 0.6835073779899915 0.2745674380455686 -0.00020962805105180024 0.00005710606053337132 -0.00012352940650272072 -0.088182926423722 -0.6234364678466834 -0.6158948107543136 -0.047220854114737816 -0.04539451142225551 -0.28415487603438927 0.005441493688162773 0.07341184473635815 0.043569274250813216 0.1398160630946315 -0.0012943534704127307 -0.11197755020912015 -0.08991522663754474 -0.02725061760950556 0.05501383653159071 0.10966304465870351 0.9236593113507178 1.4382432827505371 0.20261342044247183 0.0004332977363792579 0.00018006768236525817 0.00001301082580731498 -0.03315688268847453 -0.5171051692010432 -1.1990830088350324 -0.18076150013989853 0.158857845516321 0.0504990665935264 0.14218613266093985 -0.02917774202158354 -0.0494024546837206 -0.0023647429956254688 -0.02630907094204013 -0.043333749958615234 -0.10344033906607616 -0.047157256585287244 0.005602516482007188 0.07163009458726338 1.4514199860958552 1.3088087500243053 0.06472401060181641 0.0006230785317919143 0.000018307649648684467 0.000008845088376196544 -0.005436062189239002 -0.47754403276782526 -2.489254909686715 -1.467002883630027 0.19081564687733646 0.0769132512540582 0.10514322720969282 -0.10149580533472027 -0.18091082706337752 -0.03464560744209903 -0.003977087672415577 0.14277824250343338 -0.02099098382563398 -0.09879782829510886 -0.20710831431110757 -0.08428542242617516 1.4414157036934585 0.6186152829885798 0.006652606480694771 0.001554700844227445 0.00004084705653453928 0.0000158779611873273 -0.00028891808781042125 -0.17683811860504867 -2.613170976827198 -3.789530687743662 -0.8119659406615934 -0.0053610785964240395 0.2678307782976907 0.31564153976461784 0.13022728659062088 0.14077029153759904 0.09861933818133267 0.08837645916760241 0.00005420478364131061 -0.13858184263320075 -0.09636907086632303 0.7658866499296763 1.0502173002889212 0.1462166346807472 0.0021985620397725354 0.0012704492082797072 0.000019187338322299596 0.000008487416869660802 -0.0003007382246019808 -0.021450143785949356 -0.6755175217550656 -2.889795594943775 -3.237888015473866 -0.7080868492307961 0.3962906979300124 1.2819514003385628 2.7735440047425435 3.7502363882264302 2.0729535204565868 1.463890968018934 0.06491517020918183 0.08576760209145515 2.1845811278728617 3.0540638225370853 0.9972180651584769 0.0327886494883067 0.01315895547642647 0.002359323912497022 0.000011092598052178152 -0.000010065713795899364 -0.0003286569941044942 -0.001061600753630163 -0.025806816690170698 -1.1558493001612142 -4.5498942480059075 -2.9410298538940176 0.7418506388264122 1.023740413715898 2.236744427601061 2.7055072893039505 4.659862719648351 4.3221854725463995 1.6461629314944828 1.2910413962420155 2.431695816010298 1.2005308167578108 0.08021329175369188 0.012505653398157337 0.010897032277745747 0.0015961133966842418 -0.00000921285266754355 -0.000036524962232901144 -0.0008152434726637384 -0.0019143641119824097 -0.01699771735513903 -0.30340305002241785 -2.77038950506336 -2.171133959035049 5.821462210611738 5.699975744616693 1.7977663018943981 -0.4390609392423864 3.8188712556114273 4.864711429803622 4.698907547443482 4.927897032678725 1.6626890660293168 0.14816935302801343 -0.020563060926190927 0.0041856810224520195 0.006782076964258525 0.0013808905874577555 0.000007259820797073052 -0.000013677190236450761 0.00005005461921082415 -0.0006686302394483569 -0.011454499083504634 -0.02065925345480059 -0.23647418546910007 0.46009449650749246 3.817835897977884 3.370181821925529 2.156378670441573 3.6660291038127877 6.043309016788013 4.63616260479866 3.319442976662847 2.066035636524927 0.49249585422480285 0.04659064392704316 -0.0018490075717107432 -0.006490381177655231 -0.0009685339272053416 -0.00043804564610868877 -0.00002499177268447927 -0.000005032816323870684 -0.0003352113904220866 -0.000006149056957744845 0.0029362059345183424 0.0021602521868935827 0.002894491108810766 0.042666313002551984 0.08589991343912833 0.06011833637668509 0.1571855773961297 0.3473397140695365 0.5885703890576657 0.36566937573459474 0.15647045995356537 0.05805331114311235 0.020769516857820497 0.013757936382287545 0.0012110602488724592 -0.008103016223689658 -0.0031584629268404264 -0.001147391187435624 -0.0000196635683951333 0.0000024523104197696938 0.00002407745664817186 0.0001844133137717791 -0.00006331398176981096 -0.001453508857919554 0.001911761048331898 -0.0006755559375012753 -0.011086497025390557 -0.012336956480812861 -0.005480045117258625 0.00600213527542814 0.02072855866943991 0.028244823795529218 0.009652393415458153 0.0023073156592304943 0.004399453426255942 -0.000602185646412713 -0.0009083069906644269 -0.0030877242283602665 -0.002393059467649545 -0.00045188070114069134 -8.797507416158265e-7 1.225367246931157e-7 0.0000034518269315839514 0.000012883665627938808 -0.00007837107349825734 -0.00020669830853169895 0.00016518387404571792 -0.00006746513684925269 -0.00046818356874361703 -0.0007781786971469805 -0.0010996072150277108 -0.00030700236144114325 0.0013873185429946668 0.001527261403321303 0.0005699314088725004 -0.00015669010876399468 0.00023309710709278604 -0.00018632857555205164 -0.000131131326058387 -0.00022270921229427845 -0.00018164535577681396 -0.000030084557977572826 -2.023858956101667e-10 0 0.000026881200525497156 -0.00003542526508499124 0.0018564163332614296 0.0018092541565959191 0.0019322974477015984 0.009428000728118538 0.008667640947967455 0.01570644572480842 0.047073187460437683 0.06478267612164347 0.037787944028012256 0.032065259150780345 0.02046176841577911 0.003625365091451796 0.0017512692274713442 0.001708651086234191 0.006040418078534863 0.0072693070168773554 0.00033896169752403564 -0.000039711093436685465 3.7245779081957983e-7 8.440888957695159e-7 -0.0007095502513885697 -0.044544021482790276 -0.10595907584812173 -0.0019829474236568705 0.06967500929925718 0.18340392822694562 0.5612088002451164 0.6691256284840067 1.5964770963247497 1.8117321515791482 0.8636307929143507 0.9763565812641747 1.1653073077933442 0.3727989603601011 0.07581335933023943 0.030904933021422862 0.12240796279457267 0.1452024011426767 0.011990572271344603 0.001142287225822943 0.00007795597779368975 0.00021515060076014283 -0.0008702143177551383 -0.1237507146645658 -0.21270045765717693 -0.05675779165937517 0.15393465016918928 0.5583909581983705 1.4990756329561497 1.6783781021837152 3.1555649268703414 2.832199423697846 1.1419262072951257 1.7013801136916336 2.4535419815819837 1.1572196528367567 0.509038865470764 0.14537911697722128 0.1277490179965481 0.07589505039940565 -0.008514455128231147 0.007612035584777516 0.00022110145620408937 0.0005558493944038338 0.006279052111985809 -0.06094915886854417 -0.03937060718803112 0.13422438715200363 0.6718795355976207 1.3656417108130423 1.8024020174612598 2.130661308489447 1.7766436760636644 1.214478347933426 0.5775329261216776 0.9533306678928305 1.2160716586526443 1.8363297184368728 1.6711799199414026 1.3468252642294656 0.581297291405481 -0.03495907823873738 0.0178465264106399 0.03274273006395319 0.00015717034664075594 -0.0000014755889364219293 -0.0007616111255459096 -0.008357387208559145 0.1776100777023547 0.7596173168147949 1.6068079357779737 2.708723923099787 1.653337953799332 0.7226948422494743 0.45229548677616227 1.1795938310992224 -0.015902974780782002 -0.049704030929418594 0.37625107722484535 0.97767882853522 1.9242010578232132 2.4914138739058953 1.9244692045677505 0.26514400521709847 -0.05866315646313169 0.028480450660146032 0.00170210123778402 0.000021980682340317037 0.0014306839072906817 0.022430449846511033 0.6224271385254934 1.306226903273339 1.7490656348819775 1.8883822632368408 -1.1490948326968446 -1.656315806776181 -1.1880760191246031 0.07949220958864087 -0.5076141623299679 -0.16502475873107614 -0.738783167540157 -0.4076520299071071 1.0755008897753968 1.94622765972593 3.1898749056701874 1.0603946617883615 -0.0937704619551357 -0.04845119189981679 0.00019919653690303354 0.000040271662579554036 0.001360389005798635 0.11043188921023127 0.927435687928651 0.9044279874681519 0.945807075201673 0.5945073993388512 -2.541801973730168 -0.8856807527952493 -0.32400707394734046 -0.24413455229072323 -0.2913578956992059 -0.010913011600890367 -0.18089066180133126 0.03062317960484077 1.077702245391492 1.7632400022318815 2.8821086470280086 1.1968138908541472 0.05640173043935581 0.007702509519381615 0.0008387694390974352 0.00014945784814608757 0.007087958869017227 0.21066437409036143 0.5204982576953703 0.06408117691580986 0.2918380168556852 -0.14244763796059182 -0.6187647546969814 -0.13780918010684112 -0.16429321688646145 -0.2641691827056184 -0.17278866055646205 0.18291536356574983 0.25698305925028064 0.18536630301472898 0.5462415431258715 0.6830971785815265 0.7954600515949116 0.42142584001060357 0.08829328023775225 0.008857448887271087 0.00030999599598765593 0.00007716124102355717 0.015555521827732663 0.2714543876045742 0.14375254156323786 -0.00896063436253535 0.24616127489691267 -0.09856938254697382 0.02932694930488647 0.1254094034201659 0.039055911651810535 -0.07712434995546265 -0.012560976365188324 0.10492091876901007 0.17869236672443578 0.35384681241822136 0.45688310350425676 0.2199769301778128 0.17468841877238275 -0.060010089029980965 -0.01316793679461825 -0.007533289516393755 -0.0002230089880453128 0.0001253321522145517 0.03585003349952781 0.08206598407886828 -0.6208105508477463 -0.20954128080476625 0.1379071836251262 0.18354171525199875 0.1975982640600449 0.1318510031016318 -0.002856890866624332 -0.005764223467127889 0.0928370728737243 0.11638884045425466 0.1495419072557967 0.10103322624454894 -0.1448357684666671 -0.20357338792755475 -0.30551107088446167 -0.7086486924996706 -0.17723041943301138 -0.001648204585893667 0.00003558377631818398 0.00027556420508449144 0.043084719116850474 0.016050955075317327 -0.684449424424617 -0.18370166781411199 0.12106586142158814 0.32106612834228343 0.20171947918760527 0.05547723416799677 0.14201548378649756 0.1593053949166917 0.1834011419048941 0.15967356240262778 0.013996615326575888 0.059862447406723855 0.003571036735965468 -0.1934393294114437 -0.6266036180532423 -0.5849263544053084 -0.0661513400479084 0.00424634540273414 0.0001326073885854847 0.0006820458056332014 0.02419398587622603 -0.08432620027676002 -0.46620547121512745 -0.18506755677850473 -0.08123206102146893 0.11200793240248427 0.174565751198939 0.1883049699935862 0.2759530307569239 0.1590539166466249 0.21703589382985058 0.29678572492078276 0.11578196602399352 0.11625958662600011 0.2570331150692217 -0.029496478472017237 -0.06887376525909318 0.22117215235649956 0.14496599446299044 0.005775572980758929 0.000273725686745546 0.0001691200565395493 -0.010993970824458528 -0.19245168485624048 -0.409139634718839 -0.31732539860818154 -0.0844888346404835 0.08027193019340548 0.0877357220265702 -0.0718406263470109 -0.1214182483862303 0.15903884644113814 0.14371960213447696 -0.11604898303541655 0.38581446805038644 0.5766667528084236 0.3214237349871779 0.08122532119196478 -0.17391268753512848 -0.07003037704750127 0.12331718669571766 0.005315853603758829 0.00015609069017775547 -0.0002000891156992976 -0.01283618466594672 -0.2196191349725115 -0.6906423797685789 -0.5227793905605129 -0.25034508416227763 -0.08500664034398357 -0.07897226863406537 -0.2524174781116206 -0.20266620909108896 0.08140560203758983 -0.129663421501603 -0.30866462149457147 0.04542112433645213 0.44436468418756164 0.02020191004791265 0.0563657431352481 0.07090345485444333 0.0982632611486622 0.029117090133358246 0.006040641146975842 0.00020615178085514743 -0.00005910991281035954 -0.004687417477585173 -0.22587020758955742 -1.031799934225515 -0.7808869184696303 -0.09180311550810419 -0.1503672693580464 0.020962074553682847 0.028791962540237196 0.021753103180299885 0.020064198872569543 -0.11289508817747816 -0.10320077191526314 -0.12228183057683749 0.02608662579763727 -0.22123663420378545 -0.13311611741096271 0.4959584532544791 0.7221169229844934 0.06388121731794492 0.01609478176693816 0.0006299733104626628 -0.000002884715286222771 -0.0006522075785149147 -0.1914087719658739 -1.5996917587888209 -1.8788618961749155 -0.38168045792023625 0.022441351847019002 0.32881585244113776 0.07299746303097329 0.041779334005061106 -0.036206384520303406 -0.22507575792394452 -0.06071809081805039 0.02984037724911226 -0.010158860323380044 -0.18752366400178438 -0.4177086104045194 0.1635636753744789 0.4279499238099168 0.02457082654881278 0.007518042618524593 0.00021801355199241784 0.000009268055981403 -0.00029512058713591157 -0.10142346458758573 -1.3907671677401454 -2.712267841236495 -0.851592458728991 0.2766760324111441 0.5783948764471103 0.2963772978105588 0.029582954917509115 -0.004569970152365953 -0.25176375887324254 -0.031019394041748867 0.19041438499851043 -0.024706155420371894 -0.27746587337284023 -0.8916600379246792 0.12628471387962048 0.1570153541941232 -0.0014906971760369834 0.001030455936677283 0.00006503130184665121 0.000010398233350165679 -7.589674946828139e-7 -0.028575036447974423 -0.8717421763476975 -3.291790941129878 -2.1904319620736956 0.1237052953387586 0.2249052439306432 0.45964332561378984 0.2135296422712336 0.03743450451977638 -0.013267396793973053 0.010562346810084087 -0.05979160602653894 -0.2204358354182231 -0.9904157816319019 -0.48200491059067385 -0.03400821447838361 0.026405646647339628 -0.007058933157672786 -0.005531175723395489 -0.0001033528738834109 -0.000004552535919716585 -0.00016673252071882518 -0.0027443444530695503 -0.203429479771255 -2.2064779142598416 -4.166873158109698 -1.712640208586838 -0.2682598035585137 2.890893546952027 3.002040932256483 1.7106843208140488 1.757340672102654 1.0329356443786 -0.2553015175454961 0.2893850734505253 1.1953225353547685 1.093496382801031 0.15604410189726584 -0.019850555198756725 0.0022617026216829768 -0.002964454400124663 -0.00009020897393535374 -0.000023313664466747716 -0.0005584114677414243 0.000397171047571182 -0.002069539400805584 -0.5267406110690447 -3.299197334759132 -5.291441339174518 -3.5849606048389773 1.3237271135865856 4.273765646768292 2.6295787699508844 4.648240334919111 2.665144293851604 0.5285388019276029 0.5832515240910111 3.19502434458683 1.163649907824111 0.009389731199068661 -0.004232489188304025 0.0020478766406514274 -0.0005962473555686707 -0.000019105363479597177 -0.000020450454206421368 -0.000551326956510207 -0.0017224003063120506 -0.0020918051540576277 -0.038560337086954305 -0.6894241810837368 -2.1178294809353515 -3.6460916851322973 -3.0551050714296792 -0.781151914767325 2.2303233348697855 3.1383763756430363 1.0134187060853108 -0.8501790494622956 -1.2320495309093544 -0.26135482247487496 0.04625278876209591 -0.004975307082546792 0.0010437566861669614 0.0010871196804835039 -0.000046075691519110246 0.000010443216523022315 0.000005435001268423388 -0.0005625912414991944 -0.002786938044958784 -0.0006967880346414816 0.003979825160920294 -0.011200603888417478 0.04191079922339033 -0.09914667056745019 -0.6301748570111592 0.2681753814203836 2.9647710614346248 3.40513244724017 2.222781033560716 0.5327609698605678 -0.06677447758153522 -0.021462709124072273 -0.010119429501439734 -0.013572009524855723 -0.004303488301376948 -0.0011774154837026908 -0.0004895529090755355 -1.5650462192020202e-7 -0.00005271280856693819 -0.02696554417201006 -0.06869558629237384 -0.007995360545596793 0.00288518094638576 -0.002512415507844702 0.019962490615927277 0.052263309163567855 0.012331675709365414 0.02863746648188492 0.17057372906225338 0.282657530606897 0.22856540554975485 0.07596967077317177 -0.010737461454244862 -0.014081460629537992 -0.00885031271145584 -0.005024293396798481 -0.003080669677382214 -0.0015380345286930878 -0.0005564173205825229 -0.000002507317727962944 -0.00008001190332877394 -0.0326632210690229 -0.08271512776164282 -0.01276784209276949 -0.0006807540745023229 0.004101116946122556 0.013640066635868451 0.02212961200353773 0.00868032605274985 -0.006848372422020164 0.02673510166132386 0.015409739355522277 0.027846412888591528 0.019658493906494837 -0.0015329890787071445 -0.005695724326310155 -0.004291145677975511 -0.0020625202303827545 -0.002943240755827492 -0.0016214519972342454 -0.00022380487148035828 -4.3763919032280265e-8 -0.000004752835115772485 -0.0019084419450405132 -0.004840849927562576 -0.0007927560243305543 -0.000035392218781255505 0.0005380612072121386 0.0008607819465684406 0.0007162288276062351 -0.000040459634500664656 -0.0005409290346564046 0.002693660886688504 0.0012668720437109978 0.0015728826031293584 0.001542753040165435 0.000030511526763562863 -0.0002318659175223255 -0.000267305475113687 -0.0001523095926081552 -0.0002970765107756224 -0.00016987803926602125 -0.000016721671591582197 -2.025966519093621e-10 0 -0.000045679030160322334 -0.003914911101282611 -0.009931522726263698 -0.0021629823684284643 0.0014735924565198162 0.005812418524392184 -0.002496298211349924 0.002558747827307189 0.006548455139681816 0.00903208314776884 0.0060243846614724175 0.002408321080991329 -0.00022505292262817297 -0.0035284218960142917 -0.00021713654633045542 0.00030637569203633346 0.0006753680061676657 0.0007701873714482985 -0.0000732840281630449 -0.000021436016567753953 1.0216506266359953e-7 5.608956543227091e-7 0.0010855025483793468 -0.17598906309957285 -0.40679624700750316 -0.07071670432605197 -0.01218416335310899 0.01794557037224228 0.22969512246567594 0.6377246752845129 1.753997662841059 1.3121987165010782 0.7045479976156486 0.7382914459452261 0.5212747532622548 0.03542351003812263 -0.02043572376604499 -0.004427688098547032 0.035473112782107366 0.10823006769042881 0.02724788074740312 0.0008361372922389092 0.000038246902614619954 0.00021477481800668337 0.021941136891855336 -0.2629483573833387 -0.632800864853133 -0.11997702478941898 -0.07059610342854955 0.1403965826170504 1.1127721683164695 2.062000437151621 5.759547165927627 4.291551676531448 2.234731713107066 2.683391125109468 1.7913082513549528 0.22971729686802397 -0.012425659075925305 0.00010764802876011344 0.07043814517306078 0.2818389204002282 0.10119261020576548 0.005979187826067502 0.00014404424504435695 0.00027211097364228805 0.0019924472062527133 -0.06582657362517627 -0.09148758763681229 0.017321529461689106 0.4168453202701322 0.8221056660050187 1.2726698315401317 1.8288488461458907 2.7246546658558772 2.1218728323379277 1.193578263412696 1.781111976375837 1.3637104018603388 0.8947247030553653 0.7472385884710847 0.721589622441442 0.20746205779568563 0.026132757407132896 0.008680978349260371 0.01754359235460784 0.00034370700686594147 -0.0004589846484108643 -0.01735734476756699 -0.02869245766658543 0.0582815933987396 0.5613704425859394 1.1725659630021736 1.9095555513540312 2.048798571904362 1.8176423290186585 1.2093484879400416 0.9009274751638777 0.5821935069523587 1.024195206603544 0.9614175637285516 1.4087862853725903 1.8821245747675488 1.5148959897195573 0.8231748587261057 0.06739645461436371 -0.10172019865539965 0.0030537300077605 0.0015516920229572992 -0.00003945172553979107 -0.0014188477830723919 0.00013422310979078133 0.28109052877552265 0.9560787676496127 1.7105537561152777 1.955531445306804 0.6079976908529123 1.3069155970945483 -0.2084580223367218 -0.36776413690606874 -0.6169640582197832 0.2873728813451842 -0.11107225928026265 0.5325851400051071 1.7047692020025216 1.2956464317512917 1.8322338840487078 0.5617427047319165 -0.15087248414400983 -0.07781802792375449 -0.00048600292901872233 0.000044008859955546554 0.000025398349976902415 0.03575256882138929 0.5879150332477373 0.9863660934537297 1.3231436581836107 0.8896034586159476 -1.385851336638626 0.6961545434346912 0.15475131386758656 -0.11183608489533127 -0.2993332647138642 -0.03741612313637896 -0.4950917234046282 -0.4460471792181424 0.6962748189606129 1.4260709763359958 1.8496723779480881 0.613818850680396 0.025058808889557093 -0.00296567776531187 0.0008947322065686336 0.00016673067805993944 0.004760393699467204 0.09358140188965089 0.5804843685779648 0.5991764836102299 0.7316033698984552 0.22913478909982748 -0.4107263942510023 0.16998005954807385 -0.04877257420291568 0.027003050793389268 0.1384778311959793 0.15329535753151238 -0.10364236626779888 -0.5522076636409553 -0.15573900411810748 -0.020933905370451804 -0.3810929896003569 0.16750904415137435 0.059861089163145684 0.00319822355216596 0.0003021707380847072 0.00005764543066914505 0.005589675659865043 0.12471067338095704 0.2528423952385712 0.0441357204364799 0.15532948871874033 -0.03841154074761131 0.06448556067650417 0.09215870164456857 0.020863258712513995 -0.021073014175155655 0.07036062933077966 0.14230561011364848 0.09765531389474384 0.1289428437621216 0.3703779429360213 -0.09171142788063749 0.03407274471067339 0.1613085918049471 -0.00017659853012447582 -0.019076440501947678 -0.0005757574604108337 -0.000006954250416394236 0.012285022863534566 -0.03313196479193666 -0.7051992140784749 -0.5111541707934865 0.01924624467252413 0.10484334605725139 0.05734182549141466 0.13114620896085127 0.09418455337810047 0.027595511666362513 0.11372745557071001 0.14854238631769498 0.059584952982258056 -0.0001717164861658917 -0.18389777703725574 -0.4094075808313174 -1.2913247573753417 -1.1085317859785098 -0.019556900327982334 0.005188295991152964 -0.00010555989073004298 0.0000047740480171092 0.004214331247893922 -0.1381959072749172 -0.8605847522968458 -0.3924011137840091 0.10531265447746962 0.20874775450067887 0.12294092024900963 0.07376524536485131 0.1439944072425094 0.14367171126730274 0.18053794520184777 0.15086005955496096 0.008513232296371284 0.1076071963154048 -0.2574135300202357 -0.4049529999097608 -1.7340165954106175 -1.2919938885779887 -0.0807603683268328 0.0013936927720004932 0.000004909820511987154 0.00022494206400870668 0.004158211408067803 -0.15025425972074635 -0.8955097557890833 -0.4741498546398706 -0.13296650121699322 -0.07415951396561711 0.017666031838202204 -0.06870661666133372 0.17254239384500125 0.14216579478439448 0.09721179086462724 0.15899257897359448 0.10075637861333397 0.05394808223670531 0.043736500417584236 0.02076160500468917 0.052216811575460945 0.02314025173189143 -0.05247163162183994 -0.02092144631102135 0.000033508919302730164 0.00008770876220024981 -0.011080805613552564 -0.15171840288931837 -0.9164939391018044 -0.6714347453302356 -0.09530801869225984 0.03764310781477194 -0.2723944648616279 -0.34186994634697393 -0.012145915442794794 0.047133378081994554 -0.02460865172486686 -0.15851342434150012 0.10381071565799505 0.15306459108387757 0.13651164831523785 -0.0461045364811593 -0.459576614979544 -0.24400019276695217 -0.017551167113289363 -0.007712903207353064 0.0000877419682591901 -0.00005803743172664448 -0.004334081567632877 -0.07998954464434516 -0.6886018227174203 -0.6279148609097083 -0.12345280633834485 -0.011395938681620425 0.07174628543422155 -0.08806683891733413 -0.07763539915026112 0.005036960114471857 -0.14493960957958363 -0.1953149373042888 -0.18948022720023103 0.024867208642227953 -0.3611406416313776 -0.7443387921182772 -0.8419564900267811 -0.23925065789639796 -0.09451803915637526 -0.013957040424967582 -0.00010196853455842725 -0.000057738796557906815 -0.0014058546716260215 -0.0366783459102298 -0.6565278895580963 -1.4237853174751862 -0.6573048681414574 -0.26159459382373346 0.13092759013258917 0.19909340407949572 0.0390795276586456 -0.011258653435531153 -0.08761041533058347 0.08147778102986991 -0.02197866139597316 -0.09341498816038056 -0.5372118294134878 -1.1026433301828624 -0.4591340764370353 0.08576160215671268 -0.020125551849283135 0.0065501014663145755 0.00029930799169894064 -0.000012537132137988165 -0.0005559960864125618 -0.021505591669825297 -0.8652500862207031 -2.8120541920779765 -1.7232615750729208 -0.27698853013357755 0.2044169016998482 0.2860701271362842 0.016409965998216553 -0.09053319741949176 -0.0044418644524889545 0.23453602097873064 0.05847268707153395 -0.26727802490293584 -0.6451307272580215 -1.055781784862274 -0.4475679900351135 0.0568307680619361 0.02613763541405585 0.009131758529841012 0.00022362206399282358 0.000002333645590541788 0.00004354597607703474 -0.005343626632691882 -0.4686216709109641 -2.8359102419449176 -3.456051172710183 -1.1118203204075456 0.38265923141313657 0.7126485832758311 0.19392428295649708 -0.14168051137670384 -0.21110656330066188 0.14768771743384437 -0.024637040921058746 -0.688214992049785 -0.6735797157804438 -0.2895883666906925 0.005716079326208959 0.07352968694283456 -0.022040323847949617 -0.012482801310621263 -0.0002751026612583389 -0.000008380824915780511 -0.00024256200215318997 -0.005070150481131851 -0.15835076236020137 -2.05887025039159 -4.866738998542244 -3.813293739087632 -1.78278406037095 0.19155284095011127 0.38119726376341556 -0.10452652356815398 -0.042716732059796904 0.23980031454388068 -0.19850585612342153 -1.2230768041624644 -2.1769126763237354 -0.4938705925960921 -0.08051886576360587 -0.04340077229993568 -0.028575711394267064 -0.0156975879559338 -0.00043194208857906736 -0.00001389776885399286 -0.0009786322449416474 -0.006330287136951059 -0.03178656281873293 -0.6961217585676812 -2.8120404466900597 -4.951203678293377 -4.453317343979334 -0.09003887042283197 1.1384463224932995 0.6040957293531191 0.9685091502521596 0.8437224738289927 -0.8518541562786021 -1.9830739167069442 -1.5039944566958754 -0.8419334163283642 -0.20190134674178142 -0.061994520240292686 -0.007708136882448703 -0.006120539556843144 -0.00018700069305353288 -0.000019568677302101976 -0.0010380587400876647 -0.002823461726560947 -0.0011135530448415113 -0.09898114841708079 -0.9989437264798143 -3.680139974522466 -5.097273873337228 -2.1391078507254178 1.6631348911559647 2.8526479006588876 2.5181855393133503 1.5510931888342745 -0.3274173181277598 -0.07641416583015653 0.5928783470756167 -0.06779463036537467 -0.04568969377402503 -0.006122598410462136 -0.002481925114800802 -0.0014978168549056895 -0.00004501481294660836 -0.0000342110746331467 -0.0011932807642952802 -0.00213370090107246 0.0023379292907181157 0.007508703444541404 -0.11718473068851905 -1.1573483348923232 -3.57214809110911 -5.138709500112633 -1.7937387920725751 3.8578283023931785 0.6120495889304237 -0.41762878469701353 -0.22306029948024106 0.23173901486881268 0.012278315124104237 -0.013872481123867237 -0.004790795771051897 0.00035789145948862623 -0.0012082532366584323 -0.0005301195324843459 -0.0000018056418259782325 -0.000009580085653116081 -0.0027179440987812587 -0.008586065419768764 -0.003444242552899422 0.014371331686744268 0.03589492608161115 -0.054325610147428115 -0.4784024053219562 -1.075861074615591 -0.6922510673401829 1.3297093163488658 0.39880951624254385 -0.5207027786525661 -0.4674072369914142 -0.1139960004078073 -0.024910896068904162 -0.012280510340927463 -0.008871933006159842 -0.0017812783886801385 -0.00014009903704146866 -0.0003123989210215046 0.0000011973123514959814 -0.00020056418487671512 -0.08547278507918328 -0.21804212900382167 -0.03648716869933033 0.0036370674145275034 -0.0016728966662310064 -0.0056272068402060125 0.02354166105802545 -0.0036326594226334637 -0.013012650859240764 0.01944215795194068 -0.00043263976045211953 -0.030860680965323396 -0.019906954005807047 -0.007392578113010561 -0.013473245958046092 -0.007825612118507911 -0.0016862406124809864 0.0007404283200240905 -0.00040167290526776006 -0.0002295545295541244 7.219829202705597e-7 -0.00025298542108565333 -0.10248596511225666 -0.2597119437931578 -0.04107508047531833 0.0025388823418373138 0.006227533168971409 0.010504392666970855 0.021754961031074233 0.02874257335266262 0.02068904840682591 0.04137232660313391 0.016999559433705992 0.02920762807697219 0.016035065218507973 0.002182130894496926 -0.007699674172936894 -0.0048755331293779715 0.0005351561737243795 0.0009487541986712411 -0.00009367278688800089 -0.00008047709986420424 -5.3517130738718964e-8 -0.000014824753300885128 -0.005986862624276118 -0.015161974863285533 -0.0023621060685690793 0.0002662117690188966 0.0008159326023906134 0.0008592720004632311 0.0010081281230650213 0.0014220008081187222 0.0007648396334721119 0.0036337879092408357 0.0014886495160975678 0.0021182620368483227 0.0011289717129040735 0.0001603814299867916 -0.00041277230962309485 -0.0003175817896658742 -0.00005062323756939432 0.000016555935582633274 -0.0000018878404852483485 -0.0000022750652583463564 -1.4222203624094361e-9 0 0.00010409524015053416 -0.004428214384138739 -0.022502202363354835 -0.006893169383345451 0.0019708662972080927 -0.007610017783903665 -0.019549867108994652 -0.0025591827488003985 0.0002843117408693189 0.0014184577785114625 0.001528761231863208 0.0004983429314860948 -0.000791913258365624 -0.001965017352036909 -0.00020751684951939568 0.00014178133586229447 -0.00004444497296439275 0.00040090848291072384 0.00003203235079494043 -0.00001806129601666665 -1.5543304697897246e-8 6.173952485854557e-7 0.006842154307413258 -0.11224341060926442 -0.4549331925301037 -0.11794720017652491 -0.0004954630375190618 -0.10512359337124064 -0.13494802549619817 0.14943489794114484 0.7350288085500302 0.6294167893929015 0.3243416054436108 0.35261621186277997 0.24560542484742093 0.031920574700878696 0.011700925591991648 -0.012283339900482112 -0.0055517844666872545 0.018113732459167267 0.0054117493982828065 -0.00014704295079716548 0.0000027553363508244862 0.00009462925994770231 0.02712581896507931 -0.13079864766217655 -0.5388133478640612 -0.1164064236593103 -0.04500152054710735 -0.19461750118399265 0.014292168592354404 0.7140885284070106 3.2361713237917655 2.843439597871035 1.983853531216891 1.6980646120456477 1.159797854852408 0.1888910644576126 -0.060049710728698635 -0.07301239930170175 -0.011237963457096954 0.06623982114532222 0.03752447583767143 0.0016437410784234867 0.000015875418393644606 -0.000053573804612159726 0.002829406878330608 -0.016637012043550118 -0.05533216575428043 0.01121052961993996 0.1776318627312046 0.3685089081772975 0.3768044942911629 0.7985542785002719 1.7088782041447335 1.498618051962904 1.2519650464372274 1.0138844215801173 0.8098895333605622 0.5372058779157938 0.217046471919777 0.24998309004185193 0.055414082377338365 0.002175171422498595 -0.010839331784809923 0.0008700872973803586 0.00009660696409661194 -0.0003507776255084947 -0.01348126886399236 -0.0217069722682911 -0.010772140104817023 0.20248857989433808 0.7496961475621761 1.1899824523846216 1.443236048343823 1.1877749887116338 0.9011419852028068 0.7667200935663907 0.6698566371436938 0.8474966581915822 1.3032604014120355 1.5975303482830183 1.2134394492030975 0.8716557117922278 0.30447497800064 0.004524619370495154 -0.09612495443829906 -0.028449036711450288 -0.000015495860727079562 -0.000052628683486560804 -0.002066235993696623 0.0020776190309489215 0.11776082606595446 0.5297015376348075 0.9678165025517689 1.2889725351165404 1.5709002605169926 1.1637258723366801 -0.029481002473181462 -0.45265918204157035 -0.20222867927453056 0.12621267867438657 0.36295963382953744 1.3708603647321824 1.92487750378592 1.3517480103445487 0.93859816151703 0.18989549331670444 -0.08988754242914788 -0.055874049842366665 -0.0005315618218088165 0.000006463672742705169 -0.0014992895548281194 0.0036344240474386054 0.33138241108041167 1.0192006211814886 1.2966416155147835 1.0474570968341146 0.7890084513297747 1.3403397327616167 0.07792145814536967 -0.31925997125374045 -0.31683024070771265 -0.086668538435833 -0.2842157181982876 0.30339768473042694 0.8555022637148899 1.3340783944558658 1.5026674310277834 0.4228707363432684 0.07797730202641344 0.010233514749855482 0.00035472735512206245 0.000011932014783076075 -0.000993135278613125 0.021956538234637377 0.48959678754916613 0.9745081313433988 0.9519060087672727 0.6302238320846126 0.32433229694359633 0.4108293896092785 -0.21847667464151785 -0.16843613635515028 0.06100535957588864 0.11179166883071079 -0.3655759137877645 -0.3216752069061485 -0.22576862191913158 0.018777144326765582 0.31487362638479877 0.1332955867081023 0.0405661662747143 0.010757895866371539 0.00017157818119101648 0.000007676338281021553 0.001522632461662203 0.032223341008277506 0.2622146120920124 0.471035330975345 0.583417368628519 0.45995967150667594 0.22827831453310538 0.1998444648622146 0.09114790609040462 0.011890989433183926 -0.09134580599097548 0.11009099413112608 -0.1611438009695273 -0.32383285510979753 0.003764984252815018 -0.08504084974409544 0.4419898903822948 0.060320046982951216 -0.014465785182497033 0.00046169508958249656 0.00007124649188223517 0.0000018525649174960479 0.008649872858047298 -0.0010070024634911217 -0.17870379031523767 0.04608365382775096 0.2242774097913122 0.09963503016925918 -0.05725986801846375 0.28862644459702347 0.4219378924942752 0.3614790136762993 0.095120953094268 -0.08821109199442206 -0.060229286293143336 -0.09133984085062238 -0.0758356191441838 -0.5537101691403646 -1.9328870460691434 -1.1828436013216752 -0.03284574062570449 -0.004323741095908932 -0.00020739782714908727 0.000015330135981326033 0.0020448472510530636 -0.03605314454440586 -0.3095160603159228 -0.05830348227666895 0.4319897993399026 0.20622250627200428 -0.31208199845670676 -0.08261914065622401 0.19889272678597433 0.3549502440833897 0.14229640184246953 -0.1004298485700256 -0.05415323171830963 0.13367087924172166 -0.07630763145616924 -0.6993037659496703 -2.5916631971297854 -1.4095540880392645 -0.12125487346058338 -0.006979663677952143 -0.00007995542453377431 0.00005228175162700934 -0.004779769013453521 -0.07934614391977261 -0.6189058807344245 -0.6453571529015465 0.4033794175144711 0.479560819509132 -0.29576744218858136 -0.22407501718788725 -0.10854276646143553 0.17357405269251547 0.07188755075394639 -0.1001543698802481 0.09558504341243626 0.2469488468107603 0.2046793328487614 0.082984691389364 -0.29729867216286665 -0.1907915651391918 -0.037266949678399455 0.007868398916455747 0.00011928826029418298 0.00017853283486118864 -0.011859953772463785 -0.09264763256084141 -0.720823830611952 -1.3882026775012561 -0.3870069007054453 0.10704787226939502 -0.27819160689407635 -0.23522133830199607 -0.0325464456033298 0.02200141721580067 -0.11964541857617249 -0.37365845235308587 -0.08324233269839706 0.11380022527713526 0.0928503165948023 -0.42732619300426367 -0.6267198832498022 -0.11819455297237319 -0.028187347696162292 -0.002269288831817328 0.00015835661013239747 0.00005043606269067309 -0.005472311048339744 -0.030122720436986578 -0.4149148440044803 -1.307153499026764 -0.7365048777929399 -0.2464869055464795 -0.16345651541847564 -0.03462589910127836 0.03382219412082537 -0.011429406231134594 -0.1052878074491878 -0.005182375787403483 0.01955107873513833 -0.07165020912820667 -0.6121657389857337 -2.0110188615285685 -1.5322759067043856 -0.2461838681471905 -0.1433395821933019 -0.0353755929822709 -0.0006305950912279475 -0.000011607687014313134 0.0006123647420719883 -0.00007270715629357709 -0.23177871871435463 -1.4343779334450155 -1.696449565473417 -0.640546366676259 -0.11742381217397257 0.24661336201150616 0.09425142679778523 -0.05291387600507994 -0.028872750251372002 0.15432352323733095 0.02115812568983879 -0.26715793081027495 -1.1823067075369964 -2.564363415985116 -1.081152159418651 -0.05889931977294042 -0.08107208993623218 -0.040592913298656275 -0.001176041798756696 0.0000035965273005911567 -0.000047372030218030165 -0.0018230423837592032 -0.1510419126703687 -1.5447041472389624 -3.049530368677315 -1.579630278175509 -0.3880243069545277 0.14283310065314828 -0.07074888578402634 -0.2800941434805619 -0.07047268110064901 -0.05088849298675751 -0.46166485987510497 -1.3083405262389731 -2.1492607030679682 -1.5186450362642192 -0.2530162393433292 0.05339670341197842 0.011436588376864797 -0.003287952487519335 -0.0001484351757109603 0.000008456214306240051 0.0003989173943119215 0.0009116899188498014 -0.055028190444814135 -1.086070783377595 -4.077450725574355 -3.7527526726197604 -1.403079711281999 -0.30462076205599925 -0.38221300781962214 -0.48868603805359784 -0.32708046328440255 -0.6824242031010224 -2.1076851498432227 -3.969003713250814 -2.939699400982511 -0.7755837671468737 0.050757099124004924 0.0783082082197749 -0.007442396541805228 -0.00798791323518185 -0.0001906641931484502 0.0000017657130157664985 -0.00019189865129017243 0.0017311989853046974 -0.014074212742766145 -0.4559277535885365 -3.263898296786668 -6.290477807192099 -5.651054223571689 -2.6750784666987673 -1.473465910531343 -1.2906125463640459 -0.9087781487147273 -2.0575081834633506 -3.9985822386223715 -4.359727631874328 -1.8226185396466763 -0.195490516275198 -0.012123318903925664 -0.01657137509566223 -0.008629380832003939 -0.006731417055785345 -0.0002153962799918374 -0.000004557219118951315 -0.0003856336733662098 -0.0031161966976387782 -0.012726028214766176 -0.08173656929904848 -1.1394658224832768 -4.989207698151943 -7.625570783564782 -5.91086026653575 -4.267086888353141 -3.744336963676976 -2.497602676737173 -1.8781378667891881 -3.0743446816755196 -2.317297677674925 -0.5760693260315284 -0.12701280929568182 -0.060413907374291274 -0.023166822863860438 -0.008051806359259277 -0.005059105882894721 -0.00015348592036042237 -0.00000855578089246746 -0.0003617206029158524 -0.003020242245921192 -0.013759854795411624 -0.009245326691162018 -0.09260142236575948 -1.0713954913481407 -3.0049206080097193 -3.9636826346599996 -2.3528585194305323 -1.5637553113788902 -1.7919478276848522 -0.8784890586513152 -1.3210166023299028 -0.47592097304628084 -0.07600779132255654 -0.03860461379959828 -0.011914863887163504 -0.0015027424272535737 -0.002388615499551022 -0.0010780224098140333 -0.00003078994638930911 -0.000010834235394347662 -0.00033018166402771744 0.0021083637442104635 0.0007903155394620969 0.004688910568952856 -0.0018699531651063847 -0.09657653971705905 -0.5054115309276327 -1.1706111668256645 -0.08937616988731159 0.8084034538037667 -0.08176862212179872 0.2827835896351201 -0.12844349267135097 -0.07902022621922743 -0.017236609597328256 -0.0051960582669766985 0.0000234486870423914 0.001745902963056684 0.00003512871525272533 0.00005181805065780852 0.000008592782098401416 -0.000010936646668270515 -0.0007647598913688325 -0.0006856752690529741 -0.0003848916504436106 0.0016313757183294625 0.008202369432635108 -0.010851237317326057 -0.030039952198293026 -0.08858728816850117 -0.08974210063216533 0.03874491461192244 -0.14034594089835345 -0.10485314449919739 -0.06370516402185201 -0.023669834061814467 -0.004781712666605379 -0.0032491768789499422 -0.002845435431882853 -0.0003585440480098632 -0.00020124570022693954 -0.00007057435234600809 0.0000012419551117749564 -0.00004351237271240867 -0.01652681785844405 -0.04227394610627204 -0.007312955034136094 0.001052172380259044 0.00006833346228226993 -0.006633526057513463 -0.0002422291105124113 -0.005819534371933346 0.009535149521054165 0.004925991017307918 -0.007871336613471993 0.0019095744906406894 -0.002078208633594429 -0.0033465831141188153 -0.001822020831193003 -0.001762371878373181 0.000054464811374464495 0.0008811293976653827 -0.00020680437628157116 -0.00010724830982813883 -4.947697259224577e-8 -0.00004921043737468033 -0.020017689562554022 -0.05106433639618487 -0.008517818729794934 0.0025481036432000053 0.004415659763448375 0.0018651231290557374 -0.00003906579273963567 -0.0060424374490062474 0.004395787776740535 0.006033541435297449 0.005809701056900965 0.01973076465928862 0.0034028176371066715 -0.0016942953312215907 0.0004100314472993604 -0.0009939197733787397 0.0006535937407729673 0.001422752682642793 -0.00006309771094728773 -0.0000653835293782451 -1.0840961102214517e-7 -0.000002889138048167061 -0.0011762232886394495 -0.0029986452814526037 -0.0004989152915734719 0.0001893312480574931 0.00040810861795629753 0.000254543166330885 -0.00002160593369357301 -0.0006845839863681245 -0.00009665100339540556 0.00037807944785070365 0.00043378600038222005 0.001430001800319586 0.00018959839495108298 -0.00020310756041674744 0.000074057389583024 -0.0000786216981537214 -0.000011060097776540759 0.00011080372327262958 0.0000041005216463536895 -0.0000021813910725297215 -2.134604531765131e-9 0 0.000054202730673782106 0.0011358698533942117 0.0009668652321768755 -0.0004949542872608658 0.0009808085266285666 -0.00669032297404158 -0.011712546042450804 -0.0014192879228034905 -0.00045876088294417535 -0.00005662810944403178 0.00018568702631409015 0.000036480003551216887 -0.000011754949929035703 0.00026036502471151195 0.00016974151434422444 -0.0000805803331625291 -0.002446504324390654 -0.004025442601288483 -0.000652625427993079 -0.000007929164545244624 -4.4837654091887725e-10 5.037770577419426e-8 0.0019162273468246037 0.044876303629707855 0.08346762097995268 0.002430277488080323 0.020997766151585072 -0.05997138449316215 -0.11518274691179523 0.01085718914553095 0.1162255702961173 0.10404897204110156 0.05244916103189282 0.053992864847072886 0.06973553487909424 0.010728023354786523 -0.010696519120898116 -0.02084806032419976 -0.06656045050735601 -0.1086318221456766 -0.02200877558613958 -0.0005344194158633784 2.660309813780214e-7 0.000008279306243811034 0.008576850762107404 0.14207826943238716 0.19279097771413442 0.01859916717634871 0.10127713600057263 -0.16442613191321145 -0.13612199870566072 0.2183612224756179 0.7889132696329587 0.7076154131182824 0.5079402812146921 0.3283168105830447 0.39669796059861806 0.09149107103194562 -0.14903277364624637 -0.1258323055968131 -0.07491576455447077 -0.15616027013984796 -0.07275114547753063 -0.0034867595082531577 -0.0000018109246512892324 -0.00001541967474339701 0.00813927266735809 0.071246346397222 0.04216448044341153 -0.012256932775917233 0.03728227853365753 -0.17491674822545344 0.30976398129583865 0.6382441679356179 0.6657789783540798 0.7078697210245594 0.3118104346667187 0.38127263218428 0.2912431658003639 0.35255290112433746 0.10456797274408665 -0.037424361258882544 -0.013387576243936472 -0.06191860333896236 -0.07185971270377764 -0.0075825281293572 -0.00007463399073633908 -0.00011564466575757905 -0.0020567354099949027 0.001069062812812219 -0.00016457001834720733 0.00516469830496844 0.2505532285549685 0.664472758574306 0.8315627152916224 0.5369514127627167 0.5161794699119161 0.8862853718877852 0.7888236645226033 0.8906726156501674 0.7367291281567521 0.4622889735414757 0.3469050784886757 0.2709368506406108 0.042672085991802826 -0.022596663335881704 -0.09101446285713878 -0.04070393094873705 -0.0008105745594302672 -0.000041836308339064944 -0.000637361725017058 0.008566098997141218 0.043411679504704495 0.14696485186806255 0.3868739929548498 0.7983524940547237 1.0776118794497604 0.8240526255714282 0.6249350764456069 0.6977841216453591 0.9716741825743715 1.0719701760316802 1.1693701400926455 1.0831092258765862 1.3036829775463146 0.7440623077178107 0.19179815192537308 0.006646559082246285 -0.07495711076832581 -0.045128368550702194 -0.0006762028930058162 -0.0000033033484089271225 -0.00044497768713555244 0.0009699836383215084 0.06991356241179215 0.5491174316345572 0.9754904659830369 0.9785679382521718 0.9959642283220602 0.7129445623722789 0.3427136693326919 0.059193709717596035 0.276866345366261 0.33243650759358306 0.3497092299867425 1.0643432896423337 1.4764759323451142 0.8650673136282307 0.4318975374743225 0.09588128207302228 0.07764738945974754 0.03835302735405705 0.0008020278756143949 0.000003338298968958739 -0.00012299985628519641 0.0008902318322687906 0.14023542824113058 0.7288397049130617 1.2811088770721455 1.1507468252630733 0.5461408470488935 0.10753255179527375 -0.13815088083105131 0.019143828760000446 0.11184156374829415 -0.0011985889929353429 -0.15789405831686715 0.24764159462482857 0.5974058324683513 0.8513732016659464 0.575705988972314 0.1114758206254668 0.05601241271686541 0.02842815979471622 0.0005044724006321885 0.0000113689903487016 0.0007931757961351036 0.0031539140119705216 0.0947387811834556 0.5754804291037615 0.8129825546320449 0.5559896224327818 0.14789099039498818 -0.007674979237336409 0.26396289473845985 0.12325072709365906 -0.33939759713945017 -0.1335310294766944 -0.13087662806680664 -0.036190969775870746 0.38603600767369767 0.49765499193228907 0.17920985937953315 0.008603997945985839 -0.0027513221694063033 0.00403276036359579 0.00011660557092403986 -0.0000012074121197124537 -0.0010428432432066448 -0.008893245059275719 0.07412764941399509 0.5355848840013756 0.7004876789355227 0.20138140984015107 -0.06894460697046983 0.11914737829991416 0.8043069380656549 0.5538533505905634 -0.23653329272054688 -0.3247262172497404 -0.06173690623964186 0.11534464711859316 0.372940377170776 -0.4363577732137279 -0.7698780548262482 -0.20860097835408498 -0.025031729555223484 -0.0036177372249525832 -0.00011244030131276592 -0.000004384621600816111 -0.0033181878776123606 -0.013319073568414013 0.006857322937509127 0.12275464404090833 0.3488937547516478 0.07992150315499773 -0.3778382736803425 -0.11914917107629314 0.36625996822711676 0.49984369184751043 0.07368099489822626 -0.1072384904519829 0.031115796213623093 0.16849949573031112 -0.14380527037066698 -1.1177251539948323 -1.227599907520272 -0.22997275806046355 -0.008680566630998776 0.002031089088158717 0.00002287678624728932 0.0000839546149191246 0.0029360116978780237 -0.004073028936482924 -0.17554261357824444 -0.5097951157986115 0.0034578240972796587 0.211767027600205 -0.33884130714063465 -0.3408568093320312 -0.22905219641918823 0.12700198931306658 0.12907509017912333 -0.18563146622058457 -0.04116347290451365 0.28374877594139547 0.7454330599002053 0.4494008540425026 -0.04745899062873638 -0.025442014295781083 0.021347308312576047 0.009673094268853941 0.0000986550880709977 0.00006374559786084181 -0.0026197346346140985 -0.003244114548417925 -0.23364405562569915 -1.2519080778009635 -0.9961266282595068 -0.021961219619614527 -0.16122407740956243 -0.2085727025291712 -0.12303358280847498 0.006103637615889426 -0.09367715218322958 -0.30296751841538294 -0.262554594405193 0.4127377180204524 0.7708347984344378 -0.3525790590318666 -0.10646334175210295 -0.010871334298825976 -0.015077174502926302 -0.007302206393313749 -0.00009445639669575934 0.000019533888427975096 0.0036225263674321893 0.03094983084066422 -0.13727411668679684 -1.2716614515550169 -1.5774782298220453 -0.5440183620878912 -0.5620063466545203 -0.1639254874596447 0.06332448454721626 0.06169110861643201 -0.0810272132749897 -0.014231170890155426 0.01970480954373243 0.3030745065129013 -0.34772878482679326 -1.6507097754483646 -0.5563339502222227 -0.040056710953954924 -0.021167285699698016 -0.006915033837406631 -0.000253336590288537 0.000004467460881729924 0.005406631567029544 0.016457990177792734 -0.04078822969707344 -0.7917360256940553 -2.105971040339065 -1.2036244329807366 -0.26576009344028434 0.21104573673495433 0.0485322488641338 -0.03085771894595612 -0.016816563758724087 -0.04957060231735018 -0.24591245522308766 -0.9493585656579359 -1.78449553175927 -1.3758922365963797 -0.24293052431388998 -0.010006587887197299 -0.011332517585644497 -0.0053528532954344975 -0.0001578545150919119 0.000011010685917743107 0.0008341085655152405 0.0006326833431198834 -0.00785438145379218 -0.39378282469183107 -2.1177005068670662 -2.5141154020469703 -0.9375974328517911 -0.17765333717817008 -0.32103872125950267 -0.3723033446210144 -0.3312578431174853 -0.5631972457047305 -1.590186135644922 -2.913805758637053 -2.118450992557778 -0.5282823562334914 -0.03622975046320428 0.0031448901329392985 -0.0014543185530406005 -0.0011212953149402486 -0.00003258148897375792 -0.000002205005293567317 -0.0003889750795293494 -0.00023771364947602685 0.00127231588438986 -0.17395488250504754 -1.8847902606507454 -4.090269030737769 -3.1253645382532325 -1.744693424903091 -1.8492297291380158 -2.0822309949071314 -1.7356065449735902 -2.493451269356729 -4.674355887055911 -5.103830503635172 -1.913868967773355 -0.2455679518827281 -0.005058491339758197 0.00498423437963211 -0.0015638353784707523 -0.0007364699588752731 -0.000015103004783455242 0.0000017718309317455002 -0.0004820711184061456 -0.00042103400571292767 0.0005123166499706595 -0.02541133177507443 -0.6463161717349336 -2.9878882898289305 -5.273997721310108 -4.947008492822333 -5.496237244828114 -6.0264338766771015 -4.891112213479956 -6.042948323567513 -6.332551943828094 -3.5941805890230207 -0.7022177779642511 -0.039638319203266555 -0.0010370067098562222 0.0004900239342093332 0.0011541407076168016 0.0007979543896029345 0.00000865449572136044 0.000004906872240917851 -0.00011537192165746017 -0.0011612511690026778 -0.0015932998223370024 -0.0020014512999084666 -0.1266945641244934 -0.9229629211464376 -2.535719434221449 -5.1625739779561775 -7.519171293404246 -8.056908372334055 -5.655764782411092 -3.7427043717246695 -2.544001164855896 -0.8717219413307825 -0.10595518211497752 -0.0043239472742712505 -0.0008822626793291756 -0.0010741943512736244 0.0015511064787486024 0.0010832622416349998 0.000009194376396693926 -0.000013193840104848554 -0.00027602938787610836 -0.0004119540262577203 -0.001281275920688713 -0.005078804664420888 -0.005109359556467415 -0.0750575136250472 -0.2955294037118246 -1.5058643744167883 -2.6672236226933963 -2.8660203725941216 -2.2422756010823734 -0.986611020408754 -0.29538195195378797 -0.0705647479271458 -0.01574713128207331 -0.0016233065760749604 0.0006052633815743975 -0.00015680408997114062 -0.0004720024826637243 -0.00034844621465363165 0.000002411999505616784 -0.000004683348002842419 0.00027648783629774314 0.0029446999353163676 0.0029573634851290656 0.002016672525989914 0.0036870404265200492 -0.0015694250534131853 -0.020862687331557942 -0.07810162603719616 -0.05542202865458922 -0.04101094799428508 -0.09560914669126733 -0.07886508570497185 -0.009128512422194087 0.004321944698114258 -0.0021046789555501464 0.0024143251161975274 0.0025151100803274392 0.0009136157762009388 -0.0000331110565225754 -0.00011486619659336174 0.0000021967893076258635 0.00000744442797188731 0.0003756747879923885 0.0009686797238114147 0.000737225142259842 0.0007423993518965143 0.000006074149564752429 0.0006202688334898446 0.003259071346619562 0.005042169388670687 0.011229727895395754 0.01620289517133133 0.0018726314539606866 -0.008422038490629667 -0.0058429704676069075 0.0008966229188665049 -0.00009054901063987889 -0.00017223834648904423 0.0004912463770711182 0.0006168094115046792 0.00015079744036062377 0.000009370142836401922 -4.391282498146381e-7 2.676514976398515e-7 -0.0000450433963712796 -0.00034859797335924934 0.0005480049978360381 0.00018566383169498627 -0.00008969713605896064 -0.0015856550338995202 -0.0004652537235914947 -0.0013508282919191782 -0.0008210839465415699 0.00034723960135556013 0.006523769479642455 0.01334814771279074 0.004464570468626415 0.0009099342140928067 0.002368646183378882 -0.0005232664490891434 -0.0005670862951137202 0.0008022035610181302 0.00020593670957561166 0.000008606086075112773 -8.716407474513837e-9 5.44752496196026e-8 -0.00003662281943900354 -0.0002090937445079205 0.0005405367147072812 0.0004298691620261363 0.0007618342740602019 -0.00021165324394365078 -0.001970105817465957 -0.005199616223874016 -0.004179528585047796 -0.000994297289785375 0.006478342653630736 0.008186659842106486 0.002811486615323832 0.0011300459990935023 0.001984314244142602 -0.0005935821596871775 -0.0007635994668020443 0.001194195382461808 0.00014943596444374615 -0.00000300314372578828 -9.185091775558236e-9 -2.1193176974762363e-11 -0.0000043219768041306815 -0.00003195865118879408 0.0000016027743401134442 0.000018096030221125814 0.00006997759304590761 0.00002769423164022452 -0.00012513281420217437 -0.00035201971348643716 -0.00025748846973764987 -0.0002027063819752321 0.0002984226290163448 0.0005167759942196305 0.00013986503678162468 -0.000003015472564939269 0.000013651726239828015 -0.000060727905462200874 -0.00003844506097515685 0.00010175886106853307 0.000009529932657868202 -1.710401337536884e-7 -3.052129174566119e-10 0 7.412614072375228e-7 0.00014245781855010042 0.00040644402725351916 0.00010831825920836007 -0.00012165050631706331 -0.002500472771478948 -0.0023096073846515476 -0.00025519201711927627 -0.00037907835721323163 -0.00035181100605401113 -0.00011247972816543946 0.00001999512951827942 -0.0000013373656977482192 -0.00019645668731473103 -0.00015836048658493895 -0.00021589082969465014 -0.002945199565819521 -0.004524659366957288 -0.000744757581126207 -0.000006824992405324643 2.4579415470627276e-8 6.023810838272575e-11 0.00022806596827433192 0.009952899290346979 0.02316603778629088 0.0045408078475802725 0.017853025837422494 -0.028977751964998535 -0.03982323686230158 0.0007997058889547506 0.023188489644854777 0.03028376465163547 0.014895590530223516 0.027093074260113884 0.016079521924176603 -0.0786413030163825 -0.08714503339849566 -0.012351128941255392 -0.07440446282747047 -0.11071148664218801 -0.013238714784943383 -0.00013512400908895732 6.046877552355969e-7 7.740346646872571e-7 0.0016972920507003413 0.03776770176674385 0.050062303148463966 0.002891616391117307 0.11966081053924607 -0.016443465730776947 -0.08158737970750385 0.06396085438316605 0.21885601283191058 0.2282448947270769 0.10047460277292902 0.21345867672709934 0.24371775055432643 -0.11551153419035093 -0.27966632923528745 -0.021156401553854193 -0.04217545064336093 -0.11908244370538978 -0.012860965750280643 -0.00046715355862979573 1.1207846714415596e-7 0.0000075379638243112504 0.0018503788408764056 0.015249835016749563 0.003160821171354778 -0.024813777713201316 0.028647548556566416 -0.09169869519255894 -0.02135774276738327 0.2620444797862515 0.32834536980998297 0.2558721086402768 -0.07312806685718652 0.21065424820613096 0.2954113301653428 0.1434174014008639 -0.05184507906414489 -0.017546588977747364 0.010620694649852394 -0.048051766709475516 -0.058419200390911016 -0.013431420145891736 -0.00014065057160833047 -0.0000011410530369596547 0.0008165237492199493 0.0023481098046421976 0.0010982260078276922 -0.005096974135138043 -0.007252501217390281 0.14796368819816264 0.3898900513060877 0.36879143301207 0.41234107173545487 0.2681323966247683 -0.022629207695454928 0.1632224865260658 0.08274688423148144 -0.020499728148101276 0.018765580510207908 0.0032883704500792396 -0.010189213152418362 -0.02966994593172158 -0.13111841393735965 -0.05768951217609123 -0.0009758323694348726 -0.0000011914560462286618 0.0004138961968751503 0.004524492072130161 0.018770618930826953 0.017247606352041398 0.08291159578826114 0.42905959103012753 0.5526876547190473 0.5515994088477008 0.46538524614409854 0.23695512646933925 0.332273706549786 0.563157936380447 0.35170857110735043 0.028724484400080054 0.3049309100419305 0.16511497419430815 0.01302553753763178 -0.005828417178168086 -0.07355551074775783 -0.04923897665231065 -0.0010850794761830622 0.000002364234721958141 0.0004189254186911966 0.001880085646562237 -0.00048083740818507435 0.07768952309381744 0.3509002888044372 0.6403511789006916 0.6039153160326767 0.5035255641230139 0.6258585030212663 0.513996732239797 0.6290094914050247 0.8987316214690767 0.5276735220663437 0.3882845173468978 0.44748919036606855 0.21460934440462187 0.036405694301426796 0.005870092739104141 0.05366493953042341 0.03290665157335085 0.0006605502596512331 -0.0000029919666392343072 4.5848355462318574e-7 0.0003667290968132981 -0.0029167329527315005 0.154299158803837 0.7539294712969281 1.0397032318826385 0.676988815975551 0.28668734743657387 0.3223711824147757 0.41014206267630926 0.44837342947745173 0.4497983431954051 0.35699349413863374 0.4884061845054685 0.2841986602021226 0.19220824264374942 0.0915876259191352 0.01121635527489924 0.04534119750566382 0.02949841320445322 0.0006428489183457501 0.0000041823636888548786 0.001867938647166032 0.010500448042166557 0.013130077515099056 0.22029593806701855 0.8808107753636057 1.1016764729220752 0.6827759107620878 0.24278880505453473 0.3511398102393083 0.2791132294817343 -0.031918745178830865 0.0322765201042929 0.05180480956595981 0.16154192946249343 0.41346073647157133 0.404089007757185 0.16334316379609712 0.01943511611771528 -0.0004463507369097072 -0.0025168096717123277 -0.00002197938011261599 -0.0000015801387224935443 0.0020746975475321107 0.007133078238978412 0.0033471604442358435 0.2686158134640602 1.065964493016608 0.9019835664133263 0.4673883597331017 0.20336871703194043 0.7780568250732426 0.5215482715974964 -0.16557869144450296 -0.22974715402381599 0.10916076980266498 0.31356543077369586 0.453684765035393 0.1638780716508771 -0.007394386026504011 -0.005992018595947809 -0.0031936238535477213 -0.00031232165685074237 0.000023316752826740764 -0.000023198453848859817 -0.0010869355021006534 -0.0022860914088229096 0.001924949741470718 0.023089658730582305 0.6196535137514265 0.64100986426419 0.04752102490437092 0.03632713739613381 0.3633143534249423 0.23987333422206072 0.016319420769773392 -0.03917949853998101 0.1970634173197589 0.4622242064802985 0.3109306243978436 -0.20198888231914436 -0.23252884826853557 -0.01158976293107845 -0.011251789002995878 -0.002296855874706141 -0.000016426294759871034 0.00005397687680321862 0.0034204319447426923 0.006354610435288336 -0.016496719219236664 -0.12983759149705829 0.04753881354980685 0.5746668616598964 0.6389989351883634 0.08839276427534715 -0.05796974373495626 0.021663392540108604 -0.07047531320742431 -0.13734277879559936 -0.14763113161200758 -0.2916583375491881 0.4337391986993591 0.2879002288198428 0.018490616670948416 0.009884396053334339 0.0073650745739943175 0.0029381014209515933 0.000010067108278894484 0.000015491499809591495 -0.0017470223102680192 -0.0055882790579901975 -0.028769317307585373 -0.44683831715025785 -0.8762371799476896 -0.04186038797456044 0.14358941449350332 0.1817398995012335 -0.1431468958181112 -0.0005169447020339259 -0.08965848475685964 -0.12492646201993995 -0.1612198242381881 0.07077645928759202 0.5249796864138071 -0.1814852803991517 -0.002805130845304473 0.012126235303043928 0.006100588828212396 -0.0002641593545264131 -0.0001238171393375327 0.000012811733166266172 -0.001002961678592352 0.0017852284129931293 -0.00730014406103544 -0.3029350301451935 -0.6735191430711461 -0.22201701051054856 -0.3491359128219449 -0.021886092063020765 -0.013328458935496458 0.038157291394699054 -0.09117846713851661 -0.14910441487817291 -0.03641287196349112 0.44786066637204436 0.36861988686294395 -0.365705150489746 -0.09368131911251561 0.014596830762966289 0.007106506338508097 -0.002525034626007307 -0.00016503426644750216 0.000020786012444757143 0.002742241816981749 0.005786243620875743 -0.0019707762524345937 -0.12924185768510316 -0.7101732448975903 -0.9644162281405084 -0.23796580025801828 0.08614312117268327 -0.17224566382373285 -0.13826973604077256 -0.1883061429425681 -0.289547754121412 -0.3005989347568597 -1.0298671902399987 -0.7682696911873156 -0.23142717783515668 -0.021913438653050538 0.004829302215159434 0.0025809532832424885 0.00003024700070876219 -0.00000966584792559367 0.000018658523072879183 0.0009997248421463405 0.0004489959619543914 -0.0024115775986212227 -0.03569602725428307 -0.5717054590599233 -1.7503300996584559 -1.3936048746077523 -0.9328189761864883 -1.0817627367143463 -0.8040892250293313 -1.2037327072311956 -1.3549571954084318 -1.548798455630031 -1.6541142810541694 -0.6610508910176048 -0.07367088513452959 0.0022426747255955 0.007171396185018385 0.0017796927231521493 -0.0000231813603096934 -0.000002859145604545425 0.000009974743942566016 0.0001913212269548893 0.0003203118741739091 -0.0010755571822088628 -0.008716408377231515 -0.3155215368630794 -1.4998094577664223 -2.372860324882543 -2.222282630670082 -2.943460242316863 -3.910958477495487 -3.3176115204871977 -2.368498824899068 -2.2208350285139136 -1.424420297893934 -0.3615690223238674 -0.029462266070072192 0.001282395642905552 0.004451957809292073 -0.00035958469769510924 -0.00036157566516778895 -0.000008517887140559483 0.000020145138485211614 0.00039644704909755157 -0.0007042995358534186 -0.0011940433448443233 -0.00014494467167110232 -0.0524817049721869 -0.5165741917532543 -1.582305382352922 -2.212083213871549 -3.7946621355663184 -5.521164042121463 -3.8574013199911414 -2.2860439457561452 -1.5349240816256222 -0.4965218857886 -0.0891952426485217 -0.010864927239532966 0.00048390654675624725 0.0006787149228664793 0.0002508583784409532 0.00035216256531512007 0.000003574554529562998 0.000017909101774441313 0.0004107539299294275 -0.0005178627701250037 0.001712100227604682 0.001348896898956175 -0.002273495244058623 -0.04059901979152487 -0.3488654839267186 -1.0178107554991083 -1.944808123627676 -2.505659975025124 -1.5769821352046738 -0.7224834859473032 -0.34673895893291423 -0.0713331953150984 -0.01381744747602144 -0.0008690711779987902 0.0024882536960716974 0.001502782786172493 0.002656110597317343 0.001452814485018518 0.000023122569435723038 0.000007760635164611272 0.00029844047100848544 0.0005305040199153499 0.0005030198008809348 -0.0033617948878709235 -0.004039499174277101 -0.0069050098760936995 -0.009002651117983526 -0.126146605852507 -0.3632783133838198 -0.42524689171999963 -0.2396082586480508 -0.08539713714868596 -0.01819946577695512 -0.008206827751348454 -0.00733415024911349 0.0004392132988309421 0.0029965944425159913 0.0012781925903172162 0.00018534513374060267 -0.00005122314218005314 0.0000031593365965427793 -4.0732279400133444e-7 -0.00008209378671730716 -0.00019300911468124275 0.00123018678606615 -0.00006453327867064724 -0.002351918952039385 -0.0061743518113389455 -0.00391097126043471 0.0036360560718938263 -0.001002685807752631 0.004819501367815583 -0.017489443724426644 -0.01716782640176692 0.0033545160538989583 0.010509063860937548 -0.0015821932548022496 0.0019049841978411432 0.0020798382236865685 0.0007646318174806973 -0.00014668637950855505 -0.0000673174914200388 -2.192975483859914e-7 0.000002147668673654763 0.00007743732902802505 0.00011864832121328456 0.0006952988044575758 0.0016437008292318812 -0.0016614988756168908 -0.0010539615113741808 0.0015775681702125696 -0.002099569689805085 -0.005827697053634792 -0.0014488601350993472 -0.004202569261912652 -0.007065556016188836 -0.007333795042743367 0.003964683816962665 0.001181687896953849 0.00019980863602908657 0.0008454757532100723 0.0005837907482175487 0.00004798757756673626 0.000018423745029464398 1.5798516862092758e-7 2.2170207419118403e-7 0.0000032328612970670055 0.00037875929963259125 0.000500823946422198 0.00040707050698644864 -0.0012910052266923325 0.000178032244811105 0.0007342919599870018 -0.000738650840481834 -0.005255338379984853 -0.006520753589545401 0.0008862972472510044 0.009490664756151188 0.0007136326593895771 -0.0010053613132244422 -0.00020916588678519577 -0.0019109712002012978 -0.001392076163365844 0.000020402385143975762 0.00002789307128682392 0.0000010584272270026502 1.5715151441450575e-9 -1.2785504806704248e-8 0.000007199942218331265 0.0005126326786414005 0.0009849889464783794 0.0002930710119578067 0.00001846099195636554 -0.00013057819205642055 -0.0003269749035860018 -0.00018560922632073615 -0.0032807833169108433 -0.004974812611012296 0.0022426617635183375 0.007562874246227531 0.002997814333371431 0.0001925812174403947 -0.0003509923121278849 -0.002046024404509847 -0.0020427616749245764 0.00011308080416605046 0.000022101065272146728 1.712992036243093e-7 2.026159971241021e-10 -7.400229501098965e-11 6.653977495260453e-8 0.000017607831836862446 0.00003680553923274874 0.00001362302510987357 0.00002203605439287584 -0.000004239117476651003 -0.00002805422716479629 -0.00001676918489025737 -0.00021262037749450772 -0.00033196424788723 0.000025160237007824268 0.0003316528045446872 0.00016672934719845023 -0.00002013948208347303 -0.00005578135346350297 -0.00012212943678557996 -0.0001521757042907188 0.000010007372437164556 0.0000014952156858828027 -4.123247335483106e-11 -4.627075315639029e-13 0 -1.2257571778326912e-8 -2.145755623554436e-7 -0.000012539714406872254 -0.0002993888371253581 0.00002930421378217345 0.00026281835309112297 -0.00030808761452434636 -0.00015217116035586378 -0.00005198792727147774 -0.00008270843025520213 -0.00006562999142121465 -8.35624674782821e-7 -0.00001413987994579293 -0.00030600482223197366 -0.00037130149400583953 -0.000306404488798264 -0.0014436469870105248 -0.0011830242293182358 0.0000025167452305579164 0.00002623481393522954 4.177901357115355e-8 -1.46286170451756e-18 -0.0000011564565090108231 0.00003738511476298122 -0.00008983142437581493 -0.011294333641503049 -0.028311860390114678 -0.04023144730098605 -0.011811583114428556 0.012027313541603064 0.03445884624092836 0.041974967896897704 0.01736898598234971 0.00700737324149174 -0.0006394632770057928 -0.06619770100943893 -0.05678483108887598 -0.004869724348676161 -0.03739483950373696 0.002125044749782126 0.021429629536891124 0.0008091005647881753 9.981342377337891e-7 6.129581681570934e-9 -0.0000031575685847622373 0.00023725211012699902 -0.0015625709769215242 -0.03116726357220183 -0.15026446936643598 -0.22577958361393075 -0.027782664245767842 0.037959030218491625 0.09344162710857516 0.2203467070829443 0.09733352768075083 0.03335905427028226 0.02510677385476647 -0.144744331501202 -0.11853265706371242 0.04310926181053188 0.022074844727095557 0.13296217769782995 0.10807318586812137 0.002628606775183148 0.0000012939361413176934 1.5558226999634595e-7 0.000011292746053098388 -0.00029587146044926976 -0.004777216494327968 -0.02132083773499078 -0.08308446611498303 -0.13515649730873608 -0.03606053487482124 0.11275186566118009 0.06762794693712111 0.10499805114314094 0.025147177896981548 -0.007449200174433504 0.00839636606576068 -0.009725663844542414 -0.026228211281102535 0.04638945313809413 0.051995887138665854 0.0508011903991393 0.02655344502608992 -0.003330289361911532 -0.00003498420977812765 9.630479823440245e-7 0.00015256953208226933 -0.00008187150797423919 -0.0027448491185269167 -0.001671807186290906 -0.011225551287335095 -0.015660890332930923 0.009295505886524181 0.0659656533423151 0.0469870227528985 -0.07151008902183155 -0.028522270895164837 0.009988665875287132 -0.0023502454959570145 -0.008889685818506342 -0.03751230694039327 0.00024350387735679152 -0.005913967273180961 -0.013681077105226503 -0.053773815665284164 -0.020590898391892678 -0.00022641797718947276 6.542287112401034e-7 0.00010801544912202016 0.00047284401925276517 0.001965475843296872 0.008881382257539984 0.027723611189357945 0.05864733012487458 0.1281962248356463 0.17529119343425276 0.15049433631488918 0.02331238339853914 0.017030481038225964 0.004615562828252173 -0.016645431202551856 0.010017070126585103 0.028964102736582713 0.018167116488932628 0.0019186031830624828 -0.00839505411363512 -0.055495013539879096 -0.036205449456337094 -0.0007883080251716501 8.2478759225534e-8 0.000033686272510589577 0.0003764263393673708 0.0008792739394996875 0.001568662874853104 0.03724826000682287 0.13837070948592795 0.1806838547152935 0.11666648999779217 0.15534250547399125 0.2347336645323783 0.21583249559843887 0.2518728328905279 0.16184177241612716 0.07603306603429194 0.05912216139627317 0.03297483328159106 0.008203227937706477 -0.012627025944176506 0.019795784121951897 0.01365898569021884 0.00017033885334907366 -0.0000030213523384444425 -0.0003328573517837055 -0.00016181886651541431 -0.0016001335821367933 0.003907656479169793 0.08954093586205486 0.2607713363653652 0.2425213604157934 0.05084041234972986 0.09357734750037694 0.17167211169412702 0.3166549717547007 0.39423146276491733 0.2685403184418753 0.15107986866434928 0.06449937814298039 0.02406750642520884 0.012825565788081661 -0.009503663626122228 0.020977658696520126 0.01595061132571027 0.0003325180473116285 0.0000016775700831163927 0.0009021359376915087 0.003264025680656257 -0.0006489560020091561 0.022727635259072988 0.23605413003016903 0.48757951039232217 0.4247570340032099 0.19462913465111872 0.030395945740031665 0.1845256629879978 0.2816075320711136 0.2913277088734163 0.21752292999710762 0.14315126341763174 0.11310466818708938 0.03314062643732956 0.013977152871083635 0.0037874832525165575 -0.0056981117344167935 -0.003994460696139109 -0.000038569693111069836 0.000004325405186466671 0.002234120799307132 0.005794510637097382 -0.004538488799590437 0.050663621496318104 0.4053721679000302 0.534017676306243 0.2219124127099682 0.16012277848451406 0.23525245717291723 0.42840121065079384 0.38915181076633326 0.14568312316945842 0.23347692242357576 0.2899224686848846 0.2103994868783362 0.05458170360390048 0.013763254445606263 0.008046892253074249 -0.002317968039018668 -0.0020522641037786235 -0.000028308031905527405 -0.000004417047368123614 0.00009627515977533002 -0.0005635614223521476 -0.0031903961450060604 0.021900392087906572 0.32380961894482146 0.6313431889704396 0.1976859736827041 -0.17253490809324507 -0.11791724118340781 0.18550950108221073 0.2264214236580335 -0.05768218792059566 0.21272781250525458 0.315239000266846 0.18789846663979679 0.05410980784327263 0.0026312414527647167 0.0014694397179092088 -0.0035266141141515636 -0.0017538689665658202 -0.00003789107677552804 0.0000014370069236470825 -0.00012697700840241861 -0.00035839525279701153 -0.001134748794826114 -0.0006931714001734118 -0.02266621532928663 0.40444769858286644 0.591930312554843 0.026727549441914553 -0.17707837420421427 0.03539619569734459 0.05187234131749192 0.18621379425528534 0.04781414774128199 -0.5437749206323297 -0.16215518255874473 0.020220560898401147 -0.0052999522781144335 0.0004876260920232628 0.003619853449064607 0.0014406499113389258 0.00000386643480545379 0.0000035901160432863213 -0.0006595248246021188 -0.004060183287961249 -0.003978681978612643 -0.029846886195023514 -0.11480208314054564 0.11199544198047283 0.32057220985994056 0.12786610704629317 -0.18295657432296317 0.06016748333424898 0.12045480825970847 0.1032837272125418 0.03209978687336773 -0.3842572727286741 -0.13168316908863567 -0.012922017785224739 -0.003786677464973612 -0.002897406158668207 0.00403291703929093 0.002758421210441688 0.000031752941376873965 0.0000018716385505691 -0.0012507035998767133 -0.010500996445350411 -0.006212776997452742 -0.013193251571060993 -0.0048702518127597344 0.11911462713667165 -0.04005133133853771 -0.1172946616933493 -0.06461098984184568 -0.0009211161447117282 -0.04010977712494984 -0.3362630228173951 -0.32604214920324626 0.015203237312881895 0.07338723764384547 0.007475200624195916 -0.005487059601356173 -0.002394920914423755 -0.0002488406918354943 0.00022838454936904278 0.000003190667265650107 0.000019842188357031253 0.0008110098449447688 -0.0025907652045734446 -0.0027168269472438 -0.0036181197200272483 -0.038170844034018415 -0.10182911295492948 0.16598226413402672 0.05211590284655448 -0.2547999579641593 -0.23232183853828298 -0.34540274201456106 -0.6906801509128578 -0.2510714621033684 -0.1955898974158519 -0.08814214305903353 0.0017957254321459893 -0.003270359724600838 -0.0009594331253562381 0.00046417840208397043 0.00002051793007306551 -1.7216658927457087e-7 0.000010859189569886898 0.00018479282272376775 -0.0014140162146948623 -0.0017600265989984431 -0.00488499338017525 -0.06025616221135143 -0.2980681965509367 -0.01005718520547064 -0.18804111578224922 -0.9893274657574777 -0.7949068328911336 -1.227509160200703 -1.2560076866456342 -0.48579040842714183 -0.20749253733569065 -0.0423482018063551 -0.0018133015792260226 0.0025903282750595336 0.00892803172829099 0.0034892619448249644 0.00006870856127785566 3.9018881194684816e-7 0.000004225396978061197 0.00007796380610613409 0.0013847226556025969 -0.0018484220068618526 -0.004710033568595092 -0.011941940595196425 -0.1379656856192063 -0.465894020501081 -0.8037756285104102 -1.3848458801865047 -1.5646932920027552 -1.7381271592023817 -1.0774493296380192 -0.4283354086677297 -0.06388854148795176 -0.005766667991387648 -0.0010560929504491738 -0.0022727872055142624 0.0011908779536848328 -0.00021468462423702056 -0.0002311539104721823 -0.000005101607518618024 0.000010719498743134008 0.0007016860069933449 0.003348192094252289 -0.003481539586433478 -0.0028008549476051087 0.00038717182877025957 -0.018446636850567858 -0.07584833191419386 -0.21610630224729632 -0.6737893714748476 -1.1179541738928043 -0.6688123067753715 -0.19561855476977325 -0.09385025121930086 -0.022261143184823664 -0.007275026204263632 -0.0016369285146814918 0.0003001669127584182 -0.007895556030398695 -0.004327851018903226 -0.00037305797274371966 -0.000006886655897663088 0.000007758204975461342 0.0003126067164468645 0.0022298400016691343 0.008932720426945075 0.0036075342963462 -0.0007353038471920116 -0.0023419852511935755 -0.0070863933918213565 -0.04743904123038775 -0.13195703554180363 -0.18707358414233602 -0.09858569200137451 -0.035017463822652146 -0.026682412454758005 -0.015631335161445825 -0.010095895214991579 0.0004968975589802274 0.00625661510967875 0.001877963539645981 -0.0007939714811126525 0.0001363874765063489 0.000002270819100143675 0.0000033795444078791133 -0.00002693653277212458 0.00017966224345438995 -0.0008342103138609464 -0.02048045498824862 -0.00966608302208893 -0.0029009744228025965 -0.000252552047935426 -0.009075779569936002 -0.03661406568148184 -0.04676709431661142 -0.02887109302787534 -0.025306929123555297 -0.009350387474375131 -0.012508223151178905 -0.023432276280468105 -0.005289365423847491 -0.007632729422323295 0.0007776791195029214 0.0006321002805997357 0.00015294097175444957 0.0000033409765522513146 -4.244925226263043e-7 -0.00038215227918196636 -0.002215744696828856 -0.00004045618694424189 -0.004855231058384076 -0.012420270896733965 -0.0007578255534785949 0.000578951308351346 -0.021557702514791336 -0.022871956010974175 -0.008829313273523612 -0.0017223957822274307 0.012516359013679467 0.008053682042728426 0.0187715288574042 -0.00626103373908287 0.005304398684267273 -0.0030165922325799013 -0.00036799160721990117 0.0000522233675235087 0.000012291117450887391 2.266948816439253e-9 -2.7690387089276013e-7 -0.00023749825194977858 -0.0016021114896127779 -0.0009346297865841943 0.001693599081097403 -0.01134002925051373 -0.0062373041847250815 -0.006973787099330398 -0.03590725236629342 -0.025062815744222405 -0.019321597062678993 -0.02324139519370415 -0.013876701602167913 -0.015530470228476782 0.001980126224658059 -0.001364242572442965 0.0019331649257527072 0.0009840565577250776 0.000508937608203375 -0.000041623551088264375 -8.955337756082665e-7 -1.2645102998162496e-8 -4.313682038313126e-9 -0.00001123965001156007 -0.0005882800097377972 -0.00218298346689071 0.001315993015334337 -0.00282918023484502 -0.0016563736515838713 -0.0012742081389614651 -0.009412831201361414 -0.011980307786136337 -0.01468890984335954 -0.011419736634889733 0.0024937182074721187 -0.0033655234869696222 -0.005775225497092474 -0.0017314177453448664 -0.0019832251440610677 -0.0009272708103650615 -0.000060302688760130194 -0.000007830263985157684 -4.971388863598828e-7 -1.1895963173834706e-12 -1.4996066192800703e-10 0.000004065197777863178 0.00007127358928866209 0.00018143020290723147 0.0004461468263578708 0.00001064625983939705 0.00004831569755871483 0.00027041880201269413 -0.00019813855581450813 -0.002067907831430397 -0.0020477552942261288 0.0015076534700000353 0.004370761145751771 0.0011789023632330234 -0.003339135875579582 -0.001014835546738818 -0.0016385625998547114 -0.0007485704733400909 -0.00003978987416713504 6.160040845777768e-7 -2.7138763614988992e-8 0 -2.9391118205037563e-13 1.5050627817650172e-7 0.000005703357228820324 0.000007817613227568713 9.360977375309273e-7 4.2986119367990683e-7 1.6271341373084628e-9 -7.932317536132147e-7 -0.000012284916663928368 -0.00015894052002603338 -0.00014715054215428715 -0.00003334192570540963 0.00009792361347465984 -0.000011105856937773628 -0.0003624149297534406 -0.0001139297801127781 -0.00009644172669952291 -0.00006569920793775311 -0.000004587439725800563 3.9303084612957435e-8 0 0 0 0 0 -0.000006086409765712835 -0.0002144870700128979 -0.00007519262985478681 0.00022192226204821694 -0.00000408804714903185 -0.00001192883433251992 0.00001807385955101953 0.000015017044491881259 -0.0000044613824016072415 -0.00000781749258657928 -0.0000037189476084568248 -0.00003799242919527254 -0.00007205398545553885 -0.00007273994018318255 -0.0004466642948353112 -0.0003428673958969784 0.000013432415526791585 0.000005543700820944088 7.886178412425592e-9 0 4.336907605280352e-12 0.00004833104534300361 0.0002934298522196623 -0.007511276124073586 -0.015417105267639255 -0.013175056006142452 -0.0025200019402683467 0.00728400808955644 0.012686549775709223 0.007356472950874961 0.003279718216998068 -0.00043120527525764273 -0.00040132111843411327 -0.005646279905720829 -0.002001702663810599 0.0000021664238607578966 -0.01008445452358919 0.0036245038733348505 0.007815000723961088 0.00019120908182254388 1.5575099727208593e-7 0 -1.5401965579240328e-7 0.00037323566270181625 0.003021693652584081 -0.012600622090033077 -0.06618591164887284 -0.08111322116072443 -0.0009235794682009605 0.037761527953904264 0.03262337397378987 0.04452089074225304 0.021209235595443583 -0.006556775348883968 -0.003776504999046293 -0.01024675269991544 0.004072404144143275 0.006912062753085111 0.002376130952476258 0.05108833560065298 0.03611823661850361 0.000626771399131684 1.3923437791518292e-7 8.600737536848584e-10 -7.990839621452794e-7 0.00006821361599796789 0.0005223545668531462 -0.004122868010869521 -0.02940920957448667 -0.04234776376240518 -0.004366112240020498 0.03978963319815257 0.024443032904442337 0.028140444213267144 0.010126871081748277 -0.011404116377002449 -0.009510868055865752 -0.002019742213501277 0.0009621564870170243 0.006221253670459151 0.008641686112213918 0.0200981840793668 0.012735114690133501 0.00014047854979521603 -0.0000020167653349538956 1.0518427473229677e-8 0.0000013782721874400586 -0.00010458869627310265 -0.0006599521134563489 -0.000548307541282044 -0.0010573417043512508 -0.004077239743074409 -0.011907405166142956 0.004053306121938708 0.006735465351528185 -0.010503443002574364 -0.00014272034181626143 0.00034223881051811966 -0.001357462874000742 -0.0034030929926228367 -0.002989388627658074 0.0018536436254756312 -0.0005525511563288644 -0.0006824009940606631 -0.0023471173599137487 -0.0011389732057220416 -0.0000157676275348447 5.604803673340108e-9 9.385017750620628e-7 0.00002780512683059899 0.00010870896076496673 0.0009612965527284669 0.006105996560482731 0.009964295842561864 0.0023441344558789786 0.0058695821877712395 0.015170143538869158 0.023237232259723652 0.022241831300092545 -0.0005830325520733661 -0.005334418615331934 0.0032705137108870715 0.009714092230556907 0.0035456270278000604 -0.00003635466758772162 -0.0009853361706794186 -0.004230570270290648 -0.0028410053618179096 -0.00006444764619663536 -5.519764498694006e-9 -0.000001367191055665557 0.00006347627884653197 0.000028938446463202508 -0.0006035667909150853 0.0018527821766039733 0.006567497785804523 0.012231566187131006 0.004275530212566395 0.01783142842320752 0.03987561723140203 0.028118533012816107 0.008143966149159132 0.008373229427936705 0.004908353519457411 0.0035105649117860706 0.0026290619850755257 0.0020660169785671023 -0.0013189392624135196 0.0013631710317098594 0.0011976528140059432 0.000015071777022445462 -5.564955572468854e-8 -0.000030221302610853958 -0.000016678862493430468 -0.000043420454248772475 -0.0003620316587636935 0.000004094385981300732 0.005587598980643663 0.017708940295856485 0.012574413327639434 0.014663790780694283 0.021764152563748335 0.03596492641208412 0.0469158915948207 0.03417617641154992 0.010847671498387453 -0.0020121945733495585 0.0013712039240687346 0.003039894679700528 -0.0008819923846935913 0.0017177875002641295 0.0014019736221255955 0.00002576431389781077 3.3562063261658525e-7 0.00010595437191377488 0.00028371992429877634 -0.00029515377220621925 -0.0013315616938336795 0.0029436105472582467 0.023935763521490183 0.0458493801844173 0.016138007617024604 -0.02845753919854583 0.03821028818642248 0.052439540275250156 0.060614201733596364 0.05918075142815263 0.021683613188345073 0.004544007918876845 0.0003722089527591705 -0.00005181933448666449 -0.00028755032161365706 -0.0003913856469322136 -0.00028459688958914375 -0.0000051501853349573545 0.0000010589478977301497 0.000307007910035135 0.0008152924961823772 0.00006545560030094164 0.00015657456685802055 0.01123937029982129 0.0360847247367065 0.009888688207063637 0.03730337321249224 0.037204038797839116 0.1525813788073366 0.13070894267350933 0.014148302306080206 0.03193630156632126 0.010752183379497841 0.004226449376630948 -0.00008424353770960877 -0.000058083356683583134 0.0006702672391062613 -0.00009713679352394108 -0.000124110603271116 -0.0000027624241673727967 6.662003795666101e-7 0.00014556386761055624 0.00022904695830814692 0.0001603963445240243 0.0018559592681390525 0.006517135036242435 0.07274175616661975 0.016864393568950628 -0.12686883735142826 -0.07162289700308473 0.10037045931739813 0.09782153709983346 -0.037063340216919975 0.04392652983258924 0.01740035763326363 -0.004456278201177065 0.00017145691125378392 -0.00041675457821973975 -0.0012278003541144424 -0.00002358080387925229 -0.00000647870235216364 -0.0000014229132233337445 -1.742716382200188e-7 -0.00004666171058579785 -0.00014218380464686958 -0.0000735614560406281 0.0004635629112754879 -0.0087010148309833 0.030910661001320488 -0.04499333730427005 -0.1491675851978977 -0.08733349568049818 0.01690219732093663 0.0502414674706108 0.12962552405288322 0.08033260955419066 -0.09468943280402242 -0.036458323717881144 -0.001719843077731177 -0.0007158169301372318 -0.0008360310377710451 0.0008736395243294375 0.0004583984697827423 0.0000048213610547063845 3.4228088692034556e-7 -1.5406884309041938e-7 -0.00018424401310597786 -0.00027131360938812966 -0.00007799224914508309 -0.0013786746384751975 0.00573862417370018 -0.010601000209622654 -0.05641235229452335 -0.031366621462541384 0.04949757122171867 0.09973593397533759 0.06253927905343469 -0.0259510512743776 -0.12145595172307325 -0.03464198655746199 -0.0024844941675434195 -0.00026142418780958457 -0.0004231028897418942 0.0005894777255882645 0.0004073824566113553 0.00000405331979737937 3.8460182331551896e-7 -0.000054248272479282226 -0.001331904832734689 -0.0009844729195610006 -0.00019126839368611585 -0.00008976681850717647 0.017551426072266053 -0.03667394128745393 -0.09195143692186176 -0.00531084974010964 -0.001895074890423636 -0.0030364173576479464 -0.08078460892018424 -0.11960470831467555 -0.034600566199982564 0.0015423045776429094 -0.00033952171991335583 -0.000414478995563171 -0.0013204065049088748 -0.0006107300776449855 0.000043563312186497915 5.99812318882609e-7 0.0000017298475484208615 0.000028539273183928355 -0.0010394201108131843 -0.0011774911644023122 -0.0017107974991659486 -0.00453800639373769 0.011735910201970068 0.009635082376153896 -0.04817988077065564 -0.049579814993121765 -0.06986876229895406 -0.08955365786808799 -0.23872424144281965 -0.13110730369188484 -0.012914261429293358 0.00020477613635847127 0.0009397152095651227 0.00008396931921048618 -0.0004949370528788534 -0.00011654497975020841 -0.0000017627956130376302 4.713919564965032e-9 7.211980608758027e-7 7.329545029522555e-7 -0.00023102252466200888 -0.0009593419123290431 -0.003449463158024393 -0.0034908249738458243 0.002296862588272955 0.04799777266080955 -0.002947387833591074 -0.18936879745071 -0.19258669372373668 -0.17047948806385824 -0.22672995484261516 -0.06787840934567789 -0.005939119888881039 0.000054459322732255005 0.0008506020523849006 0.0005666602428436479 0.0016404128570943217 0.000704030821051583 0.0000069263414273841435 -6.378976882563891e-9 -8.104301104175945e-8 0.00014164360461306407 0.0015922605174198176 -0.000549289076796301 -0.0032761780756787647 -0.00014566834951570975 -0.005303898431686489 -0.028191194948228537 -0.08273770638462837 -0.14643222824740967 -0.12770518558114344 -0.12704767640088374 -0.0724899816805733 -0.022094640515434732 -0.001768573337894833 0.001977807448156361 0.0010186262173528836 -0.0008333400487327689 -0.000319970117676658 -0.00009722297007852304 0.00000266716844840537 -7.988331506275441e-8 2.269020471134481e-7 0.00018154880168205808 0.0020386170201714742 -0.0028681808835616524 -0.002978208881735553 0.0009270954155909289 -0.0012482622036364193 -0.009022247991472805 -0.04487203401036031 -0.04223160081934006 -0.012162026407100818 -0.012228026590360335 -0.007533167704791949 -0.007986103430301985 -0.004190279656569817 -0.0025660098248207223 -0.00022609444853252946 0.0013049344673923763 -0.005337497868788646 -0.002579589698206053 -0.000013789098813206249 -1.7435712371306357e-7 1.1740671084469783e-7 -0.00002474774205007819 0.0006329313537017565 0.004977817043412585 0.002106544415287374 -0.0016587603166015525 -0.002061874008346476 -0.0013122257370866972 -0.016013755880062465 -0.02868395384502487 -0.01231959365546947 -0.007693201356474162 -0.003837458487689899 -0.007851284165029362 -0.0038681008689488454 -0.004490820071227878 0.0006161444147501148 0.004973020757759783 0.0010105656112363432 -0.0009823746152745614 0.000006483217780938094 1.6887775710964762e-7 5.033122959583401e-9 -0.00008551157188513822 -0.00020336580647159402 0.0010339200217365319 -0.012216557493002319 -0.009272054842464248 -0.0024320610844907773 -0.00021984817495965673 -0.0035436933295387857 -0.014950169024266352 -0.02432221522837928 -0.014073785619624137 -0.011391244978066194 -0.004753673318392596 -0.005519049491396975 -0.0117523794374294 -0.0032780450209131157 -0.004808916570886633 0.00033189344254783826 0.0001452781984861775 0.000012665420522850262 2.6755556245313535e-7 -1.8797929524886006e-8 -0.00011187227280203174 -0.0006377090206400132 0.0003638799990757525 -0.00445267295626323 -0.009629454154260506 0.0016511217638920618 0.0017657722251784907 -0.01108505768556899 -0.011487181152149363 -0.004229182635643412 0.0020532302361480122 0.007038590749177702 0.0033963534177672036 0.007406509068624073 -0.004387481442351125 0.0016289046148224072 -0.0028812222093560595 -0.0004858398015362011 0.0000174364772660744 0.0000029691330614927932 3.2289739727496054e-9 -9.09044674184274e-9 -0.00007456122519089898 -0.00040351474291009195 -0.0001716109244541966 0.0004257596170693355 -0.0049919256365931 -0.00018377079613355615 -0.0014475651043554501 -0.016155428763916888 -0.013080151831239827 -0.007663846629311334 -0.006373218415061535 -0.007540040580367396 -0.006260281216156349 0.00010696326480302864 -0.0017177703121354854 0.0007660304180761457 0.00032474752822634245 0.00015517071314359918 -0.000009785270406139822 -7.77358074770323e-8 -2.2284345028156977e-9 -1.0235085248863623e-10 -0.000005165041704326641 -0.00020144436384478834 -0.0006619590191921163 0.0012600347727945718 0.00022247513727062312 0.0004182422184071325 0.00008901776149936028 -0.004376266273324242 -0.005835339017010464 -0.007913059043888029 -0.008304240367113188 -0.0017955953927993838 -0.0015982760467767264 -0.0023677974639426313 -0.0007527042217462484 -0.00021844622247676286 -0.0001321734213155296 -0.0000046548522887791964 -0.0000023170371070387586 6.564660569778483e-10 -7.542003435171171e-13 0 -1.751048586995336e-8 -0.000023673388840113498 0.00005225896675570127 0.00031188381711630425 0.00013979546201661178 0.00010668123313342523 0.00017301245087424932 -0.00006617641193676196 -0.000252808310360136 -0.0003651055100198716 -0.0005776648980689426 0.0006295653671501691 0.0002745987578084199 -0.001222074812885611 -0.00033196832353473744 -0.00005831239345181379 -0.000026332208769184684 -0.0000019860974135845393 3.7010248604061865e-9 1.6920334532902205e-11 0 0 1.100059089536328e-11 4.1446842118306717e-10 5.104438734182746e-10 -1.5567270523649377e-11 5.2351324530104474e-11 2.358426353409973e-10 1.0866273294710959e-10 -0.0000023504605897355556 -0.000027913550082367862 -0.000021332361361226056 -0.000040165097811684356 -0.000015235334694778147 -0.000010781900032539414 -0.00010940229606405376 -0.000030629691865124044 -0.000003339980134326213 -0.0000019260688534009643 -1.5439402654965685e-7 2.967793996069281e-12 0 0 0 0 0 -1.4410136200538071e-7 -0.0000075481749662207605 -0.000008866970678657054 0.000001235727894870441 -1.9029561926868784e-7 -7.778911595815383e-8 5.318879078255722e-7 4.2115577675680803e-7 1.097539352844534e-9 -1.0438953934675382e-8 -3.979043621406404e-9 -6.646933133550078e-8 -2.560378071385758e-7 -1.6231747778817003e-7 -7.895782847229307e-7 -2.767352885979778e-7 1.6342249006923136e-7 1.8602502583971949e-9 2.6194472524618173e-12 0 0 7.359126223732462e-7 0.000003284029814482597 -0.0002328895939506462 -0.00036797877605349505 -0.00013347845277779908 -0.0000323951994933385 0.000020019698542947545 -0.00010207108439967593 -0.00005542729812556722 0.00002323362778349769 -0.0000012689526735958987 0.0000034729725977493472 0.000006434074374621853 0.00003615498567563738 0.000024225780545567233 -0.00001555837910807777 0.00002529415854958381 0.000024943473859018235 2.4980821705515384e-7 4.612977154449395e-11 0 -3.2004395344548656e-10 0.000006010628164924159 0.00005346257207284013 -0.00027298413804672985 -0.0007138876036741249 -0.0006790973788152436 -0.000003195978656956009 0.00015882619950835953 -0.0006985865158630289 -0.00012121375262019472 0.00018895805053235505 -0.00002243317958595139 0.000014199078857959355 0.00004292556319120597 0.00010909272630315357 0.0000177141449930007 -0.00002090246311097828 0.00012161320564298206 0.00008122564293107307 8.096291233318101e-7 3.942971811643715e-11 0 2.4500290148354088e-9 0.000002786236409538833 0.000020169964249699434 -0.00004431225505709314 -0.00014449749062544071 -0.00026551303769986454 -0.0000673691154680085 0.0002543099242747443 0.000044101962797853606 0.00023572765588001547 0.000136016828202681 -0.00005431389030817233 -0.00004982325069152252 -4.497831716187389e-7 0.00001136981672092227 -0.000043022024537245156 -0.000028157005890709353 0.00002519244677130345 0.00001916155618961243 6.990409042702524e-7 -1.565584717173213e-12 0 7.428830346618068e-9 -9.939201366011227e-8 -0.00000463398080614723 -0.00001728862997842327 -0.00002166948713431069 -0.000023799777943423395 -0.0001583692816278364 -0.00003706164570055286 0.0002131846546656045 0.0001585534474274786 0.00003284940624194164 -0.000011742507985757375 -0.000017010185015316518 -0.0000017989813272012385 0.00007304977199918894 0.000036243110840300126 -0.0000059325701799752035 -3.922700233518536e-7 0.000011223532278507172 0.000002778508116401843 -2.020399539406507e-11 0 2.4829300001229594e-10 5.6744688715907194e-8 3.2600227746930245e-7 -0.0000071152826921875346 -0.0000019355057973969875 0.00007000428861090955 0.00001387687571415902 0.00008194219266052836 0.00029966471941770433 0.00025583486085264457 -0.000015776626110278525 -0.00015622981095668844 -0.00007966264197223302 0.00003864739828703171 0.0001215150037743156 0.00003279226716702226 -0.0000071291311988692675 -0.000006549443186172359 0.0000012045648931521514 6.315942379876367e-7 -1.1879905521188536e-11 -2.712558275184793e-13 5.935682875650562e-11 2.3102303112371562e-7 -0.0000012291670433230673 -0.0000068902321448114985 -0.00001346148752308077 0.00003678469190346571 0.00009510972563549447 0.000016348149031994207 0.00008622025127109872 0.00006624058885417152 -0.0001496202297043363 -0.00022325472989464634 -0.00008394956772016762 -0.00003468024490577151 -0.000010775959219061368 -0.000007476991452596638 -0.000004661214781414166 -0.000007990931398655311 -0.0000019465781441223777 -2.1213649246868445e-7 -3.659554051028739e-11 3.75204339180301e-10 2.134363069319117e-7 2.9680131974275756e-7 -0.000004265577602904741 -5.002949082749887e-7 0.000010994507327888311 0.000006396603084586013 0.000012601419106489771 0.000001758318385423717 0.00022999502519238587 0.0005693676094279169 0.0004937157603030113 0.00007055450480727792 -0.00003436050107113801 -0.00005563888205777148 -0.00009636537197752093 -0.000029277246272584666 -6.599525206146528e-8 -0.000006281161753414162 -8.622050652304001e-7 -1.6246294873967416e-7 -2.1848067968714847e-11 2.7135457710231657e-9 0.000001615836698211048 0.000003398225753494466 -0.0000012516717685982758 -0.000011096642154276832 -0.00001888364925968475 -0.000009584214530951426 0.000026347515381839917 0.000020607273010313024 0.0001651119194173108 0.0007276693955735096 0.0004700092341522828 0.000048852572300748755 0.00004780243666876783 0.0000011633873989517234 -4.27539808154261e-7 -0.0000010981233085278413 -0.0000048454674380350175 -0.000004502379673207002 2.238984716160795e-7 2.0436253758177077e-8 5.202657061518662e-12 8.452600010778902e-9 0.0000020676498075705053 0.000004389962626954161 0.000008009767044978258 0.000005591316288807085 -0.000050927367605343364 -0.000015563307032844034 -0.0002968910273368886 -0.0004532525614949267 0.0005407592134331207 0.0017282533003434044 0.0005782995012423606 -0.0007997041299918262 0.0000998664055297737 -0.0000466548478179703 -0.00003771740526987769 -6.158387811166033e-7 -0.0000034666514317146064 -0.000004587657643880283 -1.951714151396766e-7 5.660999215411349e-9 1.0177096703968517e-12 8.113188665755959e-9 0.0000014977748856907024 0.000002087881251597459 0.000010003185293369719 0.00006506728928009695 -0.000005451656181992506 0.00007658327931825025 -0.0030972439639497863 -0.005614077531801246 -0.001133222908146046 0.0017460773732735262 0.0007562257266496302 0.0006792915049650762 0.0022516243139334606 0.00035966379058391385 -0.0001091490789184504 -0.000025353786598304422 -0.00001473854377531268 -0.00002695704154200962 -0.0000028704715988667417 1.0239964987347124e-7 1.4722330118740974e-9 -1.6125530025059705e-9 -4.314105251993553e-7 -0.0000028316629547029353 -6.289534028534659e-7 0.000013605727271267017 0.00003766471954707784 -0.0005835464075376745 -0.008451092147629045 -0.008554016044681385 -0.00223035541647369 -0.000017957910940249642 0.0013085565012805965 0.005102488051317805 0.0056319893267374015 0.0003918890087705611 -0.000056736366097405504 -0.000026895416948899925 -0.000005687338292030885 -0.000011764657499863134 -4.432266387554403e-7 5.255899016413888e-7 6.404652238357345e-9 -1.392547146160499e-9 -3.703671953514611e-7 -0.0000023458330863661173 -0.000002333977958690231 -0.0000067375767137388594 0.00004999927643590067 -0.0005649878201953024 -0.003137017771568625 -0.001723772658514991 0.00020112260029892974 0.001264664972462849 0.0026225853331370338 0.0022486138061574763 -0.00006967488658234507 -0.001199123664938154 -0.00005653855513567252 -0.000017559843785464374 0.00000639796639019669 0.0000035555220477923563 4.736608628884011e-7 1.8788439242335126e-7 1.7412074034610079e-9 -2.5285858044184955e-11 -6.689604982285023e-7 -0.000008858325581496134 -0.000005734339820654831 0.000002399908969792315 -0.00002110783273528932 -0.0002102339792366587 -0.0007289984122907767 0.00047572248429885155 0.0006792547955924015 -0.00012028411307297862 0.00020753726754074882 0.00024849902178631327 -0.0007767323843054712 -0.00016740691572938315 -0.000033551698561036834 -0.00002476006722871968 0.000003318742383816039 0.0000012030374523721838 -7.12660118173297e-9 1.2806352335364154e-8 3.5100159391726307e-14 0 -9.162513380249098e-7 -0.000012353801154764071 -0.000023228509319866198 -0.00005130710151243669 -0.00009938227944680988 -0.0002554295354496547 -0.00011264139260342649 -0.00011091754013338929 3.588052744555963e-7 -0.0006280053701713014 -0.0005276229446240065 -0.0021071450317976734 -0.0010597333988549079 -0.00006048367815255941 -0.00004800249293592764 -0.000016042333828042415 0.000004768399524840954 0.0000016698194650387088 5.568579699033704e-7 1.8004706461360407e-8 0 0 6.614945840563025e-7 0.000001158092826375527 -0.000032142552948113226 -0.00009969917949856316 -0.00004777829567690727 -0.00015922865679402702 -0.000004280637230981346 0.00010496338376012093 -0.0015616280203966195 -0.001823489708372161 -0.00014920531104915601 -0.001138470882473105 -0.0003836942813195563 -0.000051245750147233774 0.000033248378388675845 0.000006643698179235107 -0.000002045429428566379 0.0000019155560776321578 7.524363505044033e-7 8.946369029576066e-9 0 0 0.000005296309057987761 0.00004160117924613903 -0.00001671189338513645 -0.00008048477632151624 0.000007077753693357585 -0.00003968923355252734 -0.0001520175866062188 -0.00025818439494490746 -0.0007040785766049954 -0.0008692474245735431 -0.00011534726376785477 0.00003452399532772526 -0.00022044679313321284 -0.00017977247653162815 0.00004300067835451307 0.000019731030658073947 -0.000008798139323054466 -0.000014884765606347239 -0.0000054488302654677395 -9.01936189302755e-9 0 0 0.0000022427389415662456 0.000029850582581380317 -0.00011807326543118928 -0.00010828898581802781 0.00002318465608647627 0.00001257371980116295 -0.00003911948265673649 -0.000670836634415152 -0.000628914993694917 0.000030737571572349306 0.000049533440150073264 -0.00004531101557319733 -0.00017042029353855225 -0.00011416529694870684 -0.000040612925666363775 0.000004596115515606626 0.000028624186453834064 -0.00011850535770507882 -0.00005533738191060306 -1.0721215285835224e-7 0 0 -9.100202569052637e-7 0.000008608167695945081 0.00009258854363070825 -0.000003912541843825873 -0.00007820682254602878 -0.0000643799555847647 0.000013166549266487237 -0.0001623641754327268 -0.000497438151426058 -0.0002924626624596791 -0.00029045256033643574 -6.230696333010892e-7 -0.00024245077139596052 -0.00012178146099469349 -0.000050861900463282314 0.00003284072147501144 0.00012009158184779585 0.000009910060603555357 -0.000024275292906284748 -7.109090659024434e-8 0 0 -9.518548040525458e-7 -0.0000016754556722008063 0.00008706761978982488 -0.00024408858700944338 -0.0003309406322988011 -0.00015320892502106092 -0.0000026011127277069994 0.000013003141813908455 -0.0003008042864019105 -0.00040697016517057333 -0.00037419920385429887 -0.0002810120076679803 -0.00006954681078385999 0.00002585957284462678 -0.00009785400899490473 -0.000021558649841502887 -0.00003342972586945329 0.000015810593776431292 0.0000022021678454148814 -1.35495064100118e-9 0 0 -2.75987075372927e-7 0.0000016334690512870224 0.000007692285400523312 -0.00014358031677113832 -0.0002507521741813103 0.00004529484343394084 0.00007753602080938279 -0.00004171610566466107 -0.00022439163303861117 0.000021993192326699662 0.0001236787769993006 -0.00009459181326028381 -0.000028741381362748328 0.0000616518381503041 -0.00006971737393390264 -0.0000010004157502187468 -0.000046195951928354394 -0.000008579779908309326 2.086423906525084e-8 2.632096920960026e-14 0 0 -1.6137428573751386e-7 0.0000031766600432457357 -0.000007244310456157372 -0.000009071105604268868 -0.000019210784074118695 0.00007156841905076999 0.00006697392660743405 -0.00010237585102532887 -0.0002807262076281063 -0.00009439449190876646 -0.000004094159139110098 -0.00034326369692887584 -0.0001720973819653277 -0.0000394643142427247 -0.00003884703986731011 -9.535430348358046e-7 4.922238005136078e-7 6.372484692021759e-7 2.566289246478054e-8 0 0 0 6.899067289681452e-9 6.856083368116678e-7 -0.000004392516574089199 0.000028016807325810374 0.00004515446544642062 0.00003678913185256061 0.000019358094120321132 -0.000040788286525464375 -0.00009803427653598941 -0.00015289076260152385 -0.0002181753950934311 -0.00011734072819928601 -0.0000465225061673374 -0.000014692776629326356 -4.297813559692087e-7 -3.5545567938749653e-7 2.537453961005474e-7 1.6472288180507287e-7 4.920327924053265e-9 0 0 0 1.5320969119958267e-10 3.329645984155884e-8 0.0000014824378241644364 0.000006002449507604395 0.000003932612429566973 0.0000028828438632284208 0.0000022464177292561674 4.002750002973192e-8 0.000010120936441778065 0.0000044415455127511985 -0.00002967990511907656 -0.000012039273540340977 -0.000010882589416285317 -0.0000069605456798497594 -5.701454805504994e-7 -1.8927203161699834e-8 -2.405960409732786e-10 -3.6095057128254354e-12 4.017505239734848e-12 0 0 0 0 0 0 0 0 0 -7.150639464013863e-15 3.3884330986438376e-9 8.019739468516575e-8 4.570919477828917e-8 -0.000001347303196807274 -0.0000013747830162425102 -7.849620614489533e-7 -4.50511813665387e-7 -9.328222236870604e-8 -1.3113595341371206e-9 0 0 0 0 0 0 -7.894906674388492e-9 -1.032449791263655e-7 -1.680351958989277e-7 -0.0000013330352677366594 -8.506929096579843e-7 -1.145028833664488e-7 -3.640423728257826e-7 -1.626055105332491e-8 0 0 0 2.2746562595204606e-9 2.21323729188067e-8 1.2237932897671493e-8 3.428209856247908e-10 1.9667288834810174e-9 -3.484483295520499e-9 -2.9418092673333005e-9 -2.3379024053945314e-11 -2.742411798908682e-13 0 0 -3.943187472255862e-7 -0.000005128337275222179 -0.000004956990843691191 -0.000017953296995266266 -0.000011075222115750126 -0.0000019272856667596937 -0.00000633644849363195 -6.050082362363541e-7 -4.656389070897583e-8 -4.559256678191769e-9 -5.0631686883809575e-8 -3.4491755189579235e-7 -3.8695452921256644e-7 -4.7548634914434667e-7 -7.752160079388992e-8 2.5532910099787375e-7 2.132603695014046e-7 1.7452792392101713e-8 3.114230741327594e-8 9.354241587114538e-10 0 0 -0.0000015901267461338755 -0.000019534389171485622 -0.000014029114384072249 -0.000012464986663784032 -0.000007507229984942865 6.941168997468356e-7 -0.000005645671497464089 -0.000005941775431917553 0.000008319250199064848 0.000002415348655550197 -0.0000011126088934553248 -0.000008299535272224019 -0.000004593498526240986 -5.389680067118177e-7 0.000002951134064205652 0.00000230139876255362 9.9133513463317e-7 0.000001346311188099121 9.619294153071438e-7 3.316230159025632e-8 0 0 -8.273870705799493e-7 -0.000009570319925328938 -0.000004342597272405162 0.000008797263729175536 0.000006477585639737103 0.000028757895302760615 0.00003644725208587438 -0.00010134045537830706 0.000043432817595514125 0.000013855665406370812 -7.992224313577087e-7 -0.000013873152359291547 -0.00003294163227377054 -0.000011742130483972157 0.00003923870724232189 0.000025684795342094125 -0.0000013438359905752263 -1.3678062891545125e-7 0.0000010871160388648084 3.8682426598004856e-8 0 0 -3.032291326312998e-8 -5.486404288122076e-8 0.000008860862570368102 0.000037250056204675555 -0.000059658034416440045 0.00007898259438862579 0.00032622196566391674 -0.00007591380491777451 -0.0001185284253444755 -0.00006792396389176029 0.000020271579159283756 0.00007321982353972124 -0.00003324488166400971 -0.00010759696550235811 0.000037240560938886475 0.0002681044176752581 0.000038556048811107454 -0.0000013750310342197418 4.271107964299207e-8 2.117016906962377e-9 0 0 1.5462297568131396e-8 2.8040777099011036e-8 0.000007679886623516518 0.00005458442146584485 -0.00008314934361175461 -0.00017684572326166014 0.0001574935616368781 -0.0000017596361904261785 -0.00020603165078643618 -0.00011115200085355586 0.0001133900101746395 0.00009948838164914217 0.0000026295106072538956 -0.00025719874568795847 0.0002336372233579008 0.0007336027952198409 0.0000994861156169095 9.601616701346147e-7 -1.354529936514101e-8 5.171658912963532e-10 0 0 -2.9978324842486415e-8 -3.4106541978607366e-7 0.000004423949684198125 0.00006935485313426704 0.00016807179315288365 -0.0000729146258159333 -0.00004500710799188464 0.00010450444475320815 0.00008232071867362235 0.00001486032347607002 0.00016681209653559605 -0.00003691941841381132 -0.000019613189030184416 -0.000027053830027628508 0.00037959865392736216 0.00042339561791868553 0.000028031538996938617 0.000009878615744744947 1.3546975199773867e-7 1.856931844681099e-9 0 0 -2.277780268837588e-8 -4.100222967958301e-7 0.000008880969668347551 0.00009234464354143315 0.00008391479412903099 -0.00006974161558768546 -0.00008670317913231346 -0.000033370636478251696 -0.00017729662216475626 -0.0003644132694257011 0.000024720271137069533 -0.00003783094341911698 -0.000009677535053105446 -0.000036379034844579226 0.001018269542836883 0.0008538161223157306 0.00007092541894300091 0.000019156460215559093 5.0681560688188325e-8 -1.434886973095611e-9 0 0 -3.2315750717909385e-9 -3.040159092239701e-7 0.000006350952053171636 0.00005449955810788849 -0.000001154396302593267 -0.00009362838014277138 0.00005901929703452836 -0.00009438119036353 -0.0003315701986610713 -0.0004060855911050234 -0.00027757872835944167 -0.00024375391367080759 -0.00004928668491772622 -0.000015828671741398425 0.0011836641471860963 0.0009245440886499546 0.0000342046261414018 0.000006766802167329557 -0.0000021894932457151223 -2.1962885992308714e-7 5.178167029817506e-10 0 1.3294426624634413e-8 8.656690491173108e-7 0.000005959223262569377 -0.0000135285760656317 -0.000011845867731291268 -0.000003957186605470295 -0.00008961123184901472 -0.00007733060095124563 -0.00023831071128859032 0.000005636716041730859 -0.000492534114805764 -0.000583959928536491 -0.00003938509635058875 -0.000018381530816327375 -0.0000991997568122901 -0.000624027604101847 -0.00007413915256849603 0.000009845543588870209 -0.0000320904584590926 -0.000005150993748069746 2.497112153447009e-9 0 4.9936101859033016e-8 6.263466665633508e-7 -0.000012306006162042341 0.000003933772913842706 0.00010827389940059623 0.00010898599678413069 -0.00003671095281983703 -0.00009814938424465024 -0.00007569583133835144 0.000040826306901789896 -0.00021064959261462974 -0.00033720120693838795 0.00018427804711647886 0.00010548372294676321 -0.000030669883419358676 -0.00013979122067036266 0.00009512854462866373 0.000021743048544512806 -0.000024507213534619773 -0.0000037356827845452655 5.641975559656719e-10 0 1.5231499459276566e-8 -0.000004592725768898072 -0.00010039843049603571 -0.00009720419187858397 0.0000128421756812001 0.0000412863785390877 -0.00006460696823538789 -0.00019275300136585338 -0.00007460062242462833 -0.000028633811108244865 -0.00010152882210317089 -0.000027166487235880152 0.00014509816568427565 -0.00006575403651743271 0.00005540074705289601 0.00015912018288832914 -0.00003674208111427263 -0.000011971004265805441 0.000007261689711861111 0.0000026990644157855056 -6.995136741277068e-10 8.471765518055271e-17 -3.587239436684867e-8 -0.0000032852774954191173 -0.00004123241861982127 -0.00008882629997063608 -0.00010505421040770577 -0.00005495425892730599 -0.00008838332301134045 -0.00004175461721419583 -0.000047302691423934724 -0.00003634505181587425 -0.0000762380832643034 -0.000032728774755858944 -0.00009431169808135628 -0.0008320243830663811 -0.00003653427917322012 0.00046215460798009584 0.00002551506663604045 -0.00003394139624535421 -0.000005239231237268414 1.405672005226244e-7 -1.849526908381412e-10 1.1302512737496596e-14 7.038768484665811e-8 5.029825710925036e-8 -0.000012238444338243314 -0.00009350604877458567 -0.00008802364157540014 -0.000011403575623243363 -0.00001210043188244949 3.4888905538611267e-7 -0.00006780414670569072 -0.00015664373292824892 -0.000043483292697853954 -0.0000016295542068964393 -0.000038750276256720286 -0.00039857653379951386 -0.000010942166538687601 0.00020398396780989072 0.00003164632939067351 -0.0000033064114053383515 0.0000012017101579343398 2.341875286206861e-7 2.6862930264952853e-9 2.256113074132102e-14 3.018613115613022e-7 0.000006044180870091607 0.00000357459974207031 -0.00005455498648808157 -0.00005706169336740175 -5.630450612836292e-7 0.00005140730889739733 -0.00024523002382664675 -0.0007869145031699285 -0.0005286257864227301 -0.00017447862365965595 -0.00009102984008162503 -0.00001218637841730977 0.00008344175846673868 0.0001229183707569454 0.0009601373794559685 0.0007073587987244435 0.000024939421393695287 0.000002462347900214345 6.02923855165747e-7 7.598618168258069e-9 1.4648898702048774e-11 -9.215525946510345e-7 -4.940574161103029e-7 0.000014318648096576205 -0.000010823301157196277 -0.00002614232979603366 0.00001187368404645025 0.00010001907837879932 -0.00031640485142757217 -0.0008080732908545556 -0.0007326746943553756 -0.000676843501689736 -0.000750543308504771 -0.0006156227546342679 -0.00004583248036446807 0.00022561080408244302 0.0015515619004962864 0.000915645297666551 0.00002560878966682922 -2.5577540337842186e-8 1.0031178800765558e-7 1.3342670064543783e-9 9.153591182674495e-11 -0.0000034600307070345903 -0.00004088389056989772 -0.000005535108727840313 0.000054765503525832224 0.00005438388376928659 0.000034067794504605665 -0.000007895168518856548 0.00003746801326846035 0.00014834761338723812 -0.000213944066975303 -0.0002175521828419465 -0.0002940712970924402 -0.00029066016815544046 -0.00004398440431528607 0.0006368233329958956 0.0016761956027259812 0.00029497749322852034 0.000003136526198589998 0.0000011950760831459725 2.139029097888759e-9 0 -5.015945366002371e-10 -9.540708997213835e-7 -0.000013985442807454836 0.000007291574510851358 0.0001423543957636502 0.0003442854402781511 0.00015990318067891728 -0.00002897779125859397 0.000021704321376660484 0.00010811902267256123 0.000037664290927912055 0.00012460996563970201 0.00003803004335478291 -0.00008989662322818292 -0.000011560079298804998 0.000030589318849812914 0.0002957725858580633 0.00008607075382315522 0.000047454277506544846 0.000019218763258825667 2.9853606268837025e-8 0 -2.6683611647110855e-9 -1.3393480639895265e-7 -0.0000038093405414644693 -0.00018827688798134592 -0.00026217716137411003 0.00030536383492268645 0.00034580123416699744 0.00009997994373218512 0.00010341432196564257 0.00009071588367333777 0.00008294105969373207 0.00009346150412068029 -0.000003741138155284877 0.000026627678937462512 0.00029488493647956157 0.00028691525628752235 0.00008508617431554647 0.00010828435198041295 0.00003325155827672458 0.000012719602083543952 3.286872949351956e-8 0 -2.4487623338576366e-9 -9.170020488908081e-8 -0.0000030097515843400754 -0.000030367946687849216 0.0006168662147968578 0.00041401776908291435 0.00009113037792864703 0.00003820381802982582 -0.000008275277520007198 -0.00008690100458040425 0.00001948794656707808 0.00022679412429367013 0.000017242392811443527 0.0006920217443104883 0.000840604455718399 0.00004265703606245292 0.00007296268539202858 0.00007859969692273173 -0.00002842562138691037 -0.000005942070001967925 8.210113900754205e-10 0 -2.6706360263331114e-10 -3.97660520206436e-9 1.9316910240400327e-7 0.0000935693920502585 0.0006293662000234888 0.00047512499488472164 -0.00001870335755117278 -0.00002381113236303903 -0.00002335283725611784 -0.00005730157174216315 0.00005429162318891474 0.00004664899914709561 -0.000011954713311985316 0.000924807601170681 0.0013520982748617824 -0.000010089833938817119 -0.000007175387352866936 0.000004363636891103498 -0.00003420477186108348 -0.000011532369988888965 -2.5118308288529703e-8 0 8.939756851770606e-10 4.992881637305065e-8 -1.9959428251715157e-7 0.000001011514459318966 0.000028851319417566536 0.0000530238131498996 -0.00001741361884388499 0.0000015597291560134373 -0.00002257055839700881 -0.0000469979742450676 0.00009596233027936484 0.000008231663390174617 0.00002594610814003497 0.00008522697063382634 -0.000059808300625927446 -0.000052314881180770015 -0.00001177065350567213 0.000019989968650777076 0.000006073326678467534 -6.971092357117125e-7 -4.56531748208963e-9 0 1.5277241533589903e-9 0.000001279423782520129 0.000005063490196197153 0.0000011918018466764124 -7.498307949510752e-7 -0.000004776064727885317 -0.000017813593122389592 0.000002638594209489182 -0.000012354709195359313 -0.000069788727049866 -0.00009373494482784741 -0.00003484005515199535 -0.00003986568970896523 -0.00002342940833425963 -0.00004867728500978697 -0.000020961779512337435 -0.000002011523747545247 0.000014625116515960078 0.000006564966856188526 5.742610144571468e-7 -6.265836376882065e-9 0 6.826718575363681e-10 0.0000022019178648179815 0.00000959715150677932 0.0000025966296580925426 -2.0940099574731915e-8 8.251350098101371e-7 0.000003287838121153186 0.00000583882400448871 0.000001195321293313998 -0.000032131520906066316 -0.00009029628767930914 -0.00002827006800106849 0.000014635324735559064 0.000003904822961534756 0.000005191173517804334 0.000001579130066244103 0.0000011348797931412425 0.000003061607065287002 0.000001731409206454436 9.416803133584783e-8 -1.2573204457608982e-9 0 1.4359810663369496e-11 2.3088967657144042e-7 0.0000010701293083886392 3.055444587551425e-7 -3.1675245712855124e-9 1.3213787404031927e-9 3.061602441915583e-8 3.122669156860972e-7 1.0677857269336888e-7 -0.000002028954179094899 -0.0000034139611741390212 -0.0000010109289928607573 0.0000014051579147846355 8.491074446621584e-7 1.1844087297781042e-7 2.0787877320742705e-8 1.66143029815804e-9 2.50018354265784e-9 2.7281862524120584e-10 5.601667400746762e-12 0 0 -3.8144217168613143e-13 -0.0000018997248250315782 -0.00003160840856709612 -0.000031305996636569326 -0.00004839896644208181 -0.000033138626107023615 -0.0000037926863589124586 -0.000008826874480816678 -5.876491980596646e-7 -0.00001292607287914746 -0.00002111209458963084 -0.0000019764332005045928 0.0000010941303517258493 0.000003924684274779259 -0.000021385051891972093 -0.00003293275163776648 -0.000016980864595562025 -0.00001700686989019283 0.0000028242613268924016 0.000004174251304733582 3.836135466603453e-9 0 -4.2012610870684954e-10 -0.00006449128446053247 -0.0009190549688596136 -0.0007760967169800016 -0.0006747919457668231 -0.000506185720115517 -0.00017307090075431466 -0.0001793117086892152 -0.0001473211217369618 -0.00026160328165040196 -0.00025090830363883856 -5.938210531474385e-7 0.000044089496892032665 0.00003173416400923301 -0.00026661492435487745 -0.000246679713657715 -0.00005361533337959174 -0.0001352051909822209 0.00018924614488241182 0.00010320726594811225 -2.9601983101877017e-8 0 -5.41363662533275e-9 -0.00012894427791829854 -0.0016749924336339596 -0.0012888003061611475 -0.000641966252872411 -0.0011411482490634745 -0.0011894771422473198 0.0003521146761481686 -0.0004877588931564417 -0.0008181870467448204 -0.0016334575066773267 -0.0007931952132662077 0.0005803730739138117 0.0001436773004230801 -0.0008657083406784407 -0.0003878830122929144 0.00022604683381324974 0.00011244476489186409 0.0006117080786961231 0.0003090354937876029 0.000006224694702988814 0 -1.7584817685346325e-8 -0.000053608023917710524 -0.0005133381170537697 -0.0003366928418652963 -0.00014016044289094542 0.00031172066446744296 0.002935008648168201 0.020786195246596157 -0.011474235807718811 -0.0059604330753912855 -0.014732360550938444 -0.006359287802083132 0.007977959785086797 0.01571938139346739 0.008533901001820436 -0.0001447279202958822 -0.0003435201115875979 -0.0004580299944902776 0.00025261377233300696 0.00024129574431201948 0.000008758196149929064 0 -7.81733094815888e-9 -0.000006402399160295871 -0.000011078432936039049 0.00040843240511306047 0.0013112285858132048 0.003168960901712519 0.035653491989238416 0.08150232953305979 0.004046537678155991 -0.012824160839962023 -0.014300042275738502 0.0030410009394713803 0.02353248420938605 0.046658909067830864 0.012302715140992689 0.0077005819286112736 0.010609497542985574 0.0012479377390480944 -0.000049164611669260285 0.00009621942109823423 0.0000024386080559797142 0 -1.0714002991174991e-9 0.0000019067335285558274 -0.000002843153564116239 -0.0001377237530887492 0.0060846728109514095 0.03751071199663318 0.042941347170155554 0.03743561019271332 -0.00526871299771728 -0.018979709177646777 -0.007447604392138981 0.004356086617028614 0.020022452300219616 0.008049365736298924 0.016053864980787143 0.07095055609117944 0.04256780685410416 0.005251476282476833 -0.00006861399423975704 0.000011400701950501247 4.776262673964849e-7 0 1.9709761490842074e-9 -0.000007859611448292404 -0.0003390060267863466 -0.010788876868758127 -0.008604939008545134 0.048227728405878655 0.025081071068914586 -0.0006071468176586859 0.0002166434068194938 -0.0009240037075804962 0.0009878984891286812 -0.005042571221487297 -0.00769331928134974 -0.016142145084212963 0.024874654657613935 0.08390680512132621 0.03563950675816735 0.0019343661156371065 0.0012884984612214767 0.000032243405705771966 -1.288427641150762e-7 -1.8045033117154932e-9 3.7996064528220346e-9 -0.00003802901654699966 -0.0006112867809208723 -0.01188280077204283 -0.01714866812678668 0.005102062455700227 0.000049888795967896636 -0.0057990693980218685 -0.01499015641655379 -0.018832923916805168 -0.047365953003676284 -0.01307428633920808 -0.005811856695809903 -0.006123134682059426 -0.005199327040062049 0.03534737343140066 0.030033705165067717 0.0039336668198941185 0.0003084486032448304 -0.0000028226378953235766 -0.00000876717056652134 -4.712362481648886e-8 9.452199951617794e-9 -0.000013740643776617724 -0.00022577599659007438 0.0001740358265333929 0.0009043479965766669 -0.0018502060089571756 -0.0008584344438638764 -0.01111677440003573 -0.019756737533566528 0.011295995764801062 -0.04139310400368473 -0.033255299948321784 -0.0152580645034585 -0.0025896717786361816 -0.005163120775723796 0.034085618952947545 0.02766152323889979 0.000621915206922425 -0.0017540258866292069 -0.0005176403415621284 -0.00005304688048155251 1.7381690815340115e-8 -5.798933611821565e-8 0.00007388894926541381 0.00038287060015663305 0.0005963675204417628 -0.0010479499737101868 -0.0014847802002407892 0.003979711099392979 0.002380691257293034 0.031035521063449843 0.048394937910123816 0.018640841174306977 -0.030848669566260797 -0.042054443863448025 -0.013258369879039963 -0.00896684332936579 -0.011639585858950488 -0.03794699287866666 -0.004746873284855179 -0.003936658323641794 -0.005028522386459423 -0.0007738621927747618 3.470746037453111e-7 -0.0000075551623565687576 -0.0004983133979972971 -0.0009028887643631991 -0.0014887829256975272 0.00041013588983342185 0.01158052489364417 0.007814013680475473 0.005471571000358108 0.02005103722642788 0.0223948501505583 0.024259779925865678 0.0019773388635545537 -0.029174684679733855 -0.023099878532312382 -0.006586486689741713 -0.006044504155718113 -0.024658127833882555 0.00021118884913559413 -0.0004969328635297361 -0.003147915613035753 -0.000610953202559832 -6.908905587501208e-7 -0.000008025128749086982 -0.0006305830607226163 -0.0021720473318636957 -0.004306368092620625 -0.0024947344205482544 0.006579137336348868 0.003936178197360581 -0.0038435061673479545 -0.0032547757477530536 -0.0035045504964826427 0.00006266378199994575 -0.0035196603273148983 -0.00414633135002912 -0.014105611468344034 -0.04116072753478754 -0.012678627478367682 0.00939479329934754 0.00020308038968507654 -0.0020546895923907274 0.00015645630861524295 0.00040523684495630095 -0.0000013484403834462783 -0.0000011253328928841954 -0.00028675085558223603 -0.0017128005433014461 -0.0032359339081271315 -0.0006323692688379943 -0.008453934113067127 -0.0063621529348653364 -0.006771046126391876 -0.0027374473315704665 -0.004671296255991494 -0.0004158008273561643 -0.0009909744847322593 0.008729725371398612 -0.009767588271452519 -0.1217514769872201 -0.04081692310635302 0.04120454844493917 0.006643253891845794 -0.018195544303587316 -0.010688637056860607 -0.0002270692509765709 -6.047980123809993e-7 -0.0000216179312100344 -0.004408837987619433 -0.011197048921988646 -0.003993311652744118 -0.0014541100823812767 -0.005309785518365347 -0.0007668948529290299 -0.0007558845326287456 -0.003471910715023225 -0.00741876534557862 -0.0014853897873555154 0.003439570398378796 0.0038161617167789216 -0.005094912878828809 -0.037896315394480226 -0.005399593112347311 0.021138282414453688 0.019779858596495146 -0.01906638092434484 -0.015093313051864761 -0.0002822779263202613 6.434319837989086e-7 -0.000025172155323067395 -0.004290888390674901 -0.006442069289534797 0.0020224513893827524 0.0008021873020029702 -0.0030653590575780757 -0.0014674542851228396 0.009171230610959315 -0.12117079879365915 -0.23266247782580746 -0.05494285218484721 -0.0025976799417646696 -0.001200369318651797 0.001067036792000179 0.002033899756704521 0.004820112177518534 0.057015254813102545 0.0670900845748806 0.013980924964790278 0.0001288152932112239 0.000048834786841839494 8.752901542566314e-7 -0.0000022947718430440754 -0.0010729686564529778 -0.007295579095082099 -0.0021114562550616986 0.0010352069109062568 -0.004686791427430791 -0.015078422287265482 -0.012938037582227117 -0.14963421684684805 -0.2995993185472892 -0.10916863902516524 -0.023722526085499646 -0.021441621802677998 -0.016979660969777707 -0.0025232507030434298 0.012496337018801394 0.10209792520895244 0.06906300433397027 0.0037028036341602575 0.000717200122540633 0.00011855494048691074 2.8739001413866277e-7 5.3193384478127846e-8 -0.0023469559255163107 -0.02928495937886694 -0.019844608135039042 -0.002419626481895728 -0.0010676089205484134 0.0021940770566989828 -0.014414245390881387 -0.014833320712386406 0.018157529745074622 -0.009226960581653662 0.0026034779483702667 -0.002495930652098727 -0.012422810531655235 -0.005764364823285484 0.0039728744167253985 0.04979529464713694 0.02042709989409219 0.00015830620891361355 0.00025713024506934513 0.00004679760667060106 1.7707154852781809e-7 1.1020004618370844e-7 -0.0011959912643588904 -0.018844941726804256 -0.013036361758620604 0.0018558694194683398 0.0036739127372967637 -0.001106151065049451 -0.0022732123644359924 0.0007034929702325971 0.007177483738386681 0.00557797233369051 0.011142287245532977 0.008339989144838154 -0.007203789816637607 0.0011645111476088746 -0.027673967057401088 -0.06204060336986323 -0.004632485456575244 0.002760085946098485 0.0010504442990708393 -0.00001778285577187624 -1.22166195911042e-7 -4.7540122596436655e-8 -0.00017245645588548393 -0.002840732512294342 -0.004836828905341312 0.0016036916717827882 0.012036914974211858 0.0074435925474948105 0.005225084774508094 0.008915456510800147 0.006303557237309629 0.0005249057002572508 0.005183404152350515 -0.001516760667632481 -0.007761632230702064 -0.006103359057720544 0.04444133602258965 0.02405778294007288 0.006260878686843989 0.0018312369818713388 0.0006060692175652936 -0.000014867358792550786 -5.633141195737358e-8 -1.2106300806886392e-7 -0.000011216667526854307 -0.0003179184574945059 0.0071037450124875005 0.06665228770238185 0.028304414351837056 -0.00008132745112662442 0.010918464447448484 0.009282477066658605 -0.008632660257393125 -0.02941809061861259 0.0016498777906822503 -0.006390446931079872 0.0074848213114688 -0.11369138849598669 -0.08729316655853729 0.0033090319373482624 0.0053985389836682905 -0.0011397449556173923 -0.00028383653295432367 4.350373712639377e-7 -1.0291850562823149e-8 -5.2301479861238256e-9 0.000006473690530444262 0.00001160289574121452 0.00660698250836729 0.035684465624731806 0.010757805654831021 -0.007139146907447732 0.010709802184183066 0.003926443435275363 -0.008997845302147894 -0.0158258047287864 -0.010706543868722057 -0.044803105656990125 -0.0278564424091279 0.021278582624979565 -0.024895453755524162 -0.0028140549225416315 0.002769880792421202 -0.0004133703002709997 -0.00020118775653489576 0.000016198290226772956 -4.159743502418602e-9 8.224709671248062e-8 0.000014232137522035599 0.0000536918210205004 0.00000395037888951251 -0.0017798605516814176 -0.004124160778780834 0.0012821738630922452 0.007317306663707502 -0.00130056028154772 -0.005204393814842474 0.0013461017473950772 -0.017185034705140333 -0.04654148251233166 -0.06215504839829443 -0.015789471754479582 -0.002431738295714607 0.0008219867168362889 0.0041457107704578255 0.0010086970140456997 0.000007871096265063923 0.0000058659813210592946 -6.5698517986074276e-9 5.16494185533652e-8 0.00011127818085212634 0.0005171932150948218 0.00017492756840157522 0.00010090930001291575 0.0015227310094627622 0.0037739531669214055 0.010550679571929794 0.0037326713550487785 0.0025466091569621304 0.004135237303638343 -0.009336641453283374 -0.014210646285093788 -0.013485550805075365 -0.00506966032183792 -0.000843102765021184 0.00043479303926235004 0.0014403619283532548 -0.00017942004057699973 -0.00020625258850118754 -0.00000125249877240245 -9.986404598127062e-10 1.775369755919022e-8 0.0002103237674846097 0.0010332334208236309 0.0003268078069538653 0.00000447919868765113 0.00012635355087043185 0.0014831499770927333 0.007244426997957108 0.0033048675999350764 0.008438718118920356 0.00598562132125511 -0.000052983754258646735 -0.0013669032891641618 -0.0011673723652973968 0.0002484895636767385 0.00004508358031143076 -0.00002072277858676686 0.00008918863001449926 -0.000021184492844486592 -0.00003232388010594924 -4.96459152594009e-7 0 3.223203611898347e-10 0.00002421025119176248 0.00012482058924340368 0.00004052018136158229 -7.641291502025228e-7 -0.0000020867781759148072 0.00003327018196198355 0.0002209802089616307 0.00010774933721454222 0.0005827682124258267 0.00036443376278251006 -0.000018319867416245906 -0.000008412914217414476 -0.00000216023463837504 0.000006774956346765446 5.144092238031291e-7 -8.478320270957864e-7 -1.5736988537560789e-7 1.9316102028602415e-8 1.0476040851128633e-9 -1.254078798693929e-10 0 -2.01631924999763e-10 -0.000003283356820656643 -0.0001072878439351664 -0.0001556668078655106 -0.0001053077193701419 -0.00015660002340246948 -0.0002604106629655585 -0.000020953033477286218 -0.000006463685628240052 -0.00040734381663932214 -0.0006231346394401459 -0.000047808050551204966 0.000047453531185248396 0.000020823559068928498 -0.00045016831201157785 -0.00041186143884778224 -0.00013634105104091355 -0.0002059752354744158 -0.00006110112865964318 0.000011746823142941115 2.0923478312006752e-8 0 -2.7205502104299818e-8 -0.00008719374215736806 -0.002340835707737779 -0.0033454686074510247 -0.001707539482967192 -0.002899719815004733 -0.005371775447347708 -0.0007760356764431301 -0.0006606760459437668 -0.007482874166191251 -0.008718826804247917 0.00014481731090219854 0.0030507367626185647 0.0017373761726654495 -0.003111862241387039 -0.0021814333664234705 -0.0006634221551959657 -0.0023197929944557454 -0.000019608654884255344 0.00022660510078512997 -0.0000028776149811533013 -2.8801135387723825e-11 -0.0000016397911986626966 -0.0005416484358427749 -0.0037462905299317246 -0.003946169619775256 -0.002135650404221095 -0.010790130952117175 -0.017483923513181947 0.009921931361772557 0.028544542347897096 -0.013269189780407545 -0.024752323781172703 -0.01007457193488251 0.019797949640253002 0.003294243357224586 -0.006069351895432624 0.0003610570462316108 0.0031544517974480013 -0.00025125971284583866 0.0031764990658964595 0.000957452727804939 0.000009584715458398636 -2.8086430238400774e-9 0.0000037223421023326616 -0.0017106045380092484 -0.004851258338996829 -0.0017037341344087837 -0.0007407062852013147 0.014065943717334486 0.11745167517454173 0.2551479465613237 0.21411869022055868 0.03934619487250739 -0.07246353317462927 -0.05494019196799746 0.07601432088530573 -0.023473768321103674 0.005976565749305217 -0.004517019265124833 -0.0038207413980543958 -0.0037720766892594777 0.0015094343668479123 0.001526282009416941 0.0001681722380054751 -8.96259601997875e-9 0.000014378857847246001 -0.00006485746406266435 -0.0008848709950658591 -0.0005991182499150358 0.004544855062880338 0.11389703198690439 0.5844234327051939 0.712227051045564 0.1922994810256523 0.06938376078318019 -0.004244299931568002 0.040201315909798696 0.10765870603209833 0.03856152443782823 0.12209555875510521 0.07542307493834383 0.007033416911321718 -0.004138760599500502 -0.00045355974014218574 0.0015696977619826696 0.0002145873681266756 2.676251330014569e-7 0.000001788311199024445 0.00005489721282866802 -0.0001931190103772834 -0.005566944604428027 0.03342541091199526 0.4876590644328061 0.5959921395408428 0.3717031055835638 0.04048843181776393 0.09672678809300153 0.01929760454178088 0.016260663489825383 0.08786203532951059 0.02730465850668558 0.35734682858828587 0.40929926202041045 0.09555475117123549 0.005279883769705834 -0.0033287043993461586 0.00015618974355537032 0.00006784234330631857 0.0000027457542052882854 0.000001167038746590203 -0.000014725851909184317 -0.0018306360656631748 -0.082516262116272 -0.08418394523690885 0.2787553162801751 0.16267356403050562 0.0369407334383364 -0.01020394511810713 0.07794255555577576 0.09089292085224526 0.013792587710654924 -0.0306549277140751 -0.11802791195462209 0.18509556263226126 0.4442226466016508 0.11900804226202406 0.0016872122127555584 0.0011018289412538821 0.00026106533169663836 0.00004301410590456857 0.000001260476292249888 0.0000029624753321465006 -0.00025546085576050217 -0.005175722622980573 -0.09976410851744089 -0.1710400711373537 -0.01843214884811005 0.004754572443048684 0.041570084449057285 -0.050359494826840254 0.047922426880213115 -0.08210498674045602 -0.029341285449325953 0.015550602372889412 -0.015053431147184005 -0.05608368384097391 0.06232015197567297 0.038169485931480174 0.02198333118504364 0.0035426636106257628 0.002108454657746866 -0.000043764524957202054 -0.0000011782708372907595 -5.288896324307261e-7 -0.00032244463406764655 -0.005483333896584389 -0.013658342476527679 -0.015653285016964384 -0.01663931921019441 0.0232008798631426 0.0065689866336054725 0.09714219947062969 0.5048579745972356 0.06311497411524401 -0.12656748612694765 -0.04139460123327451 0.04213032597621148 0.006341158494763304 -0.0667765615458118 -0.07546840070575139 -0.010652982437936935 -0.00044039161635479494 0.002816721672560595 -0.00020768603817252125 -7.670071496341392e-7 -0.000010312631505374734 -0.00043766049798566234 0.00003380981851280792 -0.0026715885385094583 -0.013751231035505837 -0.02836695198805861 -0.009199884947391044 0.03299500355985872 0.33012562210511137 0.43158567725479635 0.14744955539369642 -0.005321503439806252 -0.10473123616033925 -0.03598742003058663 -0.010569672311273459 -0.09065142684709 -0.16144710772434073 -0.03822128290469443 -0.004856265589278061 -0.0003113797892959943 -0.0001886647080597937 -0.00000121947005217046 -0.0000834919046267234 -0.0074209190568180206 -0.02771883801327359 -0.0264601664610442 -0.0004930663178858162 0.004865452241791915 -0.03770005107417335 0.07799544340760532 0.13203318126051627 0.11442281269123135 0.11470462835431974 0.09536287992049472 -0.09332089218319108 -0.1281629545420997 -0.051242903084732644 -0.0050203498587681914 -0.12193212680400531 -0.015230074569740083 0.02664707905919201 0.02722554292252947 0.004493955617746122 0.000009094340682376993 -0.00006626733252103352 -0.009248735097425855 -0.05630882912500478 -0.051156701062187226 -0.03321991956505232 0.0027648074806701796 0.01056557492648132 0.014273188443059023 -0.006958491605892675 -0.022327892372932766 -0.028498580183655243 -0.020752425284970802 0.004474785182506887 -0.027034885800732208 -0.1484723366244396 -0.07189588373563911 0.11293064665486992 0.06555757076996584 -0.048678439666385694 -0.021828554906229126 0.002972714515518152 0.000015302595396395445 0.000009373918491095047 -0.0036847835345995656 -0.0322940395843969 -0.024917330703959923 -0.012039319423137193 -0.03832565227414005 -0.047225499086386714 -0.04422517983849676 -0.011838997319390811 -0.026828452538009917 -0.013812409893017963 -0.009162257760530384 0.043160062220524355 -0.02074870605677312 -0.3889038223067437 -0.18932868105968634 0.24106994366291834 0.06779487894217309 -0.4064427190990159 -0.24677588027522993 -0.008677688184622495 -0.00003552993053200321 -0.0005982849539374212 -0.044025847498606725 -0.0888100756608236 -0.0009439605269511678 0.006698124006038359 -0.01886724194419461 -0.028169096460046842 -0.023864458117936777 -0.012232900147201365 -0.02211295485364076 0.004312120234580358 0.003629449784951823 -0.014001601540798133 -0.045172424680061905 -0.09842491379476621 -0.033405293786616386 0.18646374175276134 0.40656942068863616 -0.05150080687149408 -0.13818976699300428 -0.0048173803171202775 -0.000006741825464381482 -0.0008510868591996195 -0.06447424673438819 -0.1126633761542156 0.010651046861817066 0.028391186520919164 0.0017119470591537705 -0.018056369921943153 0.010469051507232817 -0.4873288656396439 -0.683928852999101 -0.11378550736320404 -0.004277197320233177 -0.000026363154489030247 0.007000994603494358 0.013885535855676723 0.02191987323640246 0.21975603197312732 0.6438180974397417 0.41182579233947675 0.05050937530286874 0.00025995062614319096 0.0000032732401890290687 -0.00023845114912855815 -0.036731269166607114 -0.1345547182453335 -0.04692515799933948 0.01424868761847592 0.0013226580542170974 -0.07710754574261423 -0.19782048639635588 -0.7754634615826898 -0.8125729679621455 0.004688618848600069 0.08495269956781816 0.0028760218107393427 0.014721013230965519 0.0030970913103997425 0.028866714616962077 0.19907822755364912 0.09880024363518443 0.0419606551432352 0.00884585250994508 0.0002182624695393095 -0.0000032734000193659805 4.7193861604911265e-7 -0.010511509044349401 -0.17223132632360988 -0.152702706775584 -0.016893961556884864 -0.0049840140507171355 -0.008257780693701026 -0.16608057362883363 -0.3781087469097762 -0.018183562250446213 0.20491092365344257 0.12639868010687452 0.026677912810827514 -0.02467728323005766 -0.019577181893199326 -0.09548088881605687 -0.10715874525015123 -0.03184739971923291 -0.00981445033784976 -0.0008996548841148647 -0.00023664113431239077 -8.991224067153765e-7 0.00001236656445160833 -0.0077854611978053516 -0.205996217953876 -0.2090306491811937 -0.012920631514689557 0.020321393751753195 -0.01046604466769423 -0.0063515221927009325 -0.06827250023931195 -0.03653485129544622 0.024084337467969827 0.02963246183975296 0.005759376629540361 -0.0688834880081062 -0.018154143833448655 -0.26974131681725955 -0.5915013415847641 -0.08980272885412235 -0.005777221525291528 -0.0020078480978171676 -0.0006450596092849802 -0.000004241912766745435 0.000005381844344619418 -0.0033679265472358107 -0.058331006860286326 -0.0782314464895894 0.04397098284365362 0.13960365340555841 0.0463957681959458 0.014913230362048075 0.018574926747256033 0.005211231592194835 -0.06619039692308658 -0.007978054785740943 0.04154633848496119 -0.03698449160225509 -0.05459892384299565 0.10725179005388887 0.015211588011787203 -0.004491042690453582 -0.005900525341786726 -0.0020952023671993256 -0.0005334776667113668 -0.0000032120538545607437 7.483631623966946e-7 -0.00014536965184478468 -0.009045606009891028 -0.05103268210075389 0.12566953504587852 0.08141236446522687 0.01534823831182526 0.06866455388554565 0.04661014634606421 -0.07744463248764419 -0.34941503722741407 -0.12049761430942174 -0.002571965650731441 -0.007157324238848501 -0.24479709389347004 -0.09983943667118174 0.03435915421684622 0.01442124152051906 0.0005755671168196024 -0.000773000690840288 -0.0001161889319650436 -0.000001115221675232127 0.000005093872172774289 0.00020079000700581087 -0.0004886859848004194 -0.00023322515647344216 0.014217540865745237 -0.049699448927188666 -0.01508191285185951 0.07530852338962118 0.025669380964779345 -0.052699287671661495 -0.19441093719135505 -0.12195560737893076 -0.2478152161609738 -0.22084303795660595 0.17103792736864518 0.06765789445796 0.002402067377237359 0.016118378179406676 0.004878619180907011 0.001041833713778647 0.00006124529781959603 -3.154091287415594e-7 0.000004979764350808879 0.00022009422373220762 0.000559078180856782 -0.0010806484768578362 -0.022760182653480156 -0.017493945812571736 0.035490956995440776 0.05356849584549865 0.014220307322717993 -0.003767186480160376 -0.03067928258752616 -0.11384498209710542 -0.33137972718924674 -0.42178524784246635 -0.039312123573258737 0.004257417327986745 0.0024243200904365283 0.013444279152064628 0.001542650642036625 0.00020687996864735488 0.00002356698759977706 -9.565062835830527e-8 1.343063318902496e-8 0.000189508964412827 0.0009186255646320592 0.00030375554496753687 0.0011712775427090434 0.014397152581016282 0.028617628186928583 0.11733194038540633 0.04561819511844306 0.02101143942629786 0.021180312200179297 -0.04106661027288556 -0.09099972518612812 -0.08148115240100805 -0.02299637979924415 -0.0038103828892878657 0.0031317030158985715 0.0016756523855660601 -0.00513577904943104 -0.0013872512045720365 -0.0000021200273939731873 -1.025427364350857e-8 -3.2885912153293924e-7 0.0003470185186873346 0.0018530733985071012 0.0005574492534966754 -0.00011600751237637131 0.00008261233817772533 0.009901560468311766 0.0670787614942427 0.026750581442436132 0.04591606254034385 0.03427047767834454 0.003848732170426318 -0.009774925202727413 -0.004872271637400494 0.0004926022315512342 -0.000748633476478356 -0.0012430347118885944 -0.0006830544526825585 -0.0006689269570050293 -0.00017967304691480956 -0.000002036257898545058 1.533856564804283e-10 -2.1135932622387696e-8 0.00004191579471787581 0.00023097318236768485 0.00007615149893600739 -0.0000066241049751739956 -0.0000387746247834789 0.00016290402492707555 0.001164274630020674 0.0006470320616710935 0.0035583425061977165 0.0021763348133805433 -0.0000936174804696605 -0.0004082651360695426 -0.00006787599813511545 0.00005000291557453536 -0.00003536559520233754 -0.000056663764915010566 -0.0000173067231495187 -0.000004751599913985765 0.0000014786624072366227 8.229149911883696e-8 0 -4.425221858551899e-9 0.000019988378990709847 0.0002834256068520853 0.00010873407994795816 -0.00003292193602463615 -0.00009603101944960012 -0.0004817993678379567 0.000057488404262820935 0.0002680058228388953 -0.00044152581385811947 -0.000821064573469018 0.0001392745798524576 0.0006565686367915163 0.00002035720699299932 -0.0002829073898802361 -0.00046738359229630264 -0.00006738866825769035 -0.0001385232740870263 0.000011603218574105647 0.000032043219904186316 5.9282444854396526e-8 0 -9.957445571582229e-8 0.00017367629108692138 0.000911402647725138 -0.0034010065744650344 -0.001136128926450055 -0.002342134816927367 -0.008685047832568085 0.00025685653734547554 0.0028430840164029247 -0.008861815786997294 -0.011544739602145844 0.005513258059940638 0.01293802089859281 0.0014612631020430554 -0.0039070846509274455 -0.003863818486305972 0.0006468046867452993 -0.0018097295846025885 0.0005767676397930665 0.0003412201800487615 -0.00000220777504664061 5.666024719112758e-8 -0.000008882805907527237 -0.0016227269246447372 -0.009345875846189525 -0.009973319864623983 -0.0010056873839361128 -0.0029023451046920547 -0.0047631388337021794 0.03480951338197693 0.06247501849508698 0.11178477132520546 0.1258079777759639 0.08295980287458998 0.03169919755748865 -0.017545913448345236 -0.0165281338253145 -0.0012916192745469185 0.009693687644718067 -0.0006490526620327964 -0.0007131287483007314 0.00010852456341153523 0.0002314150027730082 0.00000513451204319684 0.000007612006479347536 -0.004614816889179929 -0.013484329866745533 -0.0034040685923950047 -0.003404127122026595 -0.0017510305684611776 0.34540444544671955 0.6556037269266904 0.7070267880552816 0.8111569529113485 0.5914039876805823 0.07824031525438917 -0.0891776912858464 -0.5525029050528557 -0.13967186814931273 0.022570947951966014 0.028647098257902008 -0.000769748788751319 -0.0002032138031436577 0.00701025680100055 0.0021867163439201935 0.000024704568662028225 0.00005326384151863191 0.0004932674792788107 -0.0010213776605647643 0.0016862611017421309 -0.030786406128591078 -0.07085344865436205 1.1871102244928793 1.2994411601120384 0.5765437974169813 0.44444771787794596 0.15219314444624443 0.04499070050150675 0.013836460187284646 -0.7262013486675362 -0.006181722928793362 0.09458543338396845 0.00737893900443173 -0.002560678935708988 0.0006652296892811576 0.01244697099416015 0.0040319390838564236 0.000026916937655014167 0.000007375950154514164 0.0003373975039876679 0.0004166888661868208 -0.0386999257390601 -0.21258421710036363 0.5263347877368495 1.030817326181562 0.5128765436485795 0.06905137065852236 0.19937120541470904 0.04903428548259017 0.021632242171914416 -0.012085646419809002 -0.7158137560487373 -0.1155265926920104 0.14067030483410337 -0.04867485475418745 -0.02178435959229535 -0.0008085865887080477 0.0045064224266569905 0.0020312868597912753 0.000027362084114834076 0.0000022989142070779445 0.0001785702286632576 -0.00048236270001360547 -0.09686366856678187 -0.3114014224869176 0.21902669972147282 0.2051862630129901 -0.00759713836155659 -0.11041266271885927 0.18260025983124495 0.3276829200815917 0.10794108024786125 -0.1504099483283181 -0.5955383605474626 -0.042488804794044155 0.5375213081912288 0.16688238281459428 -0.017769681096988107 0.005056559548563735 0.003308661079683254 0.0006030147260376843 0.000006271163826834058 0.000019936939458368917 0.000681212857665504 -0.01695113358727453 -0.13237128131132153 -0.21800728553940638 -0.0699639726803256 -0.04340714103771724 0.12819337358151356 0.16453110627396855 0.4179003486393751 0.1711980678352674 -0.01677829077286588 0.09455172247964427 0.02893164888000051 0.27400073777328693 0.7053164112125915 0.495315557866242 0.09647732393725747 0.019243786896143235 0.016585714234901135 -0.0002230410319978656 -0.000025316737885844616 0.000015780960197329336 -0.0023904475421360136 -0.038061130367139026 -0.08321192926644946 -0.061913042153605956 -0.040590406791909124 0.04183213488863901 0.15220412662869662 0.3359370837271016 0.7616353291306447 0.2910456734212553 -0.0382106407075833 0.048876572630821326 0.14217825509454485 0.2356004393475452 0.11395745611694624 0.05129613086384834 -0.1257458222129212 -0.0023785095183772582 0.022285143213807944 -0.00034999451294450275 -0.000003648110900733029 -0.000007285185446848466 -0.00832847177964678 -0.06846117711174313 -0.057382560556449226 0.004679508746880571 -0.039517397089721684 -0.02710319764167261 0.08699821962368535 0.25120484967611345 0.2877875352557399 0.12292263210035483 0.09928605489881934 0.002397131825761855 0.037044975476158634 0.16221241041313922 -0.14025451331053573 -0.5665588331625884 -0.3027141683139497 -0.007663190785685397 0.019185065527625368 0.003770326858990304 -0.000003764318267517073 -0.000060206636339873724 -0.014922628963413564 -0.18957596077386987 -0.19819220941812798 0.056446649627281936 0.014971163896198377 -0.08925397619024406 0.15090788695760776 0.09038389604660402 0.004903008695180173 0.06216473462235121 0.1788169994347361 0.0005833337247799636 -0.06683367443164766 0.08259031556200995 0.2614347439334393 0.05560559013452364 0.3023262233916773 0.1797000115556414 0.08382356031169932 0.01067079709040941 -0.000013467648365742212 0.00003139661314181738 -0.012447745813244399 -0.14100198632119545 -0.14985101470648587 -0.005211222261910916 0.17048344051178282 0.22534704271966502 0.16279183969623276 -0.006216094259708858 -0.03634668952667201 -0.0378711643975568 0.06387479636970801 0.0877694508029959 0.06664939920768755 0.036657717222006225 -0.09584763183940435 0.10799958726837561 0.18451949369859658 -0.005136198906806437 0.001777494212003789 -0.0036813901233067044 -0.00001445897099430854 0.00020627700575378372 -0.003456100215736198 -0.03509168849899423 0.0009066831150187271 0.011270965703624807 0.01191184520568712 -0.009122749445682053 0.0018786250484742854 0.019347365136943104 -0.042333452814909904 -0.021485580743512214 -0.01776938023893843 0.011719070886549438 -0.07196298138459639 -0.3340772092230138 -0.4191455797055216 0.41286151122535325 0.7706382070079392 -0.4048613784340548 -0.2236020949664088 -0.01631969367860291 -0.00011038070353003013 -0.0006025995074159653 -0.031711318431155516 -0.05211333250493918 0.0005390863140378272 -0.024448824165076495 -0.08395128856683301 -0.09925599201275567 -0.035019349983610185 0.03042658468477066 -0.056929817376186805 -0.08242240071280486 -0.06632720666205592 -0.03939832258676977 -0.09822748425413062 0.00048424426312180364 0.10089531215050464 0.41071789680955256 1.0976348725164335 0.9173507951202404 0.2026870107397015 -0.0026363656478121922 -0.000018296660758964825 -0.0016208917914763545 -0.08979343191357762 -0.18435306848783323 -0.04175267907569715 -0.004482250344902206 -0.04529479437877799 -0.07352393505401829 -0.16933076623400817 -0.061626028332416295 -0.005256301461209425 -0.1345605737677075 -0.0850060474684373 0.07943456431224137 0.08894843173840164 0.029885329400814863 0.052707180560549974 0.166131235227872 1.0008115148691448 1.0807237594119214 0.18883021081041415 0.0016540927153762038 0.00001542206249549774 -0.0014073234083732907 -0.09564238373626822 -0.3063878140960266 -0.09811234904541755 0.005133111913347605 -0.0030178227208043275 -0.1184955891461995 -0.5654654015791734 -0.35418143379741324 -0.10980980480486675 -0.45409080589714934 -0.0872196414524148 0.0632816912116322 0.15176654739538936 0.04454801978098949 0.03971160366241627 -0.10906872236451937 -0.3238730765259155 0.09989747842129727 0.022358931549311085 0.00029172467613266726 -0.0000017261901356566667 -0.00004776968029510351 0.03451832697014701 0.00955591271024342 -0.11413691485623627 -0.08999362547354572 -0.045222717243640964 0.05278514469957127 -0.1302469243688828 -0.8486730257710516 -0.934198944459112 -0.4414528737405689 -0.018377604427607948 0.008221677540385502 0.025466340746738217 -0.0071222129020634935 -0.06318530640397094 -0.22275844096518568 -0.13691140282125558 -0.008785047737267019 -0.00475266848306161 -0.0007503256123821409 6.925559878497311e-8 0.00013486920662855956 0.016946263482703748 -0.13785788609048352 -0.2513194977238948 -0.09672032281611707 -0.034281170342791344 0.1742910315957816 0.3290678089485809 -0.3320301674289282 -0.4829679319646163 -0.08389852095444632 -0.029194152999496216 0.03678845193866781 0.11089492804871512 0.000019622709533439987 -0.1822003182246392 -0.4477693711748694 0.03190982185822541 -0.0068847078377332225 -0.012945914828578105 -0.002720005688616504 -0.000026715663511938644 0.00006364805984338239 -0.010606668040096513 -0.1636240567332505 -0.18000137817671386 -0.045409762276045915 0.07232332337075269 0.09449704868809093 0.27111178878432823 0.021480607410343338 -0.0330719577558367 -0.12781103277922706 -0.20662491885112555 0.10751183832438613 0.10227259126963467 -0.058846452032569 0.07846943378989812 0.22296922863730492 0.06826800967532479 -0.010143124329955027 -0.01517040969672449 -0.0030057728328856995 -0.000020415561224397576 0.00003297162027036108 -0.0003965630978419792 -0.03274011724015927 -0.1310920129433838 0.04049095063130488 0.046699901342587204 -0.022318498778587926 0.12863451392775185 0.006894041649545379 -0.033862432003058114 -0.25539736188118256 -0.22647214217662298 -0.03437633340429071 -0.059283779974142414 0.10744622601465863 0.3684185685637489 0.22665030982396434 0.025928599759929845 -0.00007445720809395141 -0.004759562042805557 -0.0011789207776992025 -0.0000059158455181684015 0.00006361732690206905 0.0020268398253755955 -0.002274212580502136 -0.025416184865964454 -0.013885879763068001 -0.04323419583391333 0.01604870758296794 0.0752290976994863 0.17016239429142205 0.5014635969296268 0.18173979822254407 -0.09255720944433163 -0.28695647011813247 -0.3394539189823657 0.3082022144973688 0.4818860844331229 0.04959307219134429 -0.005666884097858106 -0.006811800722887297 -0.001238591491206923 -0.00012665539284454624 -1.9924448911576636e-7 0.00004777040548651658 0.0013621352712559233 0.001603324987915452 0.00007222441359494823 -0.01021560453047566 0.0723530002954715 0.1369041131091901 0.08336144519323506 0.16754557676156753 0.4935040079384618 0.23571512634273037 -0.08882561055073479 -0.6559735733908444 -0.85441600849887 0.02661604943937218 0.06356689949641152 -0.010928052211270568 -0.006433195469814149 -0.0038939018193590914 -0.0019251424596976596 -0.0004009965333102085 0.0000013367899068522552 -8.923402505115183e-7 -0.00006273146215518926 -0.0002302960798881994 0.00016136770073361056 0.002628223151510654 0.028906740711408998 0.0497384641866206 0.13197300398999692 0.05658492111204355 0.03029759712114171 0.0787855038630321 0.010837845099641263 -0.19762772746778257 -0.21629882259381403 -0.03175108310341132 -0.013164257395930197 0.00068644595141278 -0.004258014309224852 -0.007080117723510706 -0.001658152943292836 -0.00010394398763721873 4.7179352559912387e-7 -8.058359813143729e-7 -0.00001563440900397784 0.00007344322945791276 -0.00006779098833034455 -0.0008228767330725288 -0.002828571196478476 0.004236042323103583 0.0694390270086968 0.04206328993743716 0.009882781775668481 0.024683091361769008 0.01772939555997629 -0.010779413512076712 -0.004102043231894045 -0.0013416216067852133 -0.0025814175517406136 0.00040623168654266116 -0.0013945273143539778 -0.0015555239959291953 -0.00024774380354398464 -0.000006650281853358614 1.862221745261179e-8 -4.1547304172274205e-8 0.0000014531637272897509 0.000017275878484486598 0.0000018954703161258778 -0.000005709618713601371 -0.00003523881026518601 0.000059599132799510724 0.0011788864378575706 0.001705245658291482 0.0008740704184659305 -0.00008196400461898671 -0.00037717471050793106 -0.000526457969833225 0.0002911550161060295 0.00007568566851334545 -0.00019304717742706665 -0.00011816857299610256 -0.0000857440686334311 -0.00005749332498172614 0.0000012778435666587434 2.4237417664575285e-7 0 -4.39305692794001e-9 0.000015317811801147378 0.00027012720946791507 0.00020398110937678592 0.00010997074009938115 0.00020011942510389117 -0.0001486097697473254 0.0005592234106942327 0.0025058473757690203 0.0016315192136510644 -0.0010654339229658912 -0.0008593038762028782 0.0005307912586939653 -0.0011978412339470428 0.00018754695300510568 -0.00033775520804404116 -0.0003778735789328503 -0.00006749789634171912 0.00008008055924268454 0.00001614741227868313 7.902769371512085e-8 -2.1304061610519367e-17 -2.567573240640643e-7 -0.00037425606417397473 -0.0023161144075997428 -0.0017336793066943443 0.0013295643059784811 -0.001001524125220974 -0.006132400257268387 0.005709861435560824 0.017795884573619112 -0.019624983165318063 -0.03441919741764547 -0.0024664618791414286 0.011126080538859764 -0.008778532929985016 0.0024174266395299952 -0.0053281896277757685 -0.0029219527816150433 0.00008019382229379842 0.000823493199264661 -0.00017252044666751833 -0.000009516443014899804 -1.171562090317373e-8 -0.00002949557104620414 -0.0042097021557525125 -0.029477797121256564 -0.016283769403234536 0.002501679050519989 0.001535771856380436 0.020217742332424966 0.2088775136608872 0.12655212664638865 -0.2292833118212818 0.008651899126955572 0.5561716596934754 0.36130694854942397 0.1434056108063536 0.011606408714423287 -0.016176923063771616 -0.0028139973047356243 -0.0018379761728867028 -0.012772135779221016 -0.006423096405228138 0.00033660618496123836 0.000013718437715907866 -0.00003998779079813622 -0.002798935099081399 -0.014266903926349743 -0.004266412384400552 -0.011085659393701647 -0.17367283289338756 -0.06307429592645963 1.0387930602551556 1.0899806399590393 0.9182844834587919 0.8125345108258251 0.833557753964031 0.4548418932439087 -0.2663448908157753 -0.2993204674172803 0.023468894643221584 0.04472967027971312 -0.002994999491571408 -0.0157763585415233 -0.0066027834533334195 0.0023864321593912055 0.00006222225227102315 0.000016770771497657233 0.0009932464847198126 0.002510398127145321 0.0005966103177774465 -0.1072035354522954 -0.7912642977379395 0.03308459002467784 0.973632306692439 0.5967103992433253 0.20164132267452978 -0.1772420171401977 -0.28331297800562566 -0.11384157940685637 -0.8455937147086192 -0.28161362327824135 0.7275583456221328 0.20097126326796463 -0.012340431729492727 -0.007784713104614783 0.006497011564094351 0.005622115428636331 0.000057041325204433706 0.000002759197728911723 0.00033515792165451463 -0.00027081969726155985 -0.11365423463314415 -0.4545253016833691 -0.05976698256290503 0.5230082808106583 0.4619439176570035 0.06194209434831362 -0.10797587919324207 0.031690634086431725 0.03719595602609023 -0.028055874708584408 -1.0097309462499182 -0.17315361808040725 1.1403968314491735 0.1700955795644348 -0.06102816313897968 -0.0037749943602313277 0.00800909635146936 0.0037310780940406425 0.00002000634818727117 -0.000013907080794836786 -0.0007868424845024699 -0.012881247251746396 -0.24829339228098893 -0.47413778647700744 0.15555708303362842 0.14245741687006486 -0.05158453360102487 -0.02948969329477802 0.017276021843228333 0.323949991196864 0.19396542170338768 0.0009089439183026883 -0.07964394498396943 0.714516204091013 1.5641882639819966 0.7236035625747596 0.011063578043079133 -0.004053387374918136 0.013399387586235725 0.004608553596172834 0.00006868455749190034 6.320036881700324e-7 -0.0004628821215173188 -0.05848904487192717 -0.2305178044170791 -0.11194900886308257 -0.018549863088145095 -0.074842137107244 0.11476044068573507 0.2992730997823713 0.19886262302876395 0.05707177004220484 0.0024876003418197565 0.09756968347892782 0.21437562489893072 0.9644445457124972 1.7972534625204448 1.1339180161040734 0.06840225761875439 -0.013558199319085126 0.011893815574815272 0.00043098024228456803 -0.000015532917785332806 -0.000001945521625967935 -0.0031031494926474137 -0.08932696161777184 -0.14381716375389364 -0.09010269140676877 -0.06101112833807979 0.10736719844197329 0.21548074080537874 0.22032254906219262 0.15385297494285652 -0.0411301830759093 -0.02725270221172816 0.06739354417735703 0.1160255666081735 0.3178078395726569 0.6073775209431516 0.5419783558618427 -0.11086409481893462 -0.01993005400625722 -0.0014937775804893883 -0.003523971238360574 0.000008411167750746399 -0.0002283415456182646 -0.011698324819287367 -0.06382116040431415 -0.032682236345405985 0.0997267662214649 0.030780310388548757 0.07225853109432663 0.17534900581325538 0.16920447097493144 0.13365913103143356 0.0026728348770322275 0.009544965083233293 0.05849944781795231 0.0009939231591968108 0.08453268608047922 -0.09909009009499149 -0.38867317278321345 -0.6524203869464894 -0.16144910808585392 -0.08500246965088319 -0.00729894492444988 0.00007178929378278602 -0.0006378816947671367 -0.023963664552879262 -0.13401456837917275 -0.07515150291734028 0.20024936142780622 0.09247159703796001 -0.050840863548432175 0.07873264392297888 0.04115739029400984 0.053072191481687646 0.07552600681517298 0.24790974608217314 0.12535154941996204 -0.04967093040004483 0.6139073921239938 0.6035255940065171 0.4906954136234997 0.22941420799722217 -0.25069205329911204 -0.16738566860443185 -0.004324604142363997 0.00004784225759726063 -0.0006131526051500797 -0.014652205106400867 -0.061489764406429115 -0.08697799563679713 0.2316106128676362 0.2896031595294537 0.1727438223642992 0.24727472289656988 -0.0002467920581939028 -0.015157930587770969 0.026474855257155486 0.37323076734373706 0.29782387592201665 0.15402479253153442 0.743530012998446 0.7942183478415845 0.34711245130775337 0.1526543657906187 -0.5657215840694285 -0.22688707611309272 -0.02172786531384796 0.000007693035723874938 -0.00011922900139804858 -0.004431234013047835 0.006246480978824203 0.02693430072946846 0.23191774093969855 0.09956992763794978 0.0352760458807425 0.08833264185495583 -0.012700158398412853 -0.058944714466810086 -0.09034435906992376 -0.10350860222149735 -0.09184465422707594 0.01983008911678537 -0.5609620059854159 -0.7283337823022737 0.7231340403094966 1.899967505105819 -0.037470517755339966 -0.08121069850030448 -0.012739124885333295 -0.00004829766175669292 0.00001131109768875887 0.0006828372037675778 0.004640360454007387 -0.006756623540521516 0.018336225953368215 -0.05054982467851554 -0.020536797954260888 -0.0035998233928380744 -0.04326211795017702 -0.16065978322691893 -0.21506020888948502 -0.21490285963915248 0.0032205735687660837 -0.138197477976044 -0.20781792254007536 -0.04610245502797915 0.4390343389997175 1.918731745801782 1.139856841171687 0.1725127857094949 -0.00246798830118243 -0.000023292904830489584 -0.0003901846999008133 -0.01892223546497644 -0.0622910604166683 -0.07206489570724614 -0.06795795648469154 -0.03915897753780174 0.014623525806309703 -0.12432258219268291 -0.025274075907384858 -0.09314198306323124 0.04581727781868267 0.07727150194535444 0.2862815537998143 0.08079750074835725 -0.040262315376879604 -0.046614885265953455 -0.04675637345725182 0.6670704204279533 0.8035338497535408 0.10746509552224812 0.0014990791170584868 0.000023193768965375407 -0.0007500446089791442 -0.027467966823310215 -0.10109418584335843 -0.06221874579154645 -0.05767620215490634 -0.02659513457127388 -0.03704460641069889 -0.17559507358481377 -0.13337823211679659 -0.4445419273761887 -0.30674551722787813 0.034236071567923756 0.056722332431796585 0.038155016671398825 0.05551341286955057 0.0372597562815446 -0.08601805825270183 0.08152758774732996 0.29221341985459554 0.03720145045316865 0.004312259703481004 0.000055149114500215946 -0.00011317618530285016 0.04467293443676323 0.13506158481491237 -0.01982749460014968 -0.0949310484152001 -0.04363927831004222 0.05901727668711738 0.28981077747458595 -0.11700052100118473 -0.8785430617939392 -0.5612912796544329 0.05941729423977299 0.038933691564275 0.0852289990215524 0.03928461199711804 0.04321326089125413 -0.03508912020331067 0.3101524252086819 0.1815186002524006 0.010392761973645219 0.00044571471537429235 0.000020389207448724395 0.000016897945876818508 0.01406008372311738 -0.06784482599488742 -0.17882096520007096 -0.07688496544241515 -0.04307702691234159 0.13678955745453103 0.8009623691213801 0.25612574341095257 -0.3403762260800511 0.2605712336530668 0.4337286816633578 -0.05590248635375783 0.14742331089142569 0.11246947171940905 0.09924807910563835 0.3503659228541928 0.6054706392335959 0.06032475792095152 -0.017243270021131584 -0.0056475844540982995 -0.00007096038863325038 0.000054313193480402645 -0.02161405584119652 -0.2899794800711276 -0.2771005906603148 -0.024245046232361775 -0.05807552679588112 0.07363592965419807 0.8983189305836375 0.04114400285282447 -0.4428170203758227 -0.16070863544406347 -0.18851908439163756 -0.0992143458196692 0.014853526289693633 0.05296367085113822 0.19131887755773166 0.6048638181493007 0.2524858236726544 -0.013747720917230848 -0.04059219794008366 -0.009705747860096198 -0.000078328499648129 0.00006757815163919278 -0.0028470386877509166 -0.08441157556979542 -0.15650181332057134 -0.02785242206546394 0.044581454537457155 0.529604776281164 0.7684331779695103 -0.04336175487704597 -0.063595362782088 -0.5062584585672028 -0.4083538420141445 0.09644769086985167 -0.25706459484060534 -0.08752941409597956 0.4561319836889081 0.38900470667938936 0.08553172656980206 0.03406492548361134 -0.016699731403936643 -0.0044670216470922225 -0.000011268746043179497 0.00005092194942013863 0.00035094385844103277 -0.011346183320934978 -0.043745283669935804 -0.07739749037743913 0.013456900589162138 0.2346160618568424 0.2846892692253741 -0.03716880819360098 0.7659476072821247 0.2912434817543391 -0.31051013655427706 -0.08419699357347456 -0.07092274428727896 0.5138678765269781 0.8501017034737739 0.19214454001519748 0.04210765163783239 0.043585321381666556 0.007094698726011312 -0.0002310585537333213 0.000006559104685650243 0.000019524234260270204 0.00010404221497889627 -0.0012201316319573811 -0.004768175792415246 -0.036565274376012306 0.10623925515895545 0.1688027120817162 0.16545658546984585 -0.6038535084664565 0.29833095820820366 0.43703412616094484 -0.014856734169796047 -0.2706487711707664 -0.3595713278063622 0.27922617514552617 0.2593407454751277 0.029213469405008533 0.012080553321621416 0.03998506899764003 0.00504395292855631 -0.0005145564146989297 0.000004531120968087236 -0.000007459722774752112 -0.0005739387672407648 -0.0018583618931726164 0.0013776608699783378 0.0009866035204028271 0.020656851272991085 0.02976942694843715 0.08546001534746865 -0.342019028733994 -0.21956979442155944 -0.21105391470797177 -0.20191839833479575 -0.1236364589298018 -0.19864926425666463 -0.02999011478814306 0.012884314476606552 0.02514224005812768 0.007537904952095255 0.011962982286931883 0.0005133424581470368 -0.00035126951537648495 0.0000015073144402011231 -8.566795168706875e-7 0.0003939019044559907 0.001461622218190552 -0.0011556412222430016 -0.003411538881868195 -0.006359495541742069 0.0011462895187487956 0.06091491826424201 0.01677991775777599 -0.048886870173241254 -0.0926732530028548 -0.0691570035994862 -0.025353408653455586 -0.026845962993333628 -0.01768429774950398 0.010480254379334024 0.017797548457008292 0.0031359687489538237 0.0010331169323111076 0.0003633446154321765 -0.000016649619115437275 1.0455310520751661e-7 1.2328311759070903e-8 0.000053797584518450996 0.00016845983592559047 -0.00025050529557375394 -0.00025834576680053945 -0.00010335122641221415 0.00031080477646721775 0.0016776761996671321 0.0028636307979026912 -0.002106714981235347 -0.002510343996436987 -0.0005702531090841154 -0.000453277949065118 -0.00027417265440628956 -0.0005484969617600352 0.0002625521567821958 0.0005979848577840609 0.00007596645741662892 -0.000025572940485582725 0.00001197501431784342 5.871811499398781e-7 6.384732599325227e-15 2.110524449270756e-11 0.000004633651985718305 0.0001328378239143158 0.00033850659779433685 0.00017181863215961728 -0.00006608129246774493 -0.000024112130506703215 0.0018778815764052704 0.004610931537717502 0.004848506350330741 -0.0004298808075201655 -0.0027997548698360433 -0.0021625177110032047 -0.0019276580533575415 0.00031487039698828244 -0.00019770019176226992 -0.0009573104454748176 -0.0002538239012765703 -0.0001841110800937896 -0.00007175706332443863 -9.551791666094042e-7 -4.890138505829701e-13 -3.5022779542392784e-7 -0.00038458643454508933 -0.00460681083864251 -0.0007293770844715825 0.0020035892883027333 -0.00156116740597611 0.0015447490737442433 0.008662717305589382 -0.015035137599544876 -0.04161894724685456 -0.09640827948024107 -0.06728300955533964 -0.049048443235401945 -0.03200668741712593 0.011170964421144944 -0.003384349781220243 -0.009550658418225886 -0.0019561667348394723 -0.005542756382811562 -0.0028580297439384614 -0.00022516320014328146 -0.0000016754300275130106 -0.00002073850439001618 -0.00258294066239126 -0.026222705630474945 -0.01754545517409579 0.0013651468863612566 -0.013550968540401883 -0.12453488277586276 -0.1794125219523545 -0.36914405705347314 -0.9536168382769685 -0.684966024052648 0.007738616729916737 0.2294552095680033 0.6122452060680421 0.28066363509874814 0.002291570067838178 -0.015800623025803644 -0.003645621514438381 -0.027389855800955584 -0.020094254419476338 -0.002289107823501439 -0.00001638604412839647 -0.000032614328892170554 -0.0007451025919824569 -0.007311785275355662 -0.005344509161619807 -0.015782955353622247 -0.14107305465221115 -0.46448310792949 0.3654700588875655 0.5749620995253112 -0.3849109180700671 -0.23369424257079346 0.11096138970489548 0.6351503436446942 0.8758174402226467 0.28022660048601306 0.19741472335958427 0.04644560843023738 -0.00965462053314249 -0.03381357650322836 -0.036383389136233055 -0.00554867509282198 -0.00008044460931725804 -0.000003124307656739225 0.0006084919461672205 0.0017180919710953206 -0.0053697039690192875 -0.1532232992886145 -0.48791937691524495 -0.05181840961928712 1.1235456218426627 0.6186655886379377 -0.056926702148496745 -0.2616453792170013 -0.38671286658301934 -0.15495479746913135 -0.8620727697961575 -0.5495283354832761 1.5692985562285053 0.7169463284923313 -0.007532647550898268 -0.014682417419288978 -0.013693139808851888 -0.002574088270132532 -0.00009569525696821155 -0.000010584036459852926 -0.0001585014809915687 -0.0029212819986981086 -0.08793572952658912 -0.42358814453954 0.028246630449399884 0.6667168745461725 0.8439980198671282 0.3059438549472037 0.004946368172810515 -0.057453470479447336 -0.019666810551836826 0.12207335854061611 -0.22586234315215417 0.2521295051320546 3.0474282322015407 1.8004213509459814 0.006135516807049753 -0.026866926440116904 -0.0009308003267234033 -0.00026782834545194674 -0.000046508571395790366 -0.000012923411517249105 -0.0001730279594297155 -0.030345641391434214 -0.2796749222250228 -0.22282181493507866 0.5999369415541614 0.49116811954461337 0.0665105530868226 0.052058597958224186 0.037835579842999754 0.10046886371560253 0.10139398711765697 0.09540424833762143 0.37731208385009907 1.1815407917507568 2.187596233160029 2.21464192614642 0.2220492350217909 -0.0754849689398179 0.01140393300745942 0.005233453181680558 0.00006956182746509026 0.000005727374457152749 -0.002070775642932945 -0.117444844892203 -0.41166062382026236 0.0833940103540424 0.35054642259786906 0.12443944246200692 0.08542555886983244 0.10235976700946768 0.037346485656302705 0.00029335959789730153 -0.06666260218104349 -0.028623457463133585 -0.021476587913027846 0.4963930003303756 1.5628256323570955 1.3072534609464201 -0.17313342201409818 -0.1442150622181995 -0.01414724413214981 0.003180822945462369 0.00004092173961832459 -0.00003653932715563544 0.015056838659233927 0.014942401954300489 -0.16836671297734684 -0.1969118296155789 -0.07783072583734678 0.15582375587456504 0.23237870573260905 0.13983592879134696 0.012363479486605454 -0.1631225994027724 -0.079836016838892 -0.02825499728608852 0.0077503607329198684 0.20742369489672266 0.5384303109348121 0.5359577592992208 -0.06150352247368955 -0.13883147014576552 -0.03174943947721939 0.004991684734838938 0.00011079406973972082 -0.0004831434704478168 0.03629043330154268 0.23743314726408019 0.22025522378707768 0.22605131036420953 -0.2601054626234504 0.08130316314542603 0.050425783906042736 0.01892039607237492 0.13461191628022948 0.0002759210694831416 0.08462781583360901 0.19124027783164627 0.07973948241809539 0.0771189517076997 -0.15918513264437745 0.25862031081951686 -0.6295611790018806 -0.42591634700382547 -0.15128672877525143 -0.004368749158677544 0.00016488763247600826 -0.0016716041242854929 0.000296456263521641 0.13836396600517725 -0.19409876229163303 0.07842753185633343 -0.06419663668098032 0.15922876243172654 -0.09060844774951908 -0.1639451343989337 -0.041530689397937776 -0.030634629706280198 0.19714022023156416 0.13095292768957986 0.012564119653296886 0.0004476464882094098 -1.2544736015959042 0.5114965266575008 0.026588729433088685 -0.5472614350688032 -0.2692417725553939 -0.006056831853310587 0.00002639042472591087 -0.0019668676394336906 -0.051633102590295084 -0.054779033845684964 0.17338058104862192 0.20184751798665543 0.28399437617342194 0.45187618094718063 0.06456620403116393 -0.12946046935030273 -0.07432106229524839 0.01037550912338734 0.3410030373632925 0.40060332198358456 0.2645410458609237 -0.5005960784220895 -1.4159603352036403 0.07087053277956991 0.11197065908283854 -0.3473841615015678 -0.2163233413875071 -0.0035474774231569134 0.00010789850027227665 -0.001462946715870333 -0.10163517341450509 -0.22993366197257345 -0.037686848545989256 0.30352437885256905 0.25269663953715393 0.05926746059483236 0.07669056473745195 -0.009565905654457425 -0.071023638106385 0.058138639696512645 0.3829328322696834 0.9077001689213496 0.4337817383741541 -0.4264190942258132 -0.06449885768381311 1.0136022704389405 1.0764437185194633 -0.015333267656803823 -0.11664377577783136 -0.010543275697601776 -0.000030208787763373982 -0.000924563435515877 -0.05417822966238669 -0.07119202125260304 -0.01713751131161017 0.05785316046385342 0.011359736660400107 -0.1129665802672846 -0.0799277238950345 -0.013688871586950434 -0.13126026896367818 -0.0898644019336623 0.08809783461754499 0.26347845839904277 -0.01135040362802992 0.1024406025836927 0.31418458321126097 0.45373521662058347 1.3906537481419088 0.31274369776129124 0.005928474172846557 -0.0036777811903858956 -0.00005058754704838643 0.0000369766855616176 0.0058543802791850875 0.01775189176381249 -0.08339489949923556 -0.032542188386887494 0.03968534101625167 -0.13944446140121158 -0.22226288078253906 -0.24528803733373042 -0.38540740336609314 -0.02225122410907274 -0.012594228306749895 0.009835673743410085 -0.05992048192838293 -0.05634512761972362 -0.09049894610562813 -0.1493950517728686 0.25076110251110445 0.15661622905163874 0.028386338509384924 0.0004018267460341547 -0.000019661816119795015 -0.0001703968126961742 0.016953599003072632 0.09320530959323964 -0.08609807808456839 -0.2070041186808074 -0.09632807389264196 -0.03412183524889281 -0.03917572511796387 -0.1348120426006138 0.02340169520224146 0.8915868612693353 0.4909729746715425 -0.07199710361697526 -0.08134589442752 -0.03538650506037009 0.012358002467102499 0.007303945615511324 0.26743184444395657 0.20343823097803057 0.03800375278683045 0.0046183864797481175 0.00006667131477445081 -0.0002466921897183726 0.01424455939343763 0.14123764831137187 -0.03507711407945336 -0.1255825885028887 -0.058821453922967684 0.020584211173840475 0.06452750431146999 -0.14668481124767488 0.8405226463938038 1.3078847973023773 0.5968303317658816 0.02749469096506065 -0.00029057575725258985 -0.010855989207813724 -0.05071369433205908 -0.06318635694258284 0.30482869282114666 0.14853618913098293 0.03895050513738201 0.0046495658658724385 0.000015134377180113763 -0.00022747025556779296 -0.010119748119487576 -0.022945282198274776 -0.06871945106649632 -0.015131114764949855 0.10638076233582722 -0.24055710626389432 -1.3187045999928304 -1.4718921469402204 -1.2614064722807088 0.08210383158290396 0.4252229800152905 -0.04644197354844646 -0.06699781130609261 -0.07113222895797608 -0.03936079727836352 0.004955501299680286 0.24181510720069965 0.09439588355891651 0.02152089059559789 0.00267394652052714 0.000004452938581571992 -0.000019411547368816445 -0.006635476068686255 -0.13714163854427341 -0.22033248512134773 0.008198514788281127 0.1421982054299223 -0.08136190448546024 -1.5672142222208654 -2.3881817931433678 -3.166215059813929 0.49602826813615347 2.627124062597074 0.16879951488415199 -0.2708251769064116 -0.18324829271071688 -0.07774861786859133 0.18780376032884305 0.08654415443584661 0.012951864661914992 -0.002997361484050586 -0.0024918467141352278 -0.00002119238424108526 0.000019316770086433548 -0.0017262464537774285 -0.0979195451937835 -0.2977953602819754 -0.22273011925159128 0.07863067970815582 0.914020270012161 0.18274749030638324 -0.3854653556592456 -1.0551480484626676 0.010918805467121455 0.9235117734658655 -0.7102741351158901 -0.6053323446587067 -0.4500296247314577 -0.1098156141662669 0.07833885115689031 0.09700516671834 0.0554301401064516 0.0007677081306504243 -0.0011099389892339127 0.0000027947287601105893 -0.000002520670000560922 -0.0005279579462665858 -0.012765408213731276 -0.15922334492843324 -0.3142588441459448 -0.09804810902122021 0.12691924146351227 0.8887497409576012 1.0065447018219293 -0.5014619417824957 -0.9403384783343725 -0.5822859205586635 -0.494720115894799 -0.28614345153551596 0.11339303657202959 0.34500532875842965 0.09553978118084322 0.0648212347647541 0.039557439790490916 0.005864723830296796 0.00047841390812339274 0.000007948854430107447 -0.000083020003095872 -0.002475767273922965 -0.004189107795588429 -0.021530255454546916 -0.04727536894198797 -0.17121880635997813 -0.1968128620543109 0.6507446382034591 -0.38477389526068717 -1.4256082094948952 -0.7173317042207679 -0.04596711997647243 -0.010773111530595778 -0.01953880404997107 0.23600876049008704 0.1964931202524953 0.06045065706462864 0.02158850273829083 0.03782210906141858 0.011312821460254065 0.0016584845779199571 0.000012051079204444209 -0.00004340536144941949 -0.0008827034671522503 0.00017390547373091975 0.004768981304651441 0.016827589688408924 -0.05056930095253065 -0.10959727248710706 0.02213595460383421 -0.6045029988715336 -0.4490739254124997 -0.5579670209093139 -0.38542037606059476 0.007538918787068876 -0.008767969332958127 0.030368357036968288 0.04468073644847656 0.050995266437144554 0.022941580165296925 0.021061594302633366 0.008743946046071548 0.0006257308149790264 0.000003210011280389932 9.045651409365139e-7 0.0015668118319660115 0.005868795639791188 -0.004327684618154548 -0.002908909976306681 0.004027838418279429 -0.009621823277442825 0.08588269583439383 0.15577562270816048 -0.026069474122799113 -0.23908299604862315 -0.15577746365836007 -0.016296737950861638 0.00015728157310765183 0.0015938199097336233 0.020184992111141345 0.020365212562995415 0.008649375125050901 0.006221522474047426 0.002981234539323501 0.0001379831399233377 1.090550458420938e-7 3.055133901804445e-8 0.00017721317005230916 0.0006450737430619339 -0.0004993248858048955 -0.00029983786695495244 0.00033907187427031465 -0.0004141195192610304 0.005710864025566366 0.01594087739359893 0.001255606130558717 -0.0031482331392895684 -0.001696712175242884 -0.00033840339645215234 0.0003843417559194186 0.00003563324780722197 0.0006333526153572653 0.0005993712480510632 0.00013314753968255986 0.000029197699995008943 0.000029648418864478626 4.834849243096186e-7 -4.611013115960606e-12 -2.5559664480331816e-9 -0.000003613491914293821 -0.00001087991226330457 0.00022024066945297335 0.00022212855344255918 -0.000028205059121011735 0.0007334762957419504 0.0007631079951875612 -0.0011247814254709146 0.0015890754260807832 0.0011877473449142994 -0.0014943940214002043 -0.0041938303684432195 -0.0025168865602167413 -0.0021001525945910132 -0.00032564154494753143 0.0003442140173367496 0.00005025352127995514 -0.00020363123426347723 -0.00005205262548684434 -0.0000011553934068533912 -1.7500393776143135e-12 8.795398112387836e-8 0.0006177109889689778 0.00036467967829222433 0.00023995728135438958 0.0018954881745217882 -0.0016685164067304864 -0.00019144257168835857 -0.07448812981137065 -0.154530927765011 -0.035628409746881876 -0.08696440494487988 -0.06712475201203251 -0.059287071691295753 -0.11123975161015523 -0.038130350058785 -0.013066967809138913 0.0015960665539122016 0.0005226131916167869 0.002329086408978381 0.00008482832156634774 -0.0002350000395186884 -0.0000020124198837085 0.0000011283802654065643 0.0042393050228948705 0.011756516063055425 -0.0015129356256878242 -0.003281092246918149 -0.058955405415429145 -0.6934966489276623 -1.4121203391348793 -1.1473365886009654 -0.6993662738154578 -0.5011435336223533 -0.3417843764949699 -0.3359348688601872 0.0904785585257658 0.27349696058199585 0.03777619322759262 0.0010966296696611234 0.002707214042587893 0.016327523193139456 0.0028174041375183174 -0.0004363027246782122 0.000003700041170095038 0.00000428547404214887 -0.0002064594225213592 -0.0016046400302466004 -0.002732619143782065 -0.07945061896019574 -0.6584134622718449 -1.815501290545136 -2.086519606285867 -0.9240065787268612 -0.7035715704991385 -0.29937351221663966 -0.4615204980755873 -0.2904907816709605 0.6758995696637716 1.0913233986616169 0.3994198010062163 0.14923275840031905 0.008446524301178768 -0.002274011458818956 0.006279142144876612 0.005250014226617755 0.00006010725200454938 -0.000010198246478877936 -0.001202431991987991 -0.006489271381631884 -0.02945391875473747 -0.033894120424913396 -0.2591137597356146 0.5456546482524934 0.9026274454850653 0.10431990891831759 -0.22555392219352088 -0.4158312504030418 -0.6140272687817143 -0.3758369169254045 -0.44890356135284043 -0.9959170397796514 -0.309128749712868 0.718683907602304 0.0973686356721778 -0.002662022139395757 0.01625484423934815 0.009806651173587342 0.00007718931588069833 -0.00001331470114817795 -0.0011461826213336709 -0.020272372356094356 -0.2629066200505463 -0.37931791042000423 0.8446910135178242 1.3895748319420596 0.8271483250842048 0.2256477625846727 0.03753339494007769 -0.21636202131524587 -0.1844664858580657 0.0027005596447419507 -0.20472961649383448 -1.1338130233437924 -0.6327955895156435 1.2164848414647165 0.20280716750961694 -0.06219384227271317 -0.012422544966113665 -0.006426023942254418 -0.0001738538195966379 -9.903982687039546e-8 -0.0019647111519364435 -0.12139488045541566 -0.3634396344779583 -0.054485253332219194 0.6808610715311193 0.49866782192116293 0.08190174381184526 0.025576397611530837 0.008262527999252683 0.002905929042731616 0.059690757550623835 0.04804170836118958 -0.053519909243703284 -0.1841237694482249 -0.8566850252801387 1.1729782903078136 0.9593664159393602 -0.1704657958404075 -0.01809161778937384 -0.004167734025224882 -0.00010068412155977864 0.00003741539552483378 -0.015963939900615558 -0.43046304346698355 -0.7046078072937036 0.8302866498181489 0.5394986079315296 0.005275465515595213 -0.006172587393161146 0.034385936179003415 -0.013054518763071284 0.014957070549007242 0.039490761761227386 0.009505089535020553 -0.03473087102106319 -0.05492773660102768 -0.014804782643579048 0.32094917093661846 0.055134999550617875 -0.225289533842217 -0.007644277564532355 0.003911320470247766 5.524417414012565e-7 0.00009932163486714285 -0.01985479435130456 -0.38499609731047046 -0.5350801199971734 0.39049155877374864 -0.0942828233058089 -0.009140474840565174 0.051371137083914484 0.031983653900103125 0.019712568359906712 0.03550899258991416 0.12158480764890818 0.01646999706349303 -0.04125136146820726 0.09370583145514798 0.13179089370949273 0.344137256586971 -0.3538029118166476 -0.297907497026341 -0.0026011171113678394 0.00935804724966856 0.00013148290081487477 0.00005372025214920488 0.02523132281809219 0.05782864825420932 0.3452843814472949 0.48874004960450895 -0.4387922981054759 0.02346098521264954 -0.0333754865757809 -0.07412455829992072 0.07383814765511705 0.10055211324819913 0.11875486822712154 0.14974876758587677 0.08827649141589515 0.1089303380100222 0.1737274201391912 1.2817507521848404 -0.039220009719482744 -0.3599307640282251 0.04875526364748756 0.006951933665189182 0.000019742650736093457 -0.003699763266293675 -0.06385478469934966 -0.006448091982655605 -0.39052869146198316 0.20566872652524312 -0.20768373201607765 -0.35238487260105994 -0.17286379879674824 -0.18603164121411914 -0.11292115633765336 -0.01732332654878631 0.1623571289184375 0.20582183661862413 0.1984140381823251 0.019181825399176143 0.8966060730649826 2.311696578147876 0.02493551999778991 -0.33599881076127996 -0.04720703056473132 -0.015457349593434047 -0.0003198815283362351 -0.004081587254262314 -0.1245748434523087 -0.27191486695922135 -0.44399135810975643 -1.0013796429704378 -0.3347786328343208 -0.8410526748498262 -0.4047868553119922 -0.17456499036273385 -0.07382581476063281 0.09669499554677796 0.2660093658470184 0.9238899871076358 1.2149019548360014 -0.6766821304573277 -0.42767523420665926 2.5385038887506655 0.7290693018228573 -0.3829013163005632 -0.21869259072404168 -0.016185913511442756 -0.000021937507327717898 -0.001850560700960833 -0.13351732543657635 -0.35158655457514926 -0.4269251097008305 -0.14745582082020162 0.6426370754235577 0.29232159339862507 -0.07415508719289526 -0.11495285522508088 -0.20527915651456755 0.00448141794978215 0.7640632325613205 3.516194369955374 2.725328518690124 -1.1935279214767827 -2.480248926872826 1.1145290564702832 0.5058381042263254 0.14682072375262065 -0.01010106447566438 -0.013397713958219232 -0.00003151444546788886 -0.0014420225560179529 -0.03693699596741041 0.0026768706887984697 -0.008611747510359785 0.05063515024515602 0.1437525617129556 -0.23768400876348092 -0.23277002336153133 -0.006233259348412998 -0.13362960215262823 -0.2724097599532424 0.31545254216295676 1.633644818074578 1.6359558535511067 -0.004326883518924952 -0.3460862658853992 0.8536052548247888 0.4408456263973176 0.37948106865025144 0.08069412046738447 -0.002157314954979148 0.000029225034226727957 0.0006659997470871334 0.08778253695505456 0.15798946197071118 -0.04231516724100261 0.0007328916373691414 -0.021503053365545446 -0.3792632529770139 -0.3138305883280799 0.32877268316358604 0.4273200423633184 -0.2615709780736915 0.08432566655707872 0.31388029602533685 0.17261479176499306 -0.021350092715167367 -0.07343594838535047 -0.026790391479961737 0.15093819921722534 0.2586533318343132 0.022273906017383042 0.0023993523119274665 0.00000440064351049744 0.00013715626703685176 0.049750118050769086 0.18729203153320906 0.0012828184839601131 -0.11570769464453809 -0.1647602605390978 -0.032814177835548075 0.010032556149074164 0.9075062150309382 1.6852906526771043 0.39757671994793714 0.4007674926023234 0.05652078069008 -0.02646777445011791 0.011032651959521618 -0.012091434869303565 -0.1845255396906855 0.23430780617897315 0.3300857977356234 0.02504049278907121 0.0024261027895664156 0.00005558109007486014 0.000024561444154649597 0.01128146003951392 0.18037012718214065 0.13441967494434678 -0.10818810359727334 -0.1640499411856417 0.009763313249562776 -0.30392833067804925 -1.375860104781411 0.4247688980612061 -0.4755253703302541 -0.1259464871522695 0.0787169375766261 -0.12147616554183782 -0.006583181086265477 -0.0487648141244809 -0.11229466063057829 0.07430477843185562 0.09507922479208786 0.009288581688113815 -0.0014090627301692504 -0.00004235867387289116 -0.000015807183282515493 -0.009443168466950059 0.09870496143896892 0.29620427395197363 0.10191131049896811 -0.06364273792067134 -0.997006398689395 -0.7034429369974716 -1.6106935181967574 -1.8393154575238315 -2.450819599781185 -1.0048148172857045 0.5266349667952313 0.021689759930938423 -0.006192923107718027 -0.07830768260124407 -0.2802382127771607 -0.15701231666118465 0.04172876006709837 0.01829557111226795 0.0026415183217859506 -0.000004135347687817312 -0.00002136469539751078 -0.00395843517924708 -0.024359571839829515 0.10137797108874398 0.2685403935318587 -0.04180345918504505 -1.2163426586110195 -0.9672292070237818 -2.06589390311906 -1.7701191009003518 -0.51165291414962 -0.6679537046082261 -1.272291727689782 -0.48637108031107507 0.0816227578155199 -0.16069947272037566 -0.18448264544889578 0.04803081810028866 0.03403656056407428 0.0133184626182107 0.0017044700228455573 0.00001666653864052218 -0.00003844931972225307 -0.0007332602999889999 -0.06771274672335455 -0.29070351776316433 -0.13203368623081457 -0.10656751428923862 -0.09177519128596989 -0.33871467468520755 0.41677165156629387 0.8678665899718118 -0.0705386462848595 -2.58743347415495 -3.3796243493634734 -1.1547766176078267 -0.2953841805128514 0.008135426159873825 0.3210256187738919 0.22962032354222675 0.03313214872772273 0.006058343166391542 0.0017387028245578798 0.000020912474147100508 -0.00005616601139515566 -0.001215152273481372 -0.01485057260154823 -0.3519875191126085 -0.7765301587268567 -0.3989206032145917 -0.3065523518595 0.12650988625575776 2.0227830668653053 1.7056696819844122 -0.25444381521808723 -1.4277783750689643 -1.4203600969784929 -0.31727406837318384 0.2986932674025025 0.5498584528222701 0.27239362863934263 0.05695185649369623 -0.00634875032967471 -0.0038812437359452955 0.000835361057547062 0.0000082605265697309 -0.00021480214207005827 -0.006557598691221344 -0.010931624084761116 -0.05663794377514136 -0.20347781048872376 -0.49646079081989375 -0.892056480179944 -0.08171026750116893 0.42377260549368456 -0.18120119537729723 -0.23569220222668266 -0.15488608335586146 -0.14091259619754581 0.6800531593279155 1.3383708974083242 0.5838571845656867 0.03975172101329035 0.0014700902698555644 0.005726405231100795 -0.0007957333794416233 0.0002236073929701214 0.000005467417271212463 -0.0001050134289659036 -0.0028814405321217797 -0.002324454315894618 -0.0024623192013455463 0.013742668059800756 -0.13766775108952348 -0.5888279260209142 -0.4751351852779954 -0.3347439815076834 -0.13610766839896493 -0.16431203821847373 -0.057894796159837045 0.16906351929610708 0.5390496815332041 0.43820642574692503 0.10233624756735707 0.028314108195518915 0.001094671624332985 -0.006099042224304573 0.0016129632829733139 0.00021348975624461945 0.0000017359279840653946 0.000010158908773381974 0.0005347085015087803 -0.0014902783320499499 -0.010193271301269508 0.004363515562577772 0.00615699757879078 -0.043806676171122765 -0.08018832047468143 -0.0759718382764713 -0.038403510888781946 -0.06569148940016345 -0.02902546935065292 0.017644588026198164 0.05346596980975515 0.017093073077945747 0.0034075122521093895 0.015000115835052546 0.00785579436903996 -0.0009381580316362648 -0.00012752174502769732 -0.00004504928202484741 3.6117190409168774e-8 1.1393436087213887e-7 0.000029174879950854064 -0.0002530165241184497 -0.00125016140061044 0.0002298045314977943 0.0008543202917135922 -0.0003973333092237577 0.0016104623720251826 0.004479957929580352 0.00005413527133486169 -0.0004043139760831337 -0.0006654380388557873 -0.00030514862275786566 0.0007612523942905807 0.00003926506850891981 -0.00003493424409951881 0.0005387450539119434 0.00034154130361777524 -0.000048628279552396635 -0.000046998476103066856 -0.000007087811723528316 4.3582381066776716e-10 -1.9716380223783906e-8 -0.000010063390293173043 0.00004507983452286431 0.00017360230696742893 0.00010817965293141188 -0.00019914362806041643 0.0002483959161659104 0.00021839969055223622 -0.004271886103743593 -0.006582825203861212 0.0013814512323413052 0.00536025613427516 -0.0069562504200941155 -0.00470451638399224 -0.0026825938986024924 -0.0005262018710890775 0.0004720556135146988 0.00032070725881019386 0.00005506241582124978 0.000002876865739783931 -6.293218726378124e-7 -3.3618495162769805e-13 2.5166879850875833e-7 0.001724602528480591 0.016318761143498114 0.014055460089978175 0.002150897106545799 -0.00420300519908618 -0.03104950220996155 -0.11247083486493842 -0.1677623641625209 -0.13334061096233385 -0.008634011290206222 -0.002394733801530791 -0.22853168432938745 -0.29266494013020145 -0.13824155608670527 -0.035550889903103275 0.001733265703151689 0.004985619993019845 0.011880929640067121 0.003001479637461999 0.00011673969988132968 2.2257915580945494e-7 0.000009795797759112966 0.005415464013820132 0.04336644613091934 0.033312439537462255 -0.002022754808538767 -0.1433788302287335 -0.8141575861539586 -1.0076034335701383 -0.6435148093780491 -0.45762979062811476 -0.2231338292044399 -0.25112397818427395 -0.49448765429132724 -0.7873022115215741 -0.8966150470163671 -0.31653356327422394 -0.005583796253656494 0.004446209908952767 0.04128774209376121 0.01150206933492201 0.001033424398849927 0.000022846667116182646 -0.000023342743706960976 -0.003343245573982476 -0.012019853473424838 -0.004238962661495609 -0.1608170725618389 -1.3015305635506176 -2.1533960168496433 -1.367409652425707 -0.71405364464338 -0.5710309009306301 -0.36791497831447756 -0.5217117938731936 -0.4228151112237496 -0.07388133092926151 -0.6681411577815088 0.3190127486420806 0.5588217897229267 0.03882151694227961 0.008758192270920876 0.009491785652402357 0.006143869364078992 0.0001195994938822803 -0.0000389843238907136 -0.002082967809086671 -0.009480252403868484 -0.11263563717135401 -0.43841315686451177 -1.1989995927330501 -0.6007245085092967 -0.24843716442248404 -0.3866719016376735 -0.3839929164496652 -0.35087712285483336 -0.3283785850969752 -0.2734522684727835 -0.02699128489088114 -0.46108763847713036 0.4583079953022606 2.038832477138316 0.44926251818723123 0.005731501500164108 0.02504470890678532 0.012610870755567796 0.00018867643489338832 -0.0000014321177809697425 -0.0007504816072164747 -0.03300886090519662 -0.5006049002140207 -0.8879023802788866 0.1427587922520956 0.4014158737469727 -0.04853713010902375 -0.019975558406369425 -0.03776547270467173 -0.052755896223398664 0.03797040805980624 0.035186189562597454 0.006786865746214745 -0.49895719479408523 -1.4515939423321127 0.2982356270491522 0.5478946302143406 0.029572627553018406 0.01279458144112847 0.008992479119139174 0.0003109103253075081 -0.000003993722516545215 -0.006090518552876338 -0.20585952771222177 -0.6689249327596553 -0.4659368105163443 0.07525868091199664 0.09752315294534752 -0.02405833707330397 0.01700932927640209 -0.01830804905180048 0.02168080652134443 0.06698880267758124 0.01183669614349776 -0.057404712568220766 -0.3007182322425566 -1.1287313230368639 -0.4396249483293916 1.3390181413863007 0.22750609639762406 0.013489055066641066 0.010147565789551748 0.00046927485057244407 0.0000035257221025978544 -0.02630850840806513 -0.520927436614073 -0.7241055902174824 0.9076393222250629 0.2884365407383168 0.027805734545735927 0.057013347288902734 0.081605094963472 0.04172062646221631 0.04274293775565402 0.03755804458802489 -0.017969660656986314 0.01883393132130505 -0.13719956394444197 -0.2545305379645915 -0.23312468824718255 0.4716818497620651 0.1674882220834619 0.05219483731232368 0.012263874338989308 0.00023975043987301087 0.00010741551660526197 -0.02978521980057847 -0.4200288586942046 -1.178184660752364 0.8700231490518093 0.3108446291511514 -0.0643150373215431 0.02479201598081814 0.05461340425680386 0.06780461472981425 0.06255055773129878 0.06724768209581855 0.03716060819448919 0.09977742487393892 0.13617084125877854 0.21374543144391553 1.1677618522954154 0.06031208940160392 -0.11429420217508142 0.04579200580318921 0.01059477517099029 0.00013187474134459886 0.000026698297017864565 0.019548647207248235 0.034641052232627395 0.11867653508496837 1.3002638883057782 0.03574427823100814 -0.08629097151240937 -0.020200165999384734 0.005584974011910764 0.09051671170674797 0.07197246067485792 0.010981442243779643 0.0705061095386518 0.15206100074088244 0.29072607687383506 0.656185887425769 2.9560429824199037 1.058972619684389 -0.038164997734991095 0.07983493869488673 0.01926579336224704 0.00013107040245184862 -0.007684729132820051 -0.1890934891931581 -0.24125540771923115 -0.29678064591708386 0.870822539007578 -0.7390075695960513 -1.0023812124481237 -0.21898471948321782 -0.0493074625361728 0.04183986492891185 -0.03964369497191626 -0.06845268025307187 0.08007927900228687 0.30273540607578897 0.6826824992345917 1.9015022967275121 2.791921201780965 0.48855829923717675 -0.48663242733932677 -0.00018569178788087782 0.00494208755743347 -0.00008796512418459613 -0.009799521936591086 -0.34181583200726073 -0.7925204823024333 -0.9293604623554597 -0.4672080866260971 -1.3922422075932375 -2.49058384478831 -0.8226386464748413 -0.03462183248413398 0.009675622035685616 -0.11188727643601913 -0.06498660184417156 0.6231239295528122 1.1894857945518624 1.0481967444951958 2.3148317763511352 2.386297084622728 1.0554108679265106 -0.7301554133582725 -0.2723625313140793 -0.001961424149529881 0.0000056934953018957056 -0.00013951579004349506 -0.08005476446326572 -0.594039972005301 -0.8470602552214742 -0.36984476638810765 -0.11445118550902221 0.0681762564834896 -0.22129318041192872 -0.06460233723819546 -0.10485668952508155 -0.1167166589127701 -0.018758002404727324 1.2278036974974846 1.0331137163029813 -2.372897195009331 -0.9502342739040115 1.596014775984154 0.39609057721180296 0.3916307788803886 0.1921214432752501 0.02857427636189405 0.0003088840990955288 -0.00031767934413987514 0.007030177869063188 0.019512765397552742 0.014882797177439054 0.0035303444678844668 0.03191456629080731 -0.12259458528429609 -0.02256670461482535 0.11671887441500413 0.24160639381108287 0.5650373343532014 0.1241168185307144 0.5084150063895378 0.6621608256174331 -1.3005029581905345 -0.47056640502394603 0.3020904470971469 0.22549366410546715 0.8217161833367284 0.18383780870438096 0.006875458213904813 0.00011697298421662968 0.0000899793415575092 0.03180585592606304 0.07498230139025593 0.07668691653856317 0.12610669864054047 0.08606759140342696 0.12288103513515736 0.2711417389169734 0.9478373700629764 1.1993613560671055 -0.142884230948624 0.11599838585386571 -0.043928842858768614 -0.0014892979168021235 -0.07076097253161183 -0.20951331360418968 0.01747448822500926 0.6855236360644893 0.7413956922499565 -0.0016678128154429838 -0.0067233057448901744 -0.00005730377212039004 0.000008158319728696234 0.0369955873462814 0.1872577697457682 0.08769373304881502 0.07478913484244858 0.11728347465954952 0.12379456800242647 0.1687550500963944 1.7440173066947215 1.8899269048490337 -1.5999322958150857 -0.1991377832684107 -0.17064609050887297 -0.11592211215517768 0.011134695509158216 -0.03354499175100251 0.1689992450828108 0.8042806280786933 0.7869486279912173 0.01760967180568119 -0.00465326274585489 0.000015150094599968147 0.00011308157558145363 0.018356335056330296 0.1601659512124225 0.16198720845066591 -0.03317784039911374 0.07340713452794248 -0.017360929499435632 0.28612467747937564 -0.15307680714115934 0.34074008665224886 -2.0705345828262036 -1.012616891656209 -0.13003368586787598 -0.16805300557984365 0.04974387291974964 0.05869643138975113 0.35692489112766984 0.5212345650925511 0.3584300346482087 0.0029844047538995166 -0.006472326205164362 -0.00008607211952664342 0.000037830066697243454 -0.0010892532091897654 0.05669054155073929 0.061213631701879594 -0.1264068850874735 -0.25851810420146015 -1.681129331712836 0.17512787308153713 0.9237633253391881 -0.3672516667631522 -1.0631315223479116 0.19783426545570307 1.582067244751407 0.24883449200639535 -0.1598566735086642 -0.40755726966637057 0.03476070788065614 0.5618042355436362 0.15659817531599995 0.008620584500078085 0.0034930581054502022 -0.000027523235515649518 0.0000055195100228423755 0.009059109923698055 0.07582240413189592 -0.04944578985990825 -0.03383163300694975 -0.18582360169957016 -2.2304082161144074 -0.5300711711477096 0.39323218827578416 0.19886603683485393 0.3526412365190011 0.3537757992753325 0.2831309818779184 -0.9341278609302744 -0.19012846204282025 -0.30067734937848906 0.19446054418097863 0.7256052930286916 0.09330824035044678 0.008575028883004258 0.003208364432721208 0.000034025135191262834 -0.0000419890622157027 0.0008691008061190883 0.010477776964613104 -0.14712774742560322 -0.11114752421384595 -0.3898370787307742 -1.717323811978661 -1.1673364640152295 0.26950462181278323 2.4555997444306055 1.5706659542064387 -1.1864184995186156 -1.8788993320378877 -2.1941025349652437 -0.4856493216592359 0.1618079220254246 0.49171333195057093 0.3648279445457309 -0.0058746359486391625 -0.023018737046662276 0.00020904011713653552 0.000022214246600693968 -0.00003234198728144184 -0.0023161782908066985 -0.0034038066087447296 -0.26314095922198966 -0.9724705861521699 -0.7387516688152642 -0.8870028039925222 -0.9207123062315687 0.1071729671813352 1.6743742930133916 0.38738964077723914 -1.1922999918902626 -0.9291071732391813 -0.7512678757904314 -0.09070559669455772 0.3087397373089342 0.19329812275776248 0.057324796237528286 -0.024212231145244005 -0.0069944623870027605 0.0011628200102281156 0.000010387392912623209 -0.000007686997602162915 -0.0023284840287122873 -0.010557845130235307 -0.07923486819264794 -0.5077432301880721 -0.8805170397195771 -1.503105652346975 -0.49935957212064275 -0.040412281447183486 -0.3404367616969555 -0.5031391475267818 -0.13444990342684288 -0.06728898978986797 0.5243109729797728 0.9696048688029728 0.4621012213904414 -0.017657397621885396 0.02891408224929925 0.021545960110113373 0.007166523887247805 0.0013147111753847548 0.000010076015033641303 0.000008516534752376819 -0.00010414150870092064 0.00041542395546892235 -0.00681241002339338 -0.0072280035965131715 -0.18532265636201425 -0.8260093004922029 -0.7983636175174282 -0.6831660688283981 -0.2835459950952961 -0.2805551316535087 -0.08121276197359802 0.0870227666190322 0.46262819524397747 0.35702612633862146 0.14339683585507926 0.042297645027094176 0.0039421379921712185 -0.0063599732535252335 -0.0009545585572111912 0.0001753747198251234 0.0000057347015692611585 0.000005019099320483347 0.00015519320987076248 -0.003399336569669957 -0.01261097363205536 -0.0021348131966813983 0.0007091833607342358 -0.03857454929600798 -0.20925637349218718 -0.40284020891880445 -0.12825926215383282 -0.060157525566274815 -0.02287266320371199 0.012914861184052434 0.03513482419277237 0.0047802827781064285 0.004445119965668393 0.010340724909828134 0.004954854736006074 -0.0022652873788577867 -0.000988487026792251 0.000059234476349921235 0.00000154848738660755 1.1117592408259452e-7 -0.0000018251011839019074 -0.0004938336318580214 -0.0015906733306758941 -0.0002345054213475011 0.00030251119153244387 0.00047976288606669447 -0.0014242026854777087 -0.0079613854644751 -0.003473094278476337 -0.000449845044209313 0.00022551123282253202 0.000979191045954187 0.0003488826453566154 -0.0002581093708141715 -0.0003986278928368031 -0.000050110979694331654 0.00022727804368717785 0.00003467648215568109 -0.000006438980007692488 -4.904348265947011e-7 4.162461947579086e-9 -7.728035984248727e-9 -0.0000025015560969517193 0.000066744926486255 0.00005396698884870448 -0.000037320005033813625 -0.00007200104681193777 0.000025467945404827478 -0.0017056854371952257 -0.005833742419521191 -0.0034081948128569218 0.0014907082683970005 0.0015892813756755786 -0.004584166508774168 -0.005057005160345275 -0.000772226062821597 0.00006251294773688794 -0.000330998306234807 0.00006377697444050795 0.00011055221444602671 0.0000012425307636917981 -0.0000021674561559315383 8.639137409350989e-10 1.0191446382667904e-7 0.0005160875782981835 0.01640296660467508 0.021449480354779896 0.0016398483612845324 -0.0038428031784738005 -0.04915610541839438 -0.09961928490158456 -0.11010009177931736 -0.05157762629981382 0.021990973278554236 0.010243607907933746 -0.09870246586189742 -0.20637326574117676 -0.20169917165163073 -0.06193512880359189 -0.009156184829647562 0.0002486865683955913 0.000028027300227206442 -0.0013096860121583048 -0.00013059803923924572 -8.081175501264645e-7 7.994686473260048e-7 0.0006189158911474922 0.03435882486828865 0.05006506982339228 -0.011779843547944776 -0.1715087740146295 -0.4506928719096246 -0.25108695557081934 -0.12164093030380602 -0.038766869709754015 0.04290150791502167 -0.014787928235266947 -0.15463310527037344 -0.39613751524085206 -1.154810954507648 -0.846233635566417 -0.1399960608987568 -0.00486884006135109 -0.004293361429985209 -0.004382692205233693 -0.000919100062003533 -0.000019704701670789654 -0.00002068009199900939 -0.0010334584591832868 -0.000660691076186875 -0.010040455616119897 -0.3403605879719793 -0.9795651130986724 -0.8443508299725179 -0.2707424421999951 -0.16084803613354395 -0.10988749718318161 -0.051479427666450625 -0.09384945483228117 -0.1522350172157006 0.0008631545005560164 -0.6385365971812477 -0.8820092777652706 -0.29677881469518136 0.011123103901201782 -0.00545599265905655 -0.018752480158573295 -0.006891665719940473 -0.000030015862864237634 -0.000011321165904839671 -0.00022904332724826113 -0.006563842982377034 -0.2644234263295741 -1.1732526026559105 -1.1548899951719622 -0.6003507181993367 -0.30947969804384867 -0.10928349241504778 -0.09545124763722085 -0.09794847159600843 -0.029941033407514715 -0.009437114291848708 0.08656383136860432 0.22603329368805328 0.47100117152479154 1.1063865832349655 0.5932688949715917 0.02943844324616424 -0.01352808398598071 -0.0022566748169576037 0.00018380065269592766 -0.000001377558098634961 -0.00029197103901653325 -0.04470864415877434 -0.6123674668846083 -1.1813245352217445 -0.6037645537866094 -0.3003777079778813 -0.13532842463889197 0.02824922123792155 -0.007975901924370084 -0.03192401753070217 0.027037123498325075 0.027189556597716612 0.03591383315007285 0.1642310342156952 0.07529385952545534 0.7057557478756996 1.4921316122760668 0.4455398300812529 0.04105366704039016 0.01897609334464251 0.0007490958386361408 -0.000006529723252351658 -0.0055817939464737 -0.14196895013651084 -0.45540872726368814 -0.4065239811885949 -0.2238781662570724 -0.0605834564590814 -0.013692754868387804 0.07374859583008365 0.07164320003709279 -0.020525132145774838 -0.011865003405316151 -0.023922655107027374 0.051266500970637396 0.12556146591186085 -0.11080620240080896 -0.19769161009669498 2.1861016995216556 1.207973032475806 0.08959624349694904 0.019460456258278518 0.0006807838243353819 6.190175931302221e-7 -0.01606014756573447 -0.14911779882115125 -0.20294954283219938 -0.10090936013769246 -0.05199113546179346 0.15774413679715799 0.16809822942640776 0.13267740336124162 0.12437292916029197 0.02333605243259164 0.003177722119883304 0.005371042598700963 0.10884960752114475 0.15711437388228458 -0.03929705997989278 -0.15484955769896158 0.6898567408796439 0.7512902693950485 0.10762922413599012 0.012549799567510461 0.00018541329867807028 0.0000029763862224921814 -0.003907940884252226 -0.09642053563508408 -1.1709033345942619 -0.49816660123731415 0.0888925384027835 0.09084077353356126 0.16730494033377855 0.07891474191795289 0.058863726904083265 0.07254418884906813 0.07202998081662518 0.009877700526462441 0.1281357265690999 0.23950329364797301 0.10117551360601103 0.1430123253411227 0.10910437301026048 0.5826286609586433 0.2109452864190454 0.01347846685863446 -0.00009254552230695852 -0.00017441004399073183 -0.00314823716007709 -0.20823304616185975 -1.183577939315115 0.24478903574913913 -0.005444019889568604 -0.04831535221307713 0.05654112094874485 0.006546281967297387 0.08543339102849647 0.25844040073239943 0.18876817979229774 0.025666565901101727 0.08616943421660737 0.29103084746517066 0.29961825289209904 0.5643737674609606 0.3145408457478209 0.6994865461735579 0.4425081104202842 0.045131473484448535 0.00028692447660081343 -0.002939859025635611 -0.11459550638204889 -0.5623104693232405 -0.7777580163753465 0.5553854901311579 -1.1395640574713382 -0.46269453712490416 0.04865311536924931 -0.03788230963398422 0.04602017424702204 0.17676257518410726 0.09362834552264537 -0.07210734760574841 -0.03553100256717279 0.20556269972174945 0.4433416301351212 0.5631374201420646 0.053851728588998164 0.10450494488666644 0.33568915394868687 0.056399261007195854 -0.00009536443603486042 -0.003551769730425354 -0.28806520309178674 -1.3630329727820538 -1.536988307673725 -1.1653708706011248 -0.9859535157802872 0.07945963757106711 0.23625851416989752 0.12489978914551729 0.06367793743824449 -0.05035930838484257 -0.05369205029363236 0.16484873165009206 0.047522729739191166 0.19190814012968194 0.5458055677053324 0.25890190173254995 0.13214276002497682 -0.7432139471419245 -0.2896456245958696 0.02549809809898084 -0.00005345762504070364 -0.001043690636649667 -0.12138646554604196 -0.5330970724946409 -0.23489989574258643 -0.887101693167445 0.32467859650689773 0.33211400029008387 0.1793808124791723 0.28111110430000985 0.05515424718345452 -0.14331218641196583 -0.10100531267182793 0.16358888560583618 0.04252612719736136 -0.12316744489392278 0.7505138356374242 0.7690161484654048 0.42968765204321224 0.19364089604450344 -0.042038360826452355 0.011792064515360091 0.00011610480606358606 -0.001194241334609176 -0.10003921325359938 -0.21730207080871058 0.08585412043195509 0.20216946230714974 0.31201701446284696 -0.03895719963945591 0.12236051388548536 0.35061012578397815 0.4129246135927588 -0.28407486942120747 -0.1754127416836391 0.035074607470903886 -0.03215677782143627 -0.06466343368612563 0.341518905292988 -0.19674803737273588 -0.061111295509382685 0.33129615808964663 0.08095534889418185 -0.006114578579423909 -0.00009488987393499306 -0.0006339023939194813 -0.12426460757911481 -0.3800731837771735 0.06987620726394538 0.3890767052627527 0.031970991153231675 -0.004480771303433156 0.2122098371482207 0.25134250896250665 0.8812070693340427 0.05729564292653849 0.19735246313736954 -0.12889976703955078 0.04764632706697835 0.08074766862901217 0.0630644367721045 0.00415619762225365 0.10182107850191874 0.22704177927105149 -0.018626344796885633 -0.007510439925599121 -0.00011595346046396941 -0.00019927768241197403 -0.04330799408485949 -0.06929884083407896 0.01302242779479323 -0.010828616920916103 0.10836840794127801 0.09558754184360116 0.08407696904869383 -0.1426040852569549 0.08698498748405242 0.770110885558703 0.7661250297804111 -0.2624667730822165 -0.046187173239560335 -0.005365669638805528 0.13858422879370078 0.7901746145368388 1.061483215594062 1.1661722858309596 0.13129705863168684 0.0005912379600778019 0.000028978964216026246 0.00003260663855390179 0.0019865340873646588 0.06042324767730157 0.05299804818917652 -0.04125673012608762 0.2193436140197007 0.387295240036926 0.5756652758772964 -1.0163245981951694 -1.4078314698788925 0.15108031230523286 -0.3067644487639967 -0.625509618662747 -0.28348065558176955 0.14085861982357561 0.27766692652073044 1.459955477547839 1.1248922156589276 0.8858155979308543 0.09244159694480626 -0.0012172226628483908 -0.000011224288620173618 0.00001037997113289311 0.013185463478940732 0.030975469234747484 -0.21918883703515113 -0.26409107516164076 0.10133814570987743 0.2164135948806571 0.5536715340762389 0.3099820324971381 -0.4093232385997279 -0.12120621353179367 0.09060186552324327 -0.8987889557553373 -0.9475014250157321 0.07119268174465597 -0.34443476212168334 0.5062971996571922 0.8859081787112997 0.24678152886394897 0.013343180512890017 0.0021498678310359577 -0.000025613173402400925 0.00006697824679571403 0.028608150817442966 0.2204555161339896 -0.04528455589152756 -0.04381538125667406 0.4642919686105551 0.24223242948651968 0.33040285556205956 1.8474220691171805 1.0140669795656974 0.1760833443354201 2.0813133658971887 -0.44060409785437005 -1.4584724024397295 0.1395466765271497 0.18005726281635687 0.43909839146729224 0.6875048196784891 0.1413799246216843 0.0037870951221926135 0.0004928930080847925 0.000004970099376317327 0.00016426217445464459 0.009468648789250435 0.09442821067872705 0.2039716086506529 0.12989248565364578 -0.3130845177265758 -0.8145292373449019 -0.25274019608785236 0.6143759693236392 1.469152753942216 0.1423846619640976 0.13632284721759597 -0.8314050380542338 -1.352103828950287 -0.16113681593506501 0.27932271330780906 0.22927436824547343 0.08586736271838548 -0.03451044032488916 -0.03166256274851993 -0.00006895948012114575 0.000030136308342666826 0.0002516621402814603 0.006859673345894633 0.037676535278465956 0.14730757896136998 0.02489366548545241 -0.07765405986348066 -0.40205326405395675 -0.6270695778487468 -0.7937016180653279 -0.12081574592744668 -1.03935992001421 -0.7184013558188319 -0.09526768609941501 -0.5738731455624542 -0.5218813761471015 -0.24273155647729974 -0.09346569458981695 0.050341860050788875 -0.00449312104944127 -0.0017978614597080793 0.002304302711226556 0.000023100707610484505 0.00012232171774870717 0.0021979839434978585 -0.0023432408504110215 -0.008543048829976833 -0.01142691602808053 0.1588928341740717 -0.25871196435546373 0.017122743218299718 0.06122412451264066 -0.9048943451266556 -1.4161138189113995 -0.1746641300357761 -0.08121663793130375 -0.3367852534077939 -0.6577354137275728 -0.23960581092978953 -0.027223548486310097 0.07045616569248724 0.033185350276079294 0.013907901760583615 0.003944004222731701 0.00003178865199982871 0.000006656255370536192 -0.0006334685275372105 -0.004896025251635999 -0.008289918410920818 0.005410131779221988 0.03744518025282225 -0.014330756383427384 0.26252775065333855 -0.5475272084122964 -0.6256002268929275 -0.4368305573605877 -0.08344007990243203 -0.07029792387084167 -0.18419365863014348 -0.22067699583538608 0.00217003961743201 0.01631382567713032 -0.0018272797415216752 -0.0005752588401005887 -0.0012080160808977578 0.0002450224061195443 0.000010036548235816935 -0.0000014133865567395799 -0.000283012656116424 -0.0018711444691906617 -0.0019266106026866892 0.0025161826804399622 0.004561805477606936 0.012644183410059505 0.013402752216628361 -0.2013818336744749 -0.09191289080957057 0.035186036081281576 -0.014700713188551625 0.006570715564776409 -0.009681894930547432 -0.009187122003130006 0.006389597879788673 -0.0016052199874750687 -0.0024927891693168718 -0.0014305956025406936 -0.00219247637809138 -0.00046302258252374175 0.0000012927994121326385 1.8610501954499683e-8 -0.000004806030064032614 -0.00010113887427553522 -0.00015394782514054338 0.00029180636511760046 0.0002306512685624859 0.0005861774896447254 0.0010388372817898167 -0.0019386747044484625 0.00037453283161971993 0.0018180526550024643 0.0003141651184068258 0.001191117996548821 -0.000014964341017424188 -0.00032692434893205044 -0.00026526590924684176 -0.00029658372958143325 0.00007527331373388807 0.00007420502689433489 -0.00006211231351233632 -0.000029122142044763538 -5.681506359496504e-8 -2.2966497311454658e-11 2.3093547844898454e-7 0.000010725962710519227 -0.000012192014910912272 0.00010467882742405422 0.00012339475772758752 -0.00013854270142789248 -0.0023258885412278125 -0.003098011684219767 0.0022461569573424193 0.003183545641983607 0.0017834251701826169 0.0018192224488956816 -0.0029074669184154735 -0.0002464146266510628 0.000014401291653404613 -0.0001949082744104005 -0.00027058751429242004 0.00033951639916968444 -0.00006375833075639524 -0.000011160636143538899 4.2571829676514337e-8 -1.9231188484258502e-8 0.000037089368003437094 0.0023060677635871134 0.002675519905612331 0.002789369667077449 -0.00239057352988244 -0.032001826598592846 -0.06260333079123596 -0.04574390694061582 0.05992916130077503 0.06392309624375132 0.041186359300906514 0.04482804603698556 -0.04080668718796235 -0.0835719204648369 -0.06681781431714068 -0.009253443200322564 -0.002180603952489025 0.0031504578155278854 -0.002657037983471644 -0.0006394050266519686 -0.000002465572167766842 -3.260607637166516e-7 0.000026031893167231647 0.004729619143313919 0.006194379237254294 -0.039213220994410485 -0.23480699621921808 -0.2152079231739897 -0.03282850601246937 -0.004376013828889808 0.0858308106109175 0.1105011774782103 0.07374019948823861 0.02997973450506413 -0.03252668759850117 -0.41742700688262874 -0.7324066314648597 -0.2552048699460623 -0.008385165545703658 0.0023815637591020327 -0.006149377516549774 -0.0028855580770601914 -0.00003096507544975936 -0.0000016754419265712989 0.0004917496320687714 0.0013937397445529813 -0.022800376658352006 -0.5763557857350666 -1.1997651415610868 -0.32460122702138094 0.012396375932386567 0.0015264029290132368 0.03653905032156677 0.07386451495889529 0.07225532726938927 -0.024926430465958358 -0.07411172261063607 -0.3210560854082053 -1.3932529072027338 -1.1417564046075621 -0.13125658292206902 -0.006526254688291545 -0.028960580593681597 -0.011237753697009202 -0.00011795320271227153 -5.668439355840635e-7 0.00050336332465065 -0.004760090649425491 -0.23913709581768483 -1.0738465112099929 -0.8240765606704611 -0.19705685454843902 -0.0898299123931639 0.06133685566993826 0.07042504499458187 -0.0031271156563453233 0.019676787000225144 0.03729382640653097 -0.034486186680040554 -0.11839615222199963 -0.6670051665244807 -0.768303063107387 0.08102225199329524 0.035819199158277484 -0.030015935784420106 -0.010280434647452912 -0.000007579556196449731 9.008321839033405e-8 0.000302213952558804 -0.023117851008733294 -0.37996989251478536 -0.6083487948209324 -0.20579063854387952 -0.19152689648900734 -0.031055045575307656 0.11811205219886545 0.06488618003653047 -0.003961019587528463 0.0009071685284864418 -0.014664098121379714 0.006320063294987117 0.015692120892565692 -0.07703776194592896 0.287010589044304 0.8853057778610537 0.24377763825372686 0.00273003524254897 -0.004313708080416583 0.000045081809530306183 0.0000038067863547660875 0.001316436356265774 0.02982596882432449 -0.02968282015639305 -0.1630492353797201 -0.24082765442616405 -0.057237386907384905 -0.006755936389060127 -0.0013757214817300845 0.02430831218586741 -0.012671108364019312 -0.051917748971242135 -0.060864850188792494 0.10148201843969032 0.14947460184860448 -0.0023614739376323236 0.10758277161239803 1.088243321236494 0.7901198197684822 0.06399691490048776 -0.005519301264088676 -0.0001618095516726193 0.00003220940333510137 0.0033560638488200276 0.10816944971084344 0.05775351770572259 -0.3260768861415273 -0.2350978440025839 0.03334045020715772 0.05988782017605165 0.048114864748016385 0.06330059495844637 0.04181908169075426 -0.03588306202484331 -0.05249448010506657 0.03957222344371058 0.07001863595573393 -0.03873833061117818 -0.061902075947906046 0.43148251693931455 0.6604169793047208 0.09460822958045483 -0.004698915459297229 -0.0002765216732817456 -0.0000048959453514415285 0.0021906501952533757 0.045013361579227876 -0.2342483542807577 -0.3279661516736901 -0.10476677763308007 0.09715372154845273 0.13673762640849546 0.02695993782888926 0.07895015998179744 0.19984371396411618 0.08298910495403629 -0.04174512986159412 0.013818167583419139 0.09957887731934634 0.019785569016020212 -0.03470485477570414 0.12113011221740445 0.8896890934434094 0.4182508905586698 -0.0007309492014669361 -0.0003431808347711179 -0.00022014745574203392 -0.03344394365131601 -0.16610678304649484 -0.523996087337445 -0.13510873557316302 0.007470629855887494 0.05222698360709183 0.08931977496945898 -0.0246379367199569 0.07642290866983391 0.38611339095025626 0.18793404779590642 0.009269404804100502 0.030490437619373045 0.035416217690965965 -0.033518403529435865 0.0026078149638335693 0.1645304695864362 1.1968663177826797 0.7419468646643299 0.035520685071536426 0.000175770313419225 -0.0012683700823440179 -0.11103002559675022 -0.4170557636737753 -0.41446558522705096 -0.10308801074373633 -0.05248282177314262 0.09960185822586254 0.3297663641915108 0.08310619992423345 0.027416277903000545 0.10371608957447909 0.1088734376800662 0.020180894792645888 -0.018742144371325722 0.027343029312814727 0.02445542716934041 -0.08170076716915865 -0.060865262695793995 0.6006854563056614 0.6471906149497494 0.06404478983218631 -0.00005311058421511524 -0.0029706060800979927 -0.39693075412337686 -1.6025913040237763 -0.8723028506039311 -0.18673673156446172 0.38783728935889755 0.3770918312773214 0.3500240305780916 0.07751961076532546 0.11741858093137113 -0.08850385082770253 -0.00571492100955011 0.02870776148972245 -0.06372400648022675 0.019612184574850318 0.02139528970736447 -0.10375412374033198 -0.17681674404256836 0.11779779251554189 0.264948445355599 0.03467014338962377 -0.00006111990422209586 -0.002523115126513291 -0.21981581386074087 -0.8218640724776891 -0.6674775257439308 -0.7094991652897396 0.48130194357768585 0.09284757871574653 0.07849877795662669 0.11735216877884352 0.11165304576012693 -0.07590714609918528 -0.027685939300895183 -0.031867512124632104 -0.04239539245457621 0.02982096067741586 -0.005939955782652461 0.010456254278752764 -0.04756745534598798 0.2978439208963359 0.20901773387292705 0.006021829303170161 -0.000008789492866760135 -0.00090361714505537 -0.06816292710202185 -0.2645143902986964 -1.0671942141441693 -0.9520577379996452 0.09522525727952279 -0.0628873903893445 0.025760321993504875 0.2757641159198752 0.42208170521883864 -0.3971708481880291 -0.14699369800363815 0.05689989281276632 0.035593605832434864 0.10369263701342218 0.01535897767881201 -0.1033235939728941 -0.3034896589124313 0.07575932840396087 0.09353624862300469 -0.0025249709775100318 -0.00008558792709336197 -0.0003005984161494968 -0.04180909370237405 -0.10260310422670166 -0.2206221337529875 -0.002712694368270783 -0.02604498034710232 -0.041021134391132696 0.0483318843149055 0.3061648902691126 0.7810424795481256 0.23495904894536332 0.462539111909444 0.09536397915964154 0.07853715338677295 0.04680250010097374 -0.0171767777878485 -0.315263049843513 -0.8327154455720435 -0.22505886118049326 0.002348711621151708 -0.00044561862738373 0.000012414987438910193 0.000030819998815959057 -0.01705083727628848 -0.009339612031795588 -0.08966690636995044 -0.08280686072314733 -0.005967725192013385 -0.0828535094192656 0.009965088591373177 -0.5045146400229565 -0.9458638904801497 1.1304044315377335 0.9557470043170844 -0.18975094960699904 -0.025283648882975393 -0.0419963748433597 -0.010137725119002832 -0.35288581482678366 -0.5025517760588801 0.2140696043569464 0.029412195630938158 -0.0008804315268057743 0.00004612354174918597 0.00006932482294431185 -0.010138624932499448 -0.07865680549839556 -0.16246576116252848 -0.14454986140299006 0.07709435529764729 0.2941868391273518 0.9059190672990042 1.0190444760441553 -0.7201217698051181 -0.5915931334204579 -2.371440700075837 -0.9140169066571477 0.1150541826328154 0.1178500536579554 0.24369120047634998 0.21455810488815333 0.13861633729582626 0.30869255201323104 0.0151951638143818 -0.0019943339451707516 -0.0000296573683824741 0.000017828962839018973 0.0009990385888803707 -0.02195347675887626 -0.12640887396583836 -0.24123606012737667 0.261232343459851 1.1715782575678557 0.9159228863988139 2.200104451465936 2.2177849269164263 -1.2924996965763171 -2.497528845350535 -0.15273102637929553 0.6845369947228765 0.5774684930298795 0.35826263181323026 -0.14220595726686572 -0.01926486334880441 -0.005685786270779898 -0.009036380586220187 0.0006680335060536369 0.0000018414221704673473 0.00001850345142046586 0.01392038902031061 0.2975207131856606 0.5696633524192152 0.16989388181509452 0.9556871035305545 3.616654460331996 1.9400457009211989 4.120073330776517 3.874080197538923 0.5848323284019081 0.6650935798568097 0.0756956948953937 0.7304168371587085 0.8282140693488246 0.08973778229313119 -0.6075297911238812 -0.5108860587873164 -0.16267592451039736 -0.019285086691149977 -0.001015296352462232 0.000005326472413642517 0.0000703413377497296 0.004558609014168137 0.16026810155375368 0.9574059510684163 0.8859282345784683 0.3546160184452327 2.258202634779328 2.870458929777008 2.6494925453678646 2.185899643772185 1.3716049719475059 1.7026511300375216 0.05265134590460514 -0.26321953096895523 0.08300939873286245 -0.37958276557721315 -0.8797241772068911 -0.5497684385112174 -0.07971066002126752 -0.016378020477380992 -0.001388957563392592 -0.000005132174961291788 0.0003026325057958713 0.009287876657553337 0.04679000442086259 0.49875657122067035 1.2776911450782396 0.8404051551959211 0.15693013113612306 0.5406836462122367 0.3763878958986969 0.47659732550633255 0.10149072989328156 0.46760869389152465 0.6276955027169895 0.09671885934843018 -0.2708554897523728 -0.9205683200981405 -0.5030576890784225 -0.11257201540920096 -0.009185925963413775 0.0033362636110277634 -0.00007095950977633586 0.0000026473789879380195 0.00019424013782181539 0.007137991229899823 0.010540772750764375 0.038178011494683056 0.40517719817304765 0.885055075041152 0.09912867328751304 -0.1476090034170995 -0.02587213273919802 0.13406145251719412 -0.5195144393279035 -0.15508137677774028 0.07536393649511973 0.3819651641160872 -0.3290189916246641 -0.6793707972438219 -0.12637626649528125 0.01181833863401339 0.011218689015051015 0.013716746237361063 0.002998143028175255 0.000013525694702441615 0.000020854436328709587 0.001178580572300953 0.0030261883204314504 -0.0020417135232229937 0.02071948041182297 0.10797183910225573 0.09343260585411449 0.3788581913612601 -0.2968152298683088 -0.18960665450027658 -0.3001731515375484 -0.25207225773840297 -0.08351967254946754 -0.06733447056356599 -0.1273564607507768 -0.05662882692348927 0.002255592299373086 0.009652943294614138 -0.0002852580912212393 0.004749361049470813 0.0010438922061777518 0.000005855234473951832 6.979710392749904e-7 -0.00007407073075361605 0.0005128216973235637 0.0008520301035614244 0.0036198707716927772 0.003941616379992633 0.02900166054115574 0.1611216229970657 0.055771385615328815 -0.0008037408278107607 0.013220995531009735 -0.047668432493731455 -0.011668186496800953 -0.00862743994477064 0.001159697658634633 -0.01776350176396164 -0.0034842235869317426 -0.003170435988639122 -0.005777174147726799 -0.0021249905232375043 -0.0005894514056801999 -8.778763650905901e-7 -3.9146610064566914e-8 -0.00000487648744072451 0.000019916234569328246 0.0001412358189181588 0.0004014900532118096 0.00020934086182294748 0.001044002734462669 0.00246228944686024 0.0018862207917862955 0.001305162958169431 0.0022179607104715255 0.0001744547159828626 0.00004286135544480349 0.0005873517105314809 0.0002600359529983795 -0.0013395022484758042 -0.00043967780099039096 -0.0002582936903655194 -0.00023935691477853138 -0.00019228753447760396 -0.000047368124000593117 -7.349805158913324e-8 0 -1.1494991455535247e-8 -0.00006891177867579175 -0.0003823710799297973 0.0002497954693332842 0.00016519864603505908 -0.0004941397705615961 -0.001219432000085129 -0.0011476933574058852 0.0001845953629935392 0.00023956905952465598 -0.0010935002663040908 -0.0010402766564746692 -0.0014177586677839896 0.0019783814494884365 0.0011639650036068966 0.0011582697649619974 -0.00007728206748914604 0.00009656049527178101 0.00006467647508919496 0.000005772835410966959 5.0838622140731276e-8 1.7279626350096258e-9 -5.123747919556481e-7 -0.000888057548777237 -0.0037504296162345087 0.00748200505660481 -0.0004603462550259366 -0.011337665296629378 0.01802889461423746 0.027642744440688677 0.04046391061110269 0.018283612786156783 -0.018687132755811423 -0.00812080421884739 0.027981696387556206 0.08526351039250474 0.01890769128540816 0.010198643544280291 0.0019133118586394154 -0.0021290969569362616 -0.003134895568537196 -0.0002683005092160727 -0.0000034102874409588853 -0.000001068637038458264 -0.00016232690085429526 -0.0014809483663917 -0.0020791698976930844 -0.011079535405134074 -0.11616550622433071 -0.15952921524347968 0.05679777177353347 0.11719030751393915 0.08827915749490621 0.038841019346417475 -0.0012511420054754471 -0.02013885342823337 0.08028974016897963 0.15334526664841566 -0.20546949554895136 -0.16671036873732145 0.004650148673848964 0.0036298731699791224 0.0028150423803376184 0.0005039686762336884 0.000005380411774125759 -0.000009036517830416923 -0.000976560623057013 -0.0019234081902163708 -0.012204580490003458 -0.25469516605297865 -0.5845394475798911 -0.41965251102878715 -0.07032529615754773 0.059900509254994856 0.05947685129391384 0.002610040414068553 0.04388282885713753 -0.03938707442236961 -0.048368764184133765 -0.021893707449916665 -0.5120809305036012 -0.8175716879498742 -0.2239245481240507 0.012684649596766944 0.01786681543497434 0.004103965515396311 0.0000696562373283674 -0.000004891059234061176 -0.0002959180718177789 -0.0023731081451031314 -0.0542266174082809 -0.1511469043663931 -0.16090248124240866 -0.08788276008447245 -0.01250603586668423 0.09542484499244885 0.1306959311144707 0.017252666066419047 0.02691744677748764 0.005913943150763127 -0.05028458386741722 -0.13446052753290733 -0.3145196582691688 -0.8251362854508152 -0.815611184786823 -0.1135689678196093 0.00038397888821553356 0.0034653428748051126 0.00013405661626080862 0.000001540758940252268 0.00020001660306158658 0.010327515191919864 -0.06489326814258756 -0.05027690921098089 0.06398779055125324 0.070773336169312 0.048249924814881606 0.05787430355411646 0.08582690533070317 0.03380176749612121 0.06261810722469655 0.025246544210753695 -0.027333826480535756 -0.06542615127013025 -0.18729777917519652 -0.12698032418743238 -0.6571579987431895 -0.33429122731101313 -0.020441619807178242 -0.011668492274815251 -0.00024941453633566224 0.000007374339367177198 0.005451079118523046 0.08959980687873025 -0.007175767356926391 -0.18574194121637133 -0.22751509107098136 -0.09870198697192242 -0.18476564970335993 -0.09043411681673379 -0.003969723257064373 0.015795695441585985 0.044994216927393665 0.012188605538811455 0.036862176293957896 -0.03769658227466035 -0.1312851426481008 0.005215307924306455 0.06511795234276209 -0.1969928741460906 -0.029180969968435944 -0.010388865328567268 -0.00035263697785655845 0.00003930800092623711 0.02114878156443474 0.21071073687988673 -0.00596282706825219 -0.18935528975879262 -0.1607037522277324 -0.06898348187631413 -0.14842890050681895 -0.08865770097037569 -0.04534837244959778 0.0030619965194411203 -0.043392988085352684 -0.06580145799708265 -0.008911132512778572 -0.003918426492349266 -0.1364557011037294 -0.09229749640498253 0.06642907896136148 -0.09521461534012929 -0.0023209845324436763 -0.004860077310881753 -0.0003160551809414313 -0.00007669763180876271 -0.0003600558479841259 0.08373515199197662 -0.028134305661000152 -0.08904823114456503 -0.06909474282056095 0.00815661465485754 -0.00029503121072148005 -0.07005377015620506 -0.018530907113011967 0.011177962555221218 -0.022102569684612414 -0.027489887742906415 -0.08541135212636887 -0.01891828619136997 -0.016436855529674294 -0.03530645575603476 0.0852180478688617 0.2855249652819643 0.13254878493925437 -0.002451835089262216 -0.00015353494353457787 -0.0008803721809260198 -0.10615767517110816 -0.1968832444465797 -0.026333182388114378 0.023076576680319823 0.0061363454714372075 -0.037486659595019865 0.029477856075941306 -0.014275948482410756 0.008024947028903277 0.06344269039955654 -0.020090784650846672 0.03262508969384645 0.03540597398231795 -0.026112788628043462 -0.05187373879195544 -0.004266980919900429 0.12268070145433277 0.22194437429871017 0.037505614154787995 -0.005192315128421502 -0.00005549148293903484 -0.0008211266190016812 -0.1148410279055701 -0.2839281035880806 -0.06954830420164188 0.009361202690611543 -0.007298044989576238 0.04704244766079005 0.23750019818780715 0.1545568096809539 0.10584406651197317 0.1021861776900806 0.0755377130673362 0.07814461240978561 0.01063230627204946 -0.04218978395249142 -0.04152317137275397 -0.04183340918255028 0.028411952452345617 0.12309899905492638 0.08533476430522187 0.0035601078022476783 -0.00009356648552140878 -0.0012803690944066626 -0.1563294987312141 -0.5352427059738679 -0.33369974341810416 -0.05705434164518417 -0.025675093912825468 -0.04686894866114197 0.07592698826211991 0.053094446472915266 -0.20898011782986511 -0.026650946296243493 0.14075501996596787 -0.5219325918353093 -0.3005769605816755 -0.10712509301912553 -0.010173610568891161 -0.005655825170518212 0.011186535053649915 0.12682133400271745 0.16273011584313715 0.013308094870693643 -0.00007158412627909783 -0.00027300488840399266 -0.04308602492356569 -0.164281417157028 -0.4844847219448468 -0.4290404709914307 -0.03408996004448396 -0.04184406381910801 -0.09993666703638729 -0.34095243332297215 -1.1930585950093258 -0.4442331185794491 -0.44356708623637675 -1.3390335969197922 -0.5404656386648767 -0.053339495830638045 0.10447314597456303 0.09203552513062704 0.04794051116847371 0.007054755951091353 -0.05170732100882864 -0.03299593888616953 -0.00042529874804094045 0.0011724000534145498 0.01782996556279585 0.015136120471264475 -0.35239724229538666 -0.5009605392589329 0.05806186175836548 0.14828550087578846 0.134187656703987 -0.2668556748052199 -0.9090977362725965 -0.2887795818028127 0.09562834770996927 0.02398999503373156 0.08006486097567643 0.03602868322507474 0.10963086486334568 0.053499663804524276 -0.04559901737655995 -0.14132060664042695 -0.10835978011386233 -0.019140316645425395 -0.0002200309615264563 0.001441187336917331 0.009710802328374825 0.04319500939016106 0.1350650743779651 0.004004798001430138 0.07539902500698507 0.20063443447486384 0.4634135454684363 0.05345516890899221 -1.8283594794393423 -2.656767964448094 -0.17363755654861437 0.36477451515797915 0.5278333797689589 0.021241690326115423 0.00599955693440693 -0.09250668648889596 -0.3046478349739193 -0.2659813660032153 -0.07878238437780591 0.002824078948171823 0.000039885542976581606 0.0007481282455454086 -0.010429405122526056 -0.05254875964839687 0.053507552788086096 0.15937686566560216 0.10651797389005976 0.10377737284576956 0.6113613279001122 -0.43108498894505093 -4.916875430440281 -4.608595380716841 -0.06145580601057951 0.5206327779694856 0.42933559644866776 0.04161971069664919 0.032098534407764674 -0.27944991330727403 -0.6218589891642556 -0.45993912240764145 -0.05962806474654633 0.004538225543965557 0.00004913857541150801 0.00005896491639799025 0.008099958355144992 0.0430668889602144 -0.04964512259869231 0.10631897738121081 0.06681170817978106 0.10340096056014578 0.9814947445686862 0.9834839582254721 -4.50231703659501 -3.935030703846207 -1.5082998820973266 -0.14362946858462902 0.5569039676149539 0.2578791772476579 0.18768620308003797 -0.13002716181203272 -0.9757346715808481 -0.8447767745135576 -0.07809860429840314 0.0011638157043396607 0.000018753130178724145 -8.019024336895289e-7 0.012778462870300445 0.34500847403090695 0.7723495313408527 0.3001845103677045 0.23908497809658436 0.5163918006015079 0.6182993051387768 2.385114429462698 -0.7685686081707089 -3.0493461033293814 -1.432539720095047 0.06819111116505186 1.5630769901421284 0.7419118991179934 0.3556762890963565 -0.3980413678902327 -1.4964890330316516 -0.7220114431836667 -0.05463862103525005 -0.0023170586535078115 0.000005443785874531445 -5.648557374443528e-7 0.0057527493724496845 0.5026590787077918 2.0713309145281915 1.3358443280629806 0.7667718829076176 1.8832281963948583 0.8519592750378147 2.8540520166507095 2.4999416507931187 -0.4227337217457671 -0.5724213008699519 -1.0537649413012629 -0.1431458309124386 0.38930914444860015 -0.28043070855105817 -1.8404313725614185 -1.7862323450223667 -0.34075356150648606 -0.017547829992771477 -0.002811178565583307 -0.0000207790913264425 0.00001865232848123979 0.0017707766062224333 0.19798074966911136 1.7380613669273788 2.5506622157063727 1.050684378582903 1.608876927808369 2.7681144832773454 2.571105753684643 2.3218832107931346 1.6205715965519158 0.8245892117433937 -0.6050745094663048 -0.20944162717156925 0.10118694091687296 -0.9445167280065728 -2.7235262044428334 -1.3267060820297187 -0.08611197688245226 -0.018846181594192955 -0.0029132316170931718 -0.000021437724285031424 0.00005068649857339783 0.0019730802513218426 0.023439125181743053 0.48492716474069136 1.772061362417332 0.6807952482753646 -0.26375269740168755 0.8161137594903499 0.9339755690064159 0.2817231469669356 0.5884022873276217 0.07507851143164536 0.2655210863348215 0.6050393556529529 -0.7088684737727108 -1.5449045352075967 -1.0323821837823175 -0.33152728546822274 -0.03258332642095559 -0.014314039993467894 -0.002837506141321039 -0.000009111307054171102 0.00003485508050824517 0.002022302408635381 0.004973548011590327 0.02171968266063825 0.258003756686539 -0.00798801531053556 -0.6229597006248099 -0.34751330190449153 0.2876207217394664 0.39110521856586844 0.3362481742139537 -0.20236818957921862 -0.1812420192119613 0.668398583264161 -0.49653824529433294 -0.7231791081316911 -0.1357629729348688 -0.029549559906445613 0.003971358021979817 0.007312185208835074 0.0004974962387088457 0.0000033143186908175973 0.00001934690696984377 0.0012629518879082751 0.00233803385491591 -0.006721006232003437 -0.008418621288084063 0.015848554914140358 0.019256634304838254 0.09278389448353103 -0.16049659625065238 0.0346427171680786 0.006238074044501946 0.009136746157560783 -0.42033119275581166 -0.2072358835599666 -0.043309744945339436 -0.0022797139521361534 0.03709807048135594 0.03723237105469586 0.015070479351127992 0.015118292555292496 0.0023142269219739845 0.00000673062677703786 0.000004854167351128402 0.00024604672210822216 -0.0003341557219796093 -0.0056968982822622125 -0.004284895782086447 -0.002562683100727301 0.012610568217214466 0.049856282560838 0.06901287535494344 0.08324773832660921 0.02404308506605147 0.004125564365418566 -0.05912341720304685 -0.033368451235660665 0.009841376008024805 0.004686183472132417 0.008081504483497958 0.005666958839991457 0.00007522759430424062 0.0037994921076992846 0.0006207694109114206 2.2148337748089122e-7 -1.3291736060867818e-9 0.000001976486465916719 -0.00009972471137544004 -0.0006070087461295859 -0.00021007225967817887 -0.00008469317380240745 0.0003999784355437389 0.0008816974077398226 0.0042068948813382585 0.005152185662251893 0.005528708233515844 0.0023093101590671004 0.0002442307951422946 0.0009249908495488965 0.0010243731797654394 0.000010638366719526347 0.00003071245590595597 -0.0001555619815380321 -0.00018968998211065693 -0.0000347615365482974 7.939264838720325e-7 -4.588499189246466e-9 0 -0.000004916214492402185 -0.0005242323575139102 -0.001981507118116206 0.0006488693167797322 -0.00014932989390985878 -0.0006466358557763435 0.006010747934607543 0.005462322979176999 0.001515182420837058 -0.0013277679615880749 -0.0019072366433244795 -0.000627735288135117 0.0024186875611407715 0.002237444203083924 0.0019858828187797974 0.004337999370251658 0.0006155399850845573 0.00024812012545791896 0.00045774147414443883 0.000020563176469182806 9.339095319145126e-8 -2.2298882825131946e-8 -0.0001983494503582425 -0.007755473408510546 -0.021445601132978352 0.021341448130865838 0.0032767117333635347 0.01752017446967935 0.14715613638494593 0.08420125517212217 0.03762669770556654 -0.000712195830607631 0.022193413743161836 0.06712294501365981 0.12913588623072594 0.14677644229294312 0.05868123058977545 0.04856218510383176 0.00857546425044353 0.0005730256321013428 0.002584274905080872 0.0002767582590052062 0.000011548646799924772 -0.0000035428874188653368 -0.0006052728965422143 -0.007348952007741285 -0.01308202160450676 0.0353749077409157 0.04777318131433905 0.06906258032913624 0.29970722338826206 0.19631365143330023 0.08170770377942756 0.02959161412211244 0.1489888265554062 0.18998940194690678 0.3446713245079903 0.3841972434815526 -0.04195258876159818 -0.13196702699787996 -0.015781216187061013 0.0003080827666115238 0.004236037139787972 0.00233990560289924 0.00007370826953630936 -0.000016847751355091764 -0.0014221415771606583 -0.0030311155172009223 -0.0068169279231397465 -0.011609614542027477 0.05930221603224015 -0.05849525148834997 0.10987857308465748 0.1480000773238188 -0.007002475274489022 -0.030411871708368246 0.14140346599558462 -0.0021260963641083516 0.10453424278273109 0.06280212089056073 -0.40261914046796543 -0.5949166241681363 -0.18568783894897742 -0.008591331162933617 0.00909697832099187 0.010198623943003606 0.0003316065264894402 -0.000005956849018701487 -0.0007529372300783745 -0.0034481875678705164 -0.03156965730448943 -0.09218041223189638 0.0617621203862191 0.10388489172650542 0.09395838194009949 0.06319662169160964 0.008664395984336687 0.005835541572117566 0.010558599241346828 -0.04944966720443067 0.011141586188955069 -0.13395396864681694 -0.2322904252370484 -0.4201621606998827 -0.579792685731906 -0.1400055315677072 0.00453798996147718 0.012625663963803107 0.0004145883930967019 0.0000022583903710685188 0.00003765280325523209 -0.010279261504550188 -0.1241836488714829 -0.04438686021299633 0.07631855808956368 0.18633891762046048 -0.011435925249192532 -0.18542126322875896 0.028840339895280873 0.07007918304823531 0.10361961932782714 0.07539326807112254 -0.08017442161304826 -0.16514376735324046 -0.1953591353035471 -0.25937970960761964 -0.8031323312889022 -0.47805207790177245 -0.02626299095168725 -0.0015906370646318199 -0.00001733251956235571 -0.000007271250645301357 0.0018303378532363755 -0.015426705868530092 -0.27962964955641906 -0.15013171250589466 -0.0101816043117418 -0.11329089996589066 -0.5496160943034124 -0.2818339762136897 0.02520628417095271 0.04451252112243657 0.1186213149695541 0.14075710802845073 0.007083557886337167 -0.06352113586288458 -0.11654396973189429 -0.1803367689131159 -0.298934014213422 -0.5970424199785417 -0.09585686535150083 -0.001049261390267968 -0.00014824635822873326 0.000011430492817176344 0.010804601100483431 0.03803238078883066 -0.20314537257746743 -0.17288855195547825 -0.1206856586435282 -0.15083798059660614 -0.28985474278365814 -0.11908002602588305 -0.09285876639627583 0.0005517703151127133 0.038613377754332975 0.014335361251523845 0.06232150020626921 0.1526345418087146 -0.025426821166903188 -0.041222866725486085 -0.05716765674955937 -0.4318555308860151 -0.1429026977629793 0.002482677693209396 0.00005719159657942378 -0.00004401153958234724 -0.0018383484637095253 -0.022787749599959557 -0.05168479671083306 -0.04353377077561931 -0.09008473732159267 -0.06174994900762873 -0.09079237500832542 -0.11936533201851884 -0.04395798126415313 0.011183983951835409 0.0854874539579479 0.07123285190900527 0.018965547509005882 0.0542515710562717 0.09814930868816579 0.08341267846290092 0.03515672430352418 -0.01623519411790362 -0.04279990917712725 0.002178649293016014 -0.000005909614364609818 -0.0008160589060257623 -0.07264938174891132 -0.17606378129933056 0.05965571376230018 0.11496948630959164 -0.018413572945224343 -0.031531681290722736 0.044401495758848886 0.10915952698572005 0.012424440667802857 -0.04435703160767145 0.04665106231042659 0.1169064961290461 0.13369131935759906 0.012567794987922543 -0.0281146797615913 0.029717950592397176 0.10590655009271474 0.18888738451685966 0.1526987697256468 0.010784135422742662 -0.00014613866702946647 -0.00043787148119309237 -0.04487549105473792 -0.09970501308891934 0.13583420044099012 0.16999024013255976 -0.01900090480597342 0.05728467055598309 0.2863613943315651 0.2737834479068353 0.08454004925426761 0.1361153371044268 0.2866416096370188 0.2001433669592162 -0.01560576109184389 -0.17438616262091886 -0.1478901452209809 -0.06926220534903135 0.04734507271504143 0.08894161757958767 0.05235972423213591 0.001829396382605002 -0.00007434009966991709 -0.00035481326413463966 -0.01140735729175013 0.06384135131050987 0.12470123009364521 0.1493432375777121 -0.0721320453833875 -0.22719359107392836 -0.03897652371965782 0.41048213104076714 -0.4716201917657026 0.19028051663107745 0.12731830888143197 -1.2807187204007358 -0.695464645622957 -0.2946734572105195 -0.1226902984568956 -0.04663280076921109 0.0403394196613136 0.0656369970575142 0.013090476183767892 0.004905271447928721 0.00012858661096290454 0.0018879729754390606 0.08760241847080152 0.26790707627581023 0.152448784159992 0.08208726641023881 0.10707361719721742 0.06392976480626732 -0.5742311875959137 -0.3879346835849884 -2.3020688163446223 -0.8699955636952811 -1.1460297819920797 -2.86233115146866 -1.2927705366603792 -0.2535576993368892 0.03068280771419615 0.11504875432869233 0.056396590284297374 -0.012886546897294326 -0.07775551575706642 -0.018038316915591702 -0.00011485093998158001 0.0038528615183069637 0.1180864132354085 0.09342205181773731 0.0805473152361264 0.034735384589637784 0.1618910208478518 0.4442065027144467 0.11561713483296462 -0.5834047736575556 -1.625046747640908 -0.506434519157413 0.007399509076059333 -0.09555699745054237 -0.383844915358661 -0.0020806113532385105 0.11495475201694748 0.06690390471685119 0.016441149405727547 -0.17060524161212348 -0.1632674989751111 -0.016758715605388125 -0.0000684352479807055 0.0014131531734241352 0.07192661694750592 0.07812666173337826 -0.014734054054916885 -0.07129167694413562 0.07031315940896367 0.5070087419026307 1.825922809581982 0.32667920381891813 -1.4852598774339048 -1.4970671904227817 -0.033912798641925916 0.917029251835437 1.2730355401071756 0.30182449283026513 -0.058007296191684106 -0.03754713359178264 -0.0006524072234719078 -0.37378459523456087 -0.15319780591107424 -0.0050958373074536205 -0.000039132487668698796 0.00030535459211814665 0.02562396729228329 -0.03094345301057401 -0.0838396323160271 0.10620433474823684 0.14428907921134207 0.34259502511865525 2.1176989197435896 1.267170491838396 -2.4674351602292877 -2.229531414057246 -0.11398606788094377 0.7466856271940355 1.0238488863579294 0.24446822179729136 -0.05714543318121225 -0.024938465632411005 -0.3436788525667242 -0.9433532848193276 -0.13659688446783258 0.0024297695447339884 -0.000028268977781962874 0.000024373984661728448 0.025786479249042128 0.2551844906117925 0.33809805147541006 0.24967326525816927 0.10357997683276655 0.009557290951530765 0.08994483773781614 0.007770346452083078 -2.741229435802924 -2.666344584640812 -0.8139037595870139 -0.8092406632965491 -0.4650670571325402 0.24895908542369358 0.04143069271908271 -0.1350749957838641 -1.2026958842351032 -1.2990277320254995 -0.11009270255874694 0.007726949400518941 0.00012440201560133218 -0.000003790403853052726 0.011470865787149523 0.5415246054811791 1.8822852546664839 0.8747992433621332 0.09135371647152601 -0.17676968098766913 -0.47608271597201357 0.30925477240224963 -3.3779289313585803 -4.16012644106411 -0.2064877942187271 -1.2225949445585493 -0.8051809502847553 0.17382749393958494 -0.08751685697191491 -0.5034244680942275 -1.0323134012630424 -0.49780096954359043 -0.03540841707307895 0.000482554995305226 0.000052196356326374114 0.0000033731031719896162 0.002217721272840298 0.29952570935783246 2.0208361836088393 1.8255493269082104 0.49299933009903263 -0.08717311033784157 -0.4387092850933615 0.5297247130789379 -1.8915525932988626 -1.8981202213838129 -0.4276334639586548 -0.794658626017396 -0.3313534265545177 0.183381119439978 -0.24025310803798 -1.0837106072462712 -0.9260100915508149 -0.08042472785499723 -0.011151672660302744 -0.002697211475890495 0.000035760077099127263 0.000017077417819741136 0.0015211415432761278 0.06774930199212338 0.8793594807540602 1.8615903899870243 0.8078695210608693 0.3581674280188838 0.11030191006070654 0.2939363815942048 0.1536415027542896 0.8025607485110644 -0.07263492591029362 -0.5979761098431924 -0.17648814909214583 0.10527580148424463 -0.29198307640940574 -1.3317513429718997 -0.5463693276035861 -0.011809692016269928 -0.0077747702588700325 0.00023428625250091812 0.00003197252431252985 0.000017509366522438964 0.001435559446953343 0.008204713317109338 0.09115328615476466 0.5247906181245948 -0.2658944856550409 -0.6512132180564156 -0.3417867656682851 0.6981308205037989 1.5094019321848569 0.7821525713176325 -1.2968807869788526 -0.7428933573670545 0.12339646869120839 -0.5820475669647407 -0.4677848003854524 -0.3853513862454193 -0.1150841414628003 0.0016307981149407385 -0.00015690426649684673 0.001139545499790682 0.00004191280171423123 0.000011058242771936927 0.0010329468899026829 0.0031666090748746233 -0.008004532160133119 0.04801328830681153 -0.1030180386198882 -0.1869755832625517 -0.923633462479118 0.08253723291998956 1.0471101170344275 0.9633677242305213 -0.3509658630832895 -0.31617336567155024 0.10783797935441078 -0.68570261280376 -0.1602706694965477 0.05276034758886233 -0.01949593049112878 0.009576874004560457 0.0034652033790169745 0.00013768849091149303 0.000003862946126553301 0.000008352073686444922 0.0006312205856436026 -0.0006252742718291132 -0.013537889789604797 -0.003230739599106853 0.06061994772854258 0.1445019926974888 -0.2233257611976158 -0.7732011570463936 -1.1810557506598558 -0.7100129992108901 0.11526064744360211 -0.03663976356926725 0.03504596459757036 -0.07046402171163092 -0.07271652460978757 -0.03757198317333319 0.0014681191568261711 0.004286836435412306 -0.00046149985230940446 0.0002015636793083609 0.000006534251923971507 0.0000018874871297586168 0.0001070844041254265 -0.0001318702287654393 -0.005546909253149612 -0.006267125966738032 -0.0031582102760019533 0.00910229150960065 -0.004460889670083724 -0.034179196755131265 -0.08174889741301644 -0.15276396016155422 0.01911744479295324 0.03983701048525409 0.013964684170503287 0.007505302493005283 -0.009756714169223843 -0.008015285762853546 -0.002368948898871857 0.0007679331239695016 -0.000603907085783678 -0.0004141256628839983 -1.1513768407302564e-7 7.4027621496748755e-9 0.0000025014863226157996 -0.0000020737607889054545 -0.000473266417822862 -0.00043768392582724393 -0.0004171255187907961 0.00007741948457739694 0.00047504610418174674 0.0022442765624472406 0.0032738558486341916 -0.0005010975650177153 -0.0006472159780720647 0.0008908511749197397 0.0007950224373159246 0.0007950103411737771 0.000257301530555216 0.00010969469152995688 -0.00026555135532997366 -0.00003137011891192388 -0.0000619530000343648 -0.00002770332731697609 -3.903778122284492e-9 0 -0.000014608827532251494 -0.00041371409718928497 -0.0009861486348514607 0.0011389336474594799 -0.0002014085813882111 0.000017745967873518616 0.005771983373351762 0.00499381390186854 0.013422315103123401 0.008909492317911239 0.006551800228334976 0.0025789664561949597 0.0039406227023976136 0.0018225377858607276 0.0014447547667808438 0.0025126265795057823 0.001051746201853674 0.0002488238561299557 0.00019502067534443227 0.000016130226873761554 3.744937941581155e-7 -2.6374805721915925e-7 -0.0006674838262751966 -0.009508995591169557 -0.012008157015922732 0.027950930256989463 0.00622449987392117 0.01633542306373061 0.11622133077115242 0.0018113775884013045 0.14314791887720524 0.09044841099044464 0.10072271923075984 0.12862801638558727 0.1452296666448285 0.09995963720099123 0.04407719947546911 0.03593434874818163 0.013274317552927016 0.002322230652223881 0.0025445692794160285 0.001035441458950851 0.000043675597416448435 -0.000019692513719479425 -0.00335850451969133 -0.016009021463532426 -0.01189134725136464 0.04243141013807309 0.032521903066772724 0.07788225320365862 0.3657222809337462 0.18153645479454233 0.24818805689019469 0.17644650625556973 0.2577404268212942 0.40134080261648925 0.4413383839937618 0.33009641286418295 0.08650990413670973 0.0010787282778533158 0.0013245201641223882 -0.003472297570920153 -0.0025390815840492464 0.00021717185117760079 0.00004917947015927912 -0.0000454505498259257 -0.004292178852568233 -0.008491199747860462 0.000576579200308005 0.04052220709654621 0.05859407736481216 0.1178676339257071 0.3207361710636373 0.20657174766343672 0.08260868205979391 0.0381588476755939 0.044945605938874575 0.1031100580694171 0.19145563655430484 0.1851802405308018 -0.012711494141109022 -0.15423061298170687 -0.04061059696223764 -0.005575774867315232 -0.006116019357399724 0.002318839877301504 0.00020748508155415545 -0.000010442505423689247 -0.0012339535701712326 -0.0036912882349957083 0.0527933308290045 0.16247024307470576 0.11993681999999906 0.14664332395928784 0.05447127829196663 -0.028936042466970652 -0.024298065727952498 -0.027973274509956046 -0.008334917211795004 0.09636445231893068 0.0071685053139929665 -0.09546158827389752 -0.03161868577927467 -0.14401458789831909 -0.1699647863231741 -0.03559784641624772 -0.010647460406087446 0.00004319360197816506 0.00018191205989313768 0.000004173354879663941 -0.0002477608613822755 0.0027900670114811045 0.030079147733684735 0.1988452816799371 0.18127801525616077 0.21821846301207307 0.03221216753391322 -0.11030138138045671 0.007490396635100587 0.041968796840244536 0.09751945109096447 0.0877256656381074 -0.053927603248175394 -0.13736265890600258 -0.11347905447658363 -0.21518240513443568 -0.47414558024973247 -0.21379716857798622 -0.022369239994482416 -0.004772150058677365 -0.000052113126009561544 -0.000006806929269227173 -0.000022285577753024663 0.0577272355602514 0.004170979020283433 -0.013471554793202301 0.19960888358142606 0.1850668198961795 -0.08626103975912734 -0.08419419657463136 0.014808604488644505 0.03824859505312024 0.091436106895386 0.1807501546858919 0.049044815082095065 -0.05331249028124249 -0.05968736684404632 -0.15442915566945467 -0.3584532526081013 -0.3324430761945918 -0.050057230290018226 -0.0043621868728299235 -0.00012674487049274316 -0.000024749309035510225 0.004022745847374094 0.1061797929020733 0.07114550821330139 -0.04837088256024056 0.14997690667986877 0.08057139574273656 -0.0378144347532872 0.030456794652224575 0.0035996468666552226 -0.0007089301107408509 0.04944787976377044 0.07773470416708576 0.06272927257418735 0.07652808446917403 -0.019013160680828402 -0.10814563239596062 -0.24126975899110195 -0.24625205250250268 -0.04456490461253972 0.0012229834386509335 0.00006259279538494005 0.00005349070293320345 0.01786387146502876 0.0141282363144739 0.09762609394980255 0.23093572846895769 0.11700646182194714 0.001789012350372373 -0.04667957520935132 -0.08245282020338089 0.023536715042874308 0.026947078822673214 0.05998962414940345 0.04885140008061863 0.04820958894655345 0.0695103199169713 0.06496633406105953 -0.03590146514415676 -0.11518008519758718 -0.0396572286007635 0.01129099014095352 0.0059426038710078954 0.00013382725991290323 0.0002955935520161634 0.09927290682352463 0.06410087095299205 0.043222811777536584 0.24999718371124832 0.10967293045552198 0.09641325181198603 0.08731133564475194 0.10185938752148327 -0.022095737208700825 -0.03714946830218596 0.040527733837148916 0.0557437664816388 0.13847116024866513 0.10324480095577149 -0.01658887902403737 -0.06185527027676961 -0.02988583412944762 0.044053025439849264 0.06924294485379526 -0.009750422697159544 -0.000228029900199385 0.0013230322178752192 0.20781552727282976 0.3294600990116967 0.14720018207730945 0.20404574870280273 0.006572525544667166 0.05962735797646492 0.21582737605133404 0.1339617030402137 -0.3168463072670283 -0.14040132974015665 0.4487286583554608 0.3111994467456565 0.07349258018851561 0.12118683082860036 -0.03136020326271669 -0.08451227443869497 -0.029910989810529906 -0.02768894175077185 -0.005328089834171927 -0.018771226497601063 -0.00024485751450348194 0.0011332401635109853 0.11340277350006793 0.21324568580240302 0.10890359569043863 0.15955941222908968 -0.05090692084280399 -0.14674067069304705 -0.11179794171336103 0.28308462963490616 -0.17740162054471928 0.3649344905007563 0.8431295611352077 0.05699617819587099 -0.19359600944943042 0.06527528985504448 0.02277445885014094 -0.011701962474545961 0.022145583601533535 -0.08697554727710569 -0.07785940684167732 -0.0008491052059373171 0.0001265489861407976 0.0017098539608883631 0.1526946528300254 0.38070969854929504 0.13783481914810813 0.08129634778130841 0.019219797965645827 -0.07178870678557273 -0.5279965930635109 0.1003277823495652 -0.4076744688425768 -0.0022774243052835308 0.0013009550210526986 -0.871889097878859 -0.7397873671575607 -0.1753170389466423 0.013995154936291 0.070527460314822 0.003721296812771444 -0.18395410846957982 -0.1477302584807558 -0.0010498878746992167 0.00008054760483601316 0.0027652476659289255 0.17909202952562195 0.2878840565622398 0.05521396065512907 0.006888514319055294 0.027192761405463395 -0.06752546988884031 -0.9123850040141389 -0.6365906269079615 -0.5325966138995465 -0.09230735637639016 0.06622043089371601 -0.5212964500558195 -1.3440790730945276 -0.32734000180879047 -0.010741690135549785 -0.012110302739838655 -0.0650961781521384 -0.4077620108036317 -0.23005965669424283 -0.012941218140835898 -0.00034072850266106294 0.0008189325622080455 0.2938791695503987 1.0626072272824483 0.21941289394658473 -0.0022598756173029116 0.028471463033475017 0.018787133507665175 -0.061797748086203697 -0.6047862097985581 -0.40431534320916923 0.06385985925748226 -0.01882845992838818 -0.6814681795287362 -1.2290440903819824 -0.23937977659240456 -0.05511675603387033 -0.06334245276102192 -0.17317014247024964 -0.4840508855257484 -0.10705331299124292 -0.0006421914665411773 -0.00006385821742707108 0.0000035522299101535822 0.1583373748138554 0.7366298793468059 0.47401540662948743 0.15983222324677673 0.08842090022841527 0.11885174782741077 -0.08501378158478183 -1.0199508745239323 -0.34103970686942525 0.3066425858261953 -0.027406019091051847 -1.0936240338805148 -1.009810131989583 -0.08246101346866515 -0.05221035758094049 -0.11462864558853358 -0.7073596998432694 -0.9225451115059012 -0.07481804278583716 0.0041072421798493955 -0.000019787692207318668 -0.0000031704102463717635 0.0190380870322598 0.4952392511154756 1.6054224183040973 0.6746852559076105 0.06978146273098865 -0.27781120277899546 -1.248055941890996 -1.7815511104511284 -0.605107609920508 0.035281502835824985 -0.45259124109085785 -1.2715145659497826 -0.6929087256907183 0.12807664341321603 0.05204385714702674 -0.44050156973989085 -1.2601224436407197 -0.7549344575734919 -0.01816920814112758 0.00586897635467612 0.00003811411048002703 3.861185215449277e-7 0.0034773537106846633 0.31905620530837986 1.9566242251718344 1.292120019554775 0.18351423506945413 0.07464344814633957 -0.2885798848873783 -0.5429203884215275 -1.3355670246772913 -0.7170793809841212 -0.48005373471805796 -0.9088707129410146 -0.011184462755352344 0.19469126279322382 -0.01254789807262828 -0.4225240264871926 -0.4902625361168415 -0.09800323196694766 0.03080142282921682 0.005906701933313227 0.00006260399629850707 0.0000034574992393693867 0.0004501704764355411 0.0641763118782262 0.7552732740882189 0.6668022001471907 0.429811175898331 0.5880908191148857 0.3798559607893903 -0.5376633851238856 -3.538629499951427 -1.4085388132451455 -2.9610095828182437 -1.1088407926908157 0.44861920005770084 0.2017705124710062 -0.03432395978315275 -0.3684907544320257 -0.30142838559932006 0.05231302506089624 0.02166438562939875 0.0057472696821509765 0.00014077083766061372 0.000005407775577310749 0.0001278227758517016 0.005026991390605668 0.10954850368966436 0.3433631040447648 0.809780427531196 0.6312761332730835 0.08586857179853663 -0.5313585456046985 -2.659133234912865 -0.33671155038520567 -2.7692629524100467 -1.2471903148752237 -0.001208710024355159 -0.12598107913787132 0.3435453288324271 0.4591851660371522 0.0452272544880926 0.016032937743935705 0.004462458365245794 0.0021304801696062654 0.00007075110993702366 -0.000004251970199339814 0.0001053161613597392 0.00166115114753414 -0.00024238855477665589 0.04801754786815925 0.012346911002341818 -0.5316714273981873 -0.9239987883108944 0.15049443332693704 1.5856183274715667 0.890175968535375 -1.1199571389355616 -1.0898092492134452 -1.1679738049279829 -1.2628430017324428 -0.24005595729204596 0.12229653631391871 0.026705532658237083 0.017406059667942987 0.004252623629452344 0.0013980421781987352 0.0000478876746157752 -0.0000015394144311167868 0.0003438067891523719 0.0012552497177630547 -0.004172726322184379 0.004786429832468533 -0.03555735832098099 -0.6371020357132161 -1.5484237898401272 -0.4970014625320989 1.4668142034192035 1.2886107420606994 -0.13340697531367476 -0.5872838501172293 -0.8803876380857325 -0.6706436141118476 -0.04633394518996144 0.04871869587901809 0.0007315671174877507 0.0036281368472632215 -0.0002077884837414069 0.00011843415288870502 0.000009859812466631585 0.000003685827966331649 0.00020330824648941777 -0.0006812317415567094 -0.008330722184063267 -0.0020114947196368978 0.028115748614176973 0.006631954234080414 -0.3204759862615586 -0.44490994889632934 -0.5456636418515471 -0.4102841847753769 -0.00047026375812035854 0.04938794576974718 0.042762315099475916 -5.613000981274931e-7 0.0011040126795416158 -0.005324106025026422 -0.002878040724624159 0.0012981536601471984 -0.003602749573785051 -0.0007245443632481967 -0.000003070529071872764 9.931399580655295e-8 0.000019680464033001875 -0.0001963507383456264 -0.0033561169164863566 -0.003232084672082243 -0.0011733128121271812 -0.00013243489858238782 -0.003473298304887357 -0.014704329152937755 -0.05185753215542786 -0.06095335782791333 0.03862749094012229 0.028765213702432544 0.007839097135021615 0.0013454066840865267 0.0007961951345603313 -0.0014302878775087602 -0.005048822957935635 -0.0006380402031284678 -0.0008596787370770644 -0.0003435974480985166 -5.623245608919901e-7 1.2128750207358717e-9 8.501324939100465e-7 -0.0000030430067730774635 -0.00015978553776831164 -0.00017144595914210726 -0.00016525781805783163 0.000017329110640518722 0.00036685848878445276 -0.0001361467711455605 -0.0005563610938419754 -0.0007918843079156446 0.0003381925141770328 0.00031563837768079704 -0.00028940793697076285 -0.00012634785211131542 0.00011439727132941322 0.00000672543320618555 -0.0003687362887829999 -0.00004522209873525123 -0.00002341877602579217 -0.000014565107236445598 -1.606286076507933e-9 0 -0.000021279802911991746 -0.0003096328733838569 -0.0005474755723828372 0.00014800019569848237 0.00008451265291392992 0.002552162536062984 0.005700088259782497 0.00893747650724931 0.026645146452184115 0.029032290413176363 0.016654653156015733 0.00984458484548501 0.007314759295472905 0.00261320700013044 0.0007923415419503634 0.0010116797470732413 0.0019926988016201416 0.0009422426405794368 0.0000942493753230874 -0.000013863213796769179 1.38176105751714e-7 -1.2162494236334175e-7 -0.0005955839129439897 -0.006732946916989987 -0.0076038848237264655 0.007265015252009572 0.004405375143731059 0.05788654674189147 0.1492535555951034 0.08092328515074929 0.3259574569193849 0.41519126039192894 0.22472239058422 0.17305980776614452 0.20785996314661764 0.10420864400228715 0.02439782313639261 0.010917312405781983 0.024621941794499648 0.007030056858495243 -0.0022778834512989393 -0.0005691255011210536 -0.00000706053721540447 -0.000010407271047013436 -0.002033995761873044 -0.010331189512497858 -0.00664570545298827 0.010310279674604962 0.04374146154378546 0.17365948968305336 0.4572436738621216 0.3409586920194181 0.4958315619023458 0.6104712681403601 0.375773076336379 0.29976456904321713 0.423012514154646 0.3295498874866159 0.18940163787706785 0.04361267229278971 0.022115421371126584 -0.0030812651207645573 -0.010115658199501217 -0.003621394910779726 -0.0001263119197231937 -0.000029131532686055818 -0.002966669800307911 -0.005437131118381012 0.012539858171610338 0.08019966925478901 0.20290903533142615 0.2907562139784382 0.4688545002558173 0.4441552592466448 0.26301870671960875 0.16555414714455044 0.059611412591076884 0.06996237686468607 0.2759218021686314 0.4935325740922919 0.5703964185573633 0.30826876377383344 0.09591557588342242 0.011229580447994344 0.0033846750769077998 -0.0004814943254410398 -0.00005693924737684728 -0.00001676089531445376 -0.0010392598293795584 -0.0012879493368096392 0.05890438538618489 0.18876032201854986 0.31171792882660077 0.36841103400874553 0.12627270290519033 -0.11734310674293025 -0.22959588763314 -0.15610473568123148 -0.2329756988925642 -0.18530071330262327 0.014855819744496816 0.03752133476384999 0.4545179896144152 0.5113149581327613 0.24797282759639272 0.042318864079850256 -0.012689627068348964 -0.009130556805243436 -0.00012775600295725743 -0.0000015139870205345394 -0.00006783940679907247 0.017314672749746664 0.1500645372863598 0.1215326219885316 0.2063302810410351 0.052171520004021574 -0.15796490677227268 -0.3640361727287011 -0.3076379535793297 -0.15527474045917447 -0.016826230249865858 -0.0889632319526671 -0.16340316161202345 -0.24024545500724864 0.0641321565089168 0.43705966165085 0.3528214175639575 0.04613119383482408 -0.023078927274322744 -0.015233054980878437 -0.0002524429260544957 -0.000008135593930951677 -0.00022335873893049475 0.10774154374777373 0.403811833935748 0.1139816320369177 0.06106382809547375 -0.1568777994650433 -0.19932148036173047 -0.11097677005187355 -0.04084467549598865 -0.03522296250050463 0.030195520762922434 -0.05326372917913753 -0.07442880108927775 -0.11554834975134869 0.045565257469116084 0.24406403612315836 0.45210697772354724 0.3329006499573444 0.0398283806173263 -0.008032856324446806 -0.00016372887480223315 -0.000036409423531577285 0.0013944254044041932 0.17344434116064636 0.21227498940484194 -0.057917929909187184 -0.03066216122362259 -0.09933993288514761 -0.06403044836963041 0.02895889782428367 0.014623656542427988 -0.014769753427987259 0.02206087008854971 -0.03839909739310495 0.003048131934379253 -0.06966274987868865 -0.09240111775906429 -0.12431354705502488 0.2143331313143247 0.5488300075805859 0.12437833399755462 -0.0009934810857618766 -0.00003478694875620316 0.000032369569549435 0.040606814581928614 0.143348515288836 -0.19772825180544107 0.042684552604698736 0.021715589492438816 0.04316478473446246 0.04361936038557138 -0.029328897429525366 -0.008965265266946671 -0.007209713235299334 0.015789252665835946 -0.010809584965070377 0.033120337517378494 -0.020618823653243582 0.0028178922729400918 -0.037900552777444405 0.05652177246015506 0.37712461489477545 0.15773201779024804 -0.00714459035128784 -0.00006200708617339118 0.0002089163006072329 0.11815534709396092 0.3067666185778819 -0.3111398054713514 0.004939135650371319 0.005435497193870894 0.09579051639441069 0.10599513504483105 0.031013946447214752 0.02109751928134556 0.03221830343370747 0.032653514953398056 -0.0053973157375976095 0.0903594174054444 0.1010020232559687 -0.02870952268710077 -0.015016875393725149 0.06639650486417578 0.4121827049851256 0.28406083106556157 -0.01073619699727695 -0.00007751622149226842 0.0005485759095705384 0.14333199862298068 0.48048439606154314 0.04808912250100336 0.02127142842699834 -0.13837821724987381 -0.06473098267266475 0.06789948602214402 -0.019529239425442806 -0.2822430581580791 -0.3386054379386234 -0.036385830665167256 0.0991333692234663 0.11203517557874684 0.12686835185201611 0.01579406229317952 0.0357200154216453 -0.12603046829000913 -0.18235547295927085 0.04139772955725035 -0.012299205421065105 -0.000005788574621743406 0.000296526466965424 0.1175448402676895 0.7316588162580097 0.298982901290974 0.07578937031290434 -0.059240610708371416 -0.029945913310443245 -0.022937076383294598 -0.1411609584880577 -0.29243197556203243 -0.25255528174831765 0.00946281299521968 0.013020142223909325 0.02151708485323457 0.08318295320568496 0.036844207496286606 0.0650241930791176 -0.13615691010632128 -0.5986185876576686 -0.23606379886108317 -0.0011300242848733633 0.00013242239045249796 0.00003093331965624254 0.12352013296193888 0.9704181771085021 0.5947692475952817 0.14256566909330026 0.056565553643837245 -0.0014094080267639223 -0.11396554286818238 -0.01630952475837268 0.01907362244728642 0.04695882439833192 0.10649858325262683 -0.13579149628741985 -0.11868272369982814 0.04357243116902807 0.0778182288553606 0.08862359403730256 0.01472572892326292 -0.3496234039790585 -0.27205404589159393 -0.005958137483410113 0.000023791957962741494 0.00001644548088007887 0.08888120431783104 1.0292712714316308 1.0575389677007716 0.11626608553713125 0.00791110039471641 -0.05353474389466826 -0.13752395102499657 -0.06479558468308397 -0.06108614628912119 0.026604290577888382 0.0924405116581848 -0.10937378268102521 -0.21863646176802198 0.0370945342056685 0.02004686901122908 0.03711235519228296 -0.0025959580380907014 -0.14094047461279613 -0.13413233885687018 -0.016975295144360115 -0.00023555175026829207 0.0000802485896060041 0.1378987970665416 1.1216365079923951 1.2133734448303912 0.2265119800781445 -0.04422007318069673 -0.059022449738521186 -0.05646284899174038 -0.09136752968971099 -0.03450464438885904 0.061919477084489645 0.03815094054157918 -0.19242455712722173 -0.2948687651271931 -0.04027743531905977 -0.04091524359334227 -0.03833561538473429 -0.43401909708643177 -0.672745592520396 -0.10001520446490528 -0.0024013630524785403 0.00009029713741171088 -0.000009230072359899937 0.06687328978332262 0.8619048045355294 1.8933713240898278 0.7452016950086455 -0.07353904999713398 -0.05590621612078197 -0.09741568243632157 -0.29773513118681016 -0.09182897414100363 0.0716662373513848 0.09999206993241812 -0.1331970555679207 -0.21137301091452976 -0.05432750516828776 -0.07107777148172266 -0.10903505532717872 -0.795640530745008 -0.647548212947344 -0.03267186805037316 0.0006727502980925664 0.000020218311216197536 -0.0000017683498380422602 0.006244374360650024 0.6294227970174904 3.269668475512575 2.249049521244577 0.04101530579642339 -0.10727864526345549 -0.12333941696420496 -0.3402354569554662 -0.1551080834190837 0.07660598408432662 0.0018675815773920017 -0.2340993297399025 -0.09115325920922958 0.01822749912089097 0.09795110572272936 -0.15598112053122354 -0.8432104012097861 -0.31713799617695815 -0.005823035812960937 -0.0015353716357913575 -0.000020351900457555645 0.0000026518631875787297 0.0005810259368432497 0.17859831146829958 2.022961222006367 2.98344775029178 0.9580092430019361 0.3962487024666865 0.2436172615223854 0.008410138330252458 -0.20141115973328375 -0.06483612215193056 -0.1785548133995271 -0.3094854572074159 0.040055353679937324 0.09760395543159135 0.11932093003822129 -0.48706892497123216 -0.45077530429508994 -0.044899318958699676 0.007261685339704596 -0.00014808208190615217 -0.000014448289334083691 0.000001855420278591965 0.00003959608471316441 0.009408666902424662 0.29381033513201193 1.4766631244001187 1.9291394642901067 1.1106675133284238 0.2754315129836916 -0.1947904557022352 -0.3057275702658544 -0.20893671202628403 -0.9449669709180569 -0.6004407858296024 0.09198283079373028 -0.025309288189302094 -0.9963962102255072 -1.3778579070245824 -0.4623108687646749 -0.007848717343864149 0.008061162366889753 0.003160637539128732 0.0000484334745496776 -2.5218753173050676e-7 -0.0002885479716351704 -0.00017301283115703957 0.013085913735746087 0.5013075815936339 2.119845253444061 1.9881215441977245 -0.26653194651414613 -0.5796301612742693 0.9514990121038166 1.293068913575767 0.13498386951006328 -0.26905656459156035 0.3244148632120818 0.35292838345282945 -0.575065609491037 -0.3799455084094785 -0.012617081563412519 0.0009691250154987901 0.0012022083552430977 0.0007158417433832697 0.000011949111791653353 -0.000011292070636168118 -0.0004815183292960868 -0.0007545486038183051 0.0009178571387470709 0.09395480012360115 1.059925929913922 1.5353810401099581 0.06157609489945717 1.4405778684020956 1.6825834743020964 0.7687237660206964 -0.009305809434055547 0.5567669118561168 0.3078377518145574 -0.32463586987585935 -0.027322986019355615 0.05916076218508276 0.009843300234728717 0.0011272430297649988 -0.001403476240452931 -0.00028683356075637705 -0.00001010178041224414 -0.000003284860687918817 -0.000011709284056200883 0.000011461602872409984 -0.00025571858598755887 -0.00035255919518747687 0.07189043695831648 0.0133332594964491 -0.12637206638766724 0.7852645570961312 0.7718155998525208 0.44359632459604087 0.34994104246039753 0.2614532755812621 -0.0671519579878296 -0.36657727112716804 -0.11679379431265347 -0.005843255901908646 -0.006167657969679648 -0.0025522730649359705 -0.001900826560386036 -0.0004275796572633898 -0.00000902364527465047 0.00000246086498590736 0.00005851556211472204 0.000027908728768342684 -0.0003101844033783324 0.0006996540872109781 0.002717673624131212 -0.02361572619771053 -0.04631531436693873 -0.011381485182019108 0.015744005044317305 0.002271406751581622 0.012722262658888891 -0.024160051729945082 -0.013703844276871357 -0.017032185921832473 -0.003743397690574237 0.0054683106005930125 -0.001591785083243081 -0.00040103694116138316 -0.0012830671469513425 -0.00048531254826449793 -0.000010756635786029169 -9.42169585059281e-8 0.0000026956582511321326 -0.000044668928985815825 -0.0002500075465061168 0.0006841267704944412 0.001380716700876454 -0.004562678538699253 -0.009342640591201087 -0.005424046580036658 -0.0012510237627930236 -0.001823261304480306 0.008897097239290998 -0.024710526679034107 -0.015076572025062756 -0.006672154251963803 -0.001057534890101094 0.0016856614861474855 -0.0024255776037613677 -0.00034141920811149015 0.0002878907969837172 0.000046679240195281665 -4.928617772875923e-7 2.2005279126418926e-10 1.1572608577522998e-7 -0.00000423875859790456 -0.000018192731979685223 0.000015289287368069928 0.00002770493152226667 -0.00006854124519079481 -0.00021006237959325303 -0.0002631630855364966 -0.00011109361688106938 0.00015715835779790447 0.0010531280915331849 -0.001469653935207441 -0.0010279817434474604 -0.0006401851948377598 -0.00005951187895375789 0.00002560234853940051 -0.0002658649501047458 -0.00004505402561096301 0.00002590998801934683 0.000005406217433426123 4.786983902108166e-12 0 6.280463953298622e-7 0.00008842284705856508 0.0008648730855826023 0.00041587120567811696 -0.0002477338025053329 0.002881854372791391 0.003485459966367244 0.004068582018633276 0.012011542453840625 0.01674794711912667 0.009185843712874234 0.005273291391908458 0.003811398959777116 0.001424212232659661 0.00004606840742340612 0.00022538482059535937 0.0008778636391496919 0.00046303072204857774 -0.00006883812047625811 -0.00003291881596789746 5.9393743618426004e-8 -2.9146718579837104e-8 -0.00010026531900528123 -0.0009871598034716365 0.007003213180881721 0.004436736755229301 -0.01757237993619894 0.05193715178126849 0.1600982622750844 0.19341436222324795 0.4534948120631377 0.4637411924084892 0.2602744094465826 0.2101902740609919 0.24645469983867782 0.09001562057272146 0.0019841753329010807 -0.002805517863145649 0.0157609063856751 0.009205971965364749 -0.0026997816671426285 -0.001094711191246923 -0.000004762592964154431 -0.000009268750969729681 -0.0008312187438463856 -0.0030469018039369577 0.007475008950472003 0.004685644037565392 -0.0065331600126929575 0.19266812788065005 0.5480551447833708 0.6281286296602817 0.9362142464752776 0.8141139137432125 0.5332249577683411 0.396041433105614 0.5881957120911531 0.3417669640850579 0.14195538989756717 0.03447183461841033 0.0219607187954349 0.011664441873194249 -0.004174647396844512 -0.002636345772726334 -0.00006554196953429938 -0.00003410782118290679 -0.0025329873857163287 -0.0040724884223731685 0.008413088517489453 0.04577951327961935 0.1296310697534068 0.3421206275118546 0.6493109574770514 0.6297119505319954 0.5364426846348532 0.541120183232645 0.2599030888839809 0.16683251002246124 0.59589602529412 0.8560329080601384 0.7437444648464897 0.5094011178036951 0.16228157276219624 0.014803891422214242 0.00047373197409482067 -0.0025129203221863293 -0.000022977491118364723 -0.000022169473856230696 -0.0012957454398259355 -0.0027984550786562916 0.06001764010004857 0.13169052076018845 0.3326513245790611 0.869021528424791 0.8667967439089793 0.4267673533016365 0.3732273415953272 0.5117883031362178 -0.20938542692507112 -0.3474387782615104 0.3808749871952242 0.449951445676133 0.9414470501045026 1.388051633375167 0.8223155851789945 0.1009156426133206 -0.003857785666470703 -0.0041217197802011244 -0.00010772809215176832 -0.0000022547806094118264 -0.00014428448268396965 0.008712907790918057 0.2240778923179929 0.40618357513119785 0.6916183072689647 0.780222586436403 0.6864418159104507 -0.1690245811181185 -0.1610414767513735 -0.043041485286490544 -0.24749193928108076 -0.23514463305316285 -0.07511105340346844 0.008089279895961317 0.6861835613477654 2.0317050400310324 2.0396489154281183 0.26119295674936616 -0.0015664659724310436 -0.005849134431087171 -0.0001864093767711027 0.000010239927791091377 0.0006753850125699536 0.07463186012647642 0.6411528323585161 0.6846983761143982 0.3732752693930243 0.004719474003221391 0.1489857353961027 -0.18348800952090003 -0.2129585714771258 0.0012262941109663112 0.029614169813610654 -0.0990424457118912 0.04283089756700828 0.14232602178044018 0.5236771764908067 1.5236155321841809 1.806837853285695 0.7310217957200402 0.09489927979978086 0.0017122536878253901 0.00013413407240348558 0.00002670564551689014 0.0020755016270162245 0.21478831480372187 0.703713099323389 0.31694839098701894 -0.06970900003566842 -0.499596292270763 -0.2569001830598563 -0.03041936785248651 0.03300867028163063 0.03315450046604931 0.04520435024928559 -0.007761777402759495 0.11414054813383805 -0.16086752700728482 -0.009679940610758204 0.46707593636845446 1.1362249107699456 1.372837023196152 0.2401452693130174 0.002704622122600018 0.00011063368018933794 0.000008099196467200622 0.019081538133355946 0.3766666905611974 0.2407787716347205 -0.10278592047358917 -0.11965612585254996 -0.24049040589746007 -0.10618097670837992 0.06488911392993175 0.07467486468249898 -0.0017907997107668074 0.000582065325330406 -0.04818040724968285 -0.00042394311811858303 -0.0656677287060822 0.126224024453661 0.29923547919293025 0.47492559510510973 1.2256765860094805 0.36268299049291053 -0.0027579290156093295 0.000011715534412459203 0.000007908389085119354 0.039564389642692835 0.6441059464854573 0.14413294187337042 -0.33011798647094537 -0.24962425067766728 -0.0696164047673152 0.07568998779347662 0.05589651591436516 0.030080894255673004 0.010966276286791359 -0.005274840250933307 -0.011881366367745162 0.0843752589784406 0.10021243078447113 -0.014456414697943476 0.17292642141562398 0.5944611190015856 1.3518673814409234 0.4680564818060832 0.0015162216212920403 0.0000550520101200728 -0.000024075841430822942 0.041804681375590756 1.0346984929536838 1.1295874910887582 -0.07743419150416778 -0.35225080373459067 -0.10817092051995573 0.05100615327564632 0.00979370840912796 -0.0463603005387615 -0.025648212264991282 -0.050666588527685526 0.016083981877172367 0.12582419781588694 0.12162282247193469 0.07401399116275044 0.20528511902215316 0.23210741165770427 0.364950216262154 0.1503893128687012 -0.006894403018249707 0.00004286977273357349 -0.00020714022608776795 0.055089368422610537 1.2196377253646955 1.3325140131530573 0.1635018405587869 -0.19943145583799687 -0.042176752562857016 0.07351961642691578 -0.010713867301858263 -0.13122999749683711 -0.05357935627252997 0.000047887517343461945 -0.024600913863143104 0.04363987191609946 0.11962554491363014 0.13559131314401507 0.12576652451808618 -0.22015230402034658 -0.32966175284972904 -0.1280125476631395 -0.004900278627303373 0.00006742121460039365 -0.00014542995515020934 0.05251983777794084 1.0929005572680435 1.5681199492768099 0.4172531088061264 -0.10536894403517283 -0.1907749371898095 -0.14051915543186444 -0.05435020676278413 -0.02550332556960695 0.0507570591719467 0.04925729521518964 -0.1460100914718474 -0.005435023314928665 0.12778059603275707 0.12757492744128324 0.09596125318693503 0.32351177237783746 0.3811624647287569 -0.09100197383951746 -0.004358429242475909 0.00003159866046214033 -0.0002341983291881442 0.023959476576009425 0.909148962281518 1.9540250715228933 0.6669016824731934 0.018670557982109384 -0.20242054756831443 -0.13728999705565972 -0.009159011475877792 -0.008115796405158792 0.0464052089142087 0.031670407749224944 -0.0568780534616903 0.08761484532274386 0.192578902365991 0.16890346490556687 0.22396254268191212 0.3549852213381204 0.184022793021299 -0.029199532996307172 -0.00789642019046615 -0.00009763768861772988 -0.00003430441899383307 0.011758857012227784 0.5770862778236193 2.255148514897274 1.4971789226686976 0.06299856977122963 -0.18991724986201813 -0.08120067872547283 -0.05280754091573552 -0.08100354258668041 0.07045405626263804 0.07172816922397288 0.046146137360557574 0.11948152867460303 0.16018062405142014 0.16310768848815918 0.23859062420207786 -0.004046030564706593 -0.39383012184014266 -0.04901185672277295 -0.0037744903241433646 -0.0000416364324358882 0.000015403241223327044 0.0019705741197687497 0.28550401707085155 2.3970768710272323 3.054858639073997 0.5822341764945766 -0.00969098787867128 -0.022393712480983607 -0.09299953285317421 -0.13578882192302869 -0.002407160339361169 0.009476534897879212 0.0029906080097219555 0.052060514420637985 0.12043883451325413 0.086103004425677 0.4110585829471368 0.11188911689310482 -0.2757912365319566 -0.024426900046508302 0.00011904451559047002 -0.000012421067181532642 0.0000015489960598536852 0.00029899846646422095 0.14520583450915953 1.9427535087489158 3.7076650384457674 1.28141009278458 0.00936482189009809 -0.21388819259871658 -0.18113431763090707 -0.2043193612080531 -0.15691458249835835 -0.17386037120223233 -0.15209912909403664 0.054141749518263976 0.25636550844473016 0.3462723940467607 1.0440789545226454 -0.059066633436594414 -0.17516290196472856 -0.012841452735880788 0.0016922828893073051 0.000021891735673097376 -0.0000034708178129033103 0.00007607300687625152 0.037055540773389704 0.9366821942092017 3.4274582160056544 2.5553524019128333 0.22462608530916472 -0.040800503464112806 -0.14975631142275966 -0.2602503122678518 -0.2690164355751897 -0.12983153342911177 -0.12186451488163065 0.00552559691810498 0.36401431740605605 0.9563958402595412 0.5356476809333619 -0.07777641463101966 -0.0777206846677961 -0.007283479531548397 0.0005821018819573214 -0.000013657104333988655 -2.2043333487670255e-7 0.00031239046303862286 0.0019695056117089824 0.1255435104040482 1.9096202780859177 4.025938022970437 1.8489902033139016 -0.05041563407446978 -0.694354462597085 0.195578326304287 0.645144715714578 0.4073120993208798 0.023736390979176403 0.22487549715422167 0.6694225918182979 0.19130893701573728 -0.5351302301265755 -0.22364986613513854 -0.027968273188552162 -0.008537971431873483 -0.0012225232063501033 -0.000033922598878313787 -0.0000013071801900100165 0.000022117746910062382 -0.00038839045801207923 -0.002047758726047932 0.35335224271287463 2.4637808231574505 4.089765692426123 1.727201929318944 0.7475293956700481 3.3027134964894174 4.221749556132526 2.839304446025912 0.877913030733272 0.013013120152374755 0.3609796139647322 -1.3989501317986222 -0.6540327657537599 -0.03962847838462577 -0.00336195517055793 -0.004235217582181827 -0.0012414010281795072 -0.00003125925963746534 0.000002571864446353521 0.00020894412198533744 0.0016185236555328803 0.0017981122480940916 0.016946950286234542 0.39679598072491584 1.4666441117363436 2.3111301785627245 3.104214896215241 2.57474267205356 0.3811081281187148 0.6339713929867209 1.7914214050245623 1.3262338246568042 0.7026012627602041 0.15239936164223478 -0.03745797432334098 0.00441429237530626 0.0019591191748470622 -0.0013410224437249122 -0.00032587099505818556 -0.000007627151462994704 -0.0000015104218271937044 -0.000021739241903722398 0.001438624252066087 0.0040560106914995 0.0014821851408766467 0.005372433338812097 0.026022389045915598 0.23564193196266905 0.8017759485250695 0.374833841918893 -0.8364814916151425 -0.5973863194574348 0.21540741967039503 0.4631865560390705 0.06031327136428351 -0.005393975876412649 0.0010460407567787656 0.00241947237948791 0.0010020508361613166 -0.0017570913673910788 -0.0011950815155057169 -0.000025267805406594872 0.000003350148232856757 0.0003901268019990217 0.0011635782391993283 0.0016614306500787295 0.0000817587028090094 -0.00014858613662324937 -0.008789767598686986 -0.029077736281878503 -0.005497722717428461 -0.0056518079478155995 -0.04338569308366624 -0.048213491937268954 -0.06693499367660592 -0.01675307400123486 -0.014740493436510132 0.0006119610967756377 0.004502534537349057 -0.0015134247877629323 -0.0008025972985108416 -0.0012733006113775692 -0.00048350482743861486 -0.000009852139126749697 0.0000019403010608894967 0.0004694224671297238 0.001061208154361346 0.0003253020717454537 0.0009074138033665808 0.0035698047545317003 -0.0020019406149282474 -0.010068606394188504 0.0014610283406702375 -0.005299720261471298 -0.005844526097282169 0.007600809899900814 -0.00906487673732381 0.0019226202656188814 -0.004354207672142417 -0.0014143428881590425 0.0019880327606806875 -0.001113832024484188 0.0007910496660047878 0.0002581677009465398 0.00003179120138520153 -8.265078328332348e-8 6.851186569628714e-8 0.000026162598337809167 0.00005761129267759259 0.000011667694311201674 0.00007303449502961972 0.00027548169273571607 0.00003489215251540267 -0.00028101517298885427 0.00008299277035304159 -0.0002406665442724521 -0.00017228443479832466 0.0009454058398529822 -0.0002951497921516227 0.000016696725842323228 -0.0006054028937860301 -0.00014163187599878517 0.0001486754165240155 -0.000059689680933957505 0.00010894113864751117 0.000033264630395056474 0.000002877309901016982 1.4905188129747954e-10 0 0.00001531397507399189 0.0002866602404049651 0.0008484309877643453 -0.0005676528989175628 -0.0005381827585228768 0.0005062121528860906 0.001267563246757621 0.0021024725500004737 0.0026635425621265854 0.003138062418727703 0.002013274798770829 0.0006060399952005316 0.0003751013677985205 0.0003754609148221831 -0.00010206954286044841 0.00027520181906527143 0.00013351856573592716 0.000011642060059308765 -0.0000023170189789047024 -0.0000029548894739461355 4.418343898244945e-8 -3.2813188710580907e-9 0.0005405560607091069 0.0015568188884110398 0.004778223040050602 -0.008642031229300753 -0.026389190812093195 -0.006870308462715778 0.10892400179710109 0.2881201016275573 0.6023724976752889 0.39219744073505425 0.2888272159569813 0.27024678393460044 0.15241698298742934 0.03639490811249939 0.0092514026518951 0.0412110117378779 0.006858863375158565 0.0023914290108315575 -0.0008270386432919735 -0.00047603001029640957 -0.000006442601889064834 -0.0000034657375204809486 0.0014479913624851775 -0.0014966669332344776 -0.005496579594633783 -0.00888889292216573 -0.031006578157408822 0.10212605798143284 0.37518782354075975 0.9459916515377326 1.832504967712259 1.2939673252533488 1.0090529112854187 0.9835071850443486 0.5140516879961454 0.17832766869163122 0.09028550935743254 0.15050117966140786 0.017893754652695555 0.001979243330922889 -0.002448936123757652 -0.002054845899190462 -0.00005623339707144471 -0.000026275898505166728 -0.0009606327110292549 -0.00569373007641927 -0.006823644100727929 0.040193699587506584 0.2412929953191334 0.4317205848340482 0.4813003256374069 0.8277729440996822 1.0716817001551566 1.0841016762230722 0.7013141174643364 0.6136423998722138 0.6851857835887688 0.6988108938033472 0.5274451503602151 0.48053132299125756 0.10547057633084585 0.0029440877225302047 -0.008260242092975626 -0.004663902171345008 -0.00003844062831727744 -0.000022429979473528687 -0.0009805054932312243 -0.004858066573829107 0.032791276960879204 0.33686723071128827 0.8795012142838182 1.3256128925435575 1.4140117436484305 1.3455489093082618 1.3857840161597368 1.1368291651274263 0.7222883592652318 0.6068179129327593 0.8003694403462628 0.9699325338457443 1.2016380938493894 1.1507927662864914 0.5620923035006811 0.08096841324004281 0.021371428098248674 0.005182102441319289 -0.0000342372720034638 -0.000004141160521348647 -0.00020136510250545384 0.001109056721776661 0.16605585849437635 0.6031350474313457 1.28003826554477 1.817023825215487 1.8014691964200917 1.0924240817689381 0.8373470890827204 0.45931122959569093 0.18315295109871962 0.34783237138358614 0.38815023280178035 1.0329202646611186 1.3175624275523992 1.2308712267870245 1.3883056374873752 0.3140284124413698 0.033268122190337125 0.010364065794639684 0.00009168326594938435 0.000009277980259251459 0.00027249391594452884 0.03425383614544914 0.5418866346448789 1.0192198788589983 1.1379138672889908 1.3605561141490554 1.3577603978841821 0.28782312399200366 -0.3649078274813906 -0.05299544205981754 0.045768059765350595 0.1046235419419824 0.22189310454567504 0.9852437980759642 0.81576309347987 1.141352038846481 1.632131232494112 0.5586978312057058 0.06983754082708914 0.013221977261705355 0.0004382841933121317 0.00004536008623566776 0.0014901283588381641 0.1412983482907664 0.8783808563588448 0.9776465434608211 0.8480706456291489 0.4217613643723595 0.11834129628849324 -0.09649125973528873 -0.05376843678949912 0.0965548318603737 -0.016271362661572728 0.01817314984549155 0.19430578323641143 0.3104063497530133 0.23360909943678496 0.07539211176012098 0.8297970353493495 0.966321283796549 0.15398098036645963 0.008096710137444386 0.00017980976426649318 0.0000070806533866287804 0.0036194390505735054 0.2936062933445551 0.993747782143507 0.7285229868433489 0.33645464949555476 -0.07568552266907909 -0.1839413484394481 -0.045967512428319535 0.02938059335746328 0.004740685988387509 -0.0464763274683113 -0.10230061636847146 0.031081036848181833 0.15816850798606163 0.4803305957567274 0.18667346165358173 0.5941665888019361 1.6093149642986833 0.2956159514433206 -0.0006320793111618545 0.00006309048103166022 -1.624886464572715e-7 0.012585385541719816 0.5520917799283069 0.7985022533451087 0.11019957106046116 -0.011968958952252706 -0.06238105867836195 -0.03759301711256052 -0.04216177903841311 -0.016310023307833137 0.023292490701720993 0.054098215865563445 0.038135356930789975 0.03973427875452695 0.14034452184994803 0.4684072316090743 0.3874675458404028 1.072421934223064 1.651738667180684 0.23110497393605928 -0.0016904154643854377 0.00010755935785202833 -0.00003346604524834611 0.010455796550182965 0.7690456506174448 1.6141981629902977 0.1591383478472708 -0.12745564335807089 -0.06590779792616851 -0.07706977602308837 -0.046785644890014674 -0.02753097011969675 -0.00219708041228009 0.008270151859280336 0.05851237518714768 0.06655051787895187 0.13938413656084647 0.3131900253775027 0.4539109488600363 1.5591457211548216 1.2505371930559697 0.04047320812560696 -0.0046948794302950105 0.0003368697186416292 -0.0002297593570785347 0.0028704835890373983 0.6449653314080828 2.098115195779289 0.8070473639631724 -0.07064262055845545 0.01185954667297358 0.10244613619706545 0.05496835578368774 -0.05464186794834881 -0.09352289501270213 -0.07637040280744073 -0.050376469456336725 0.04070399307044888 0.22985613823550882 0.41156633744338383 0.3730999234206101 1.0222722320261959 0.6081229992050348 0.08091809223968618 0.02398211452923871 0.0003883693836692523 -0.00021027072733032325 0.011670320806450975 0.45855241401191027 2.1465485584907755 1.4819582762919827 0.06903349494404794 -0.038479075316970535 0.08409303109119855 0.07456562989349913 0.07240745624737309 0.02203444795177521 -0.015665012439546683 -0.13668176408573562 -0.03074929547894404 0.0874813387436329 0.4713003844108716 0.6160194150327996 1.7161529429818072 1.0602944609572194 0.10765991745275776 0.01538356638902643 0.00008044618317021086 -0.00011782748085541535 -0.0005996929797747407 0.22932528588589896 1.7107204702178676 1.8460372536593928 0.4210163477223227 -0.06819791640327277 -0.10639153434126468 0.014330075262133837 0.05729823960152667 0.003637221693017197 0.002219872952269988 -0.04051153027130737 -0.014065935649241105 0.19135109216604357 0.8361515699941381 1.6660446860275169 2.0958068084582067 0.6219692526524153 0.04781325697941115 0.005311508196814638 -0.000012656345472784893 0.000026123156627249856 0.001610238345461954 0.10512786455435133 1.4122220259986988 2.97022694450827 1.1792619287320538 0.09471394412985966 -0.061315252766680026 -0.04475321728992893 -0.039189457245453384 -0.004110584837528418 -0.01451556965175952 0.010664515102962905 0.12534525624815945 0.5471345639900596 0.829544808373845 1.5394383434717673 1.0082576658398315 -0.007375053827359038 0.011575083614331799 0.009136057783008134 0.0000886573635302754 0.000025367816329820093 0.0013360697149202955 0.03577419197745317 1.3413241029432617 4.5598075723207705 2.891016905013681 0.6551006719292584 0.1883597945228529 -0.03720170759070401 -0.11624572012167708 -0.09396208244455327 -0.10903454448040925 -0.10648428997083678 0.03697981056068967 0.7064209913072458 1.485123907281009 1.8469218170786748 0.7092337472326711 -0.09954157434931049 -0.04723800863215498 -0.001146726951205711 -0.000021284432375539318 0.0000016437022812695764 0.00027755510740341924 0.00484555768596908 0.583994888431026 3.7515204950836947 4.465235949087599 1.6313110458720512 0.2654443227346219 -0.08119267347841916 -0.24093033383559243 -0.2052398587905467 -0.15663815528610936 -0.16634783213011708 0.2650873822964182 1.3667538309510274 2.3266525740908097 1.8788695499362824 0.1039421568714314 -0.2179119290345159 -0.039976263747325436 0.0034359634775069313 0.0001199018228404631 -0.000009575100930199307 -0.00040445339062981076 0.0006446741287087427 0.12629562562913985 1.9589509569117822 4.717751283436829 3.884855759048501 1.8666077116174786 0.3699680060006053 -0.1273716639091697 -0.10673099932738699 0.08618348248910307 -0.06283347963918597 0.4267556569965086 2.353450688573843 3.568689313939089 0.962638966619071 -0.014367226709550643 -0.08915916195172809 -0.0166926684603119 -0.0008541124862667853 -0.00005554796343809324 -0.00000941740857444034 -0.00023785185103993286 0.0005612899118530222 0.015498886208355494 0.7021277987528357 2.8013285464666686 4.617714959979537 4.047083681767856 1.5677325700643292 0.42362700481736393 -0.04132948140804501 -0.3211901257576891 -0.4731438926555242 1.0341629358123317 3.0798344145784537 2.399844648071849 0.29197279253331915 -0.02204785568420859 -0.006119682724224961 -0.021094369144645686 -0.006169509175349474 -0.00016757031564287005 0.0000072599754012889754 0.0007037252581747461 0.003125837812628317 0.005775582789354664 0.11466670937503363 1.053399505225459 3.6918391259265406 4.783192839295268 4.232828895480197 1.749628219462994 -0.7062919473899216 -1.8741519750720812 -1.7957054002704644 -0.3183013253952292 0.39720258091179833 -0.09548390283454031 -0.07275967345979885 -0.0027081186850497264 0.0005636862354033489 -0.006446926772519657 -0.0020292492570614493 -0.00005967328457408311 0.00002439672191133627 0.0010922450921068084 0.002075252624455598 0.0009189363252250825 0.0060935073934490405 0.09374778270326328 0.9944570895075643 2.70951334167837 4.426872804137024 2.284962629210012 -2.177168477842814 -1.2745777584909763 -0.21178796132570993 -0.5643629459565946 -0.4744210199995141 -0.0546528101466067 0.003191656287189002 0.004502795273300381 -0.0018351798251955006 -0.0009262766165631753 0.00045227658876829154 0.00001804180878304564 0.000007302894605950337 0.0001295684521002185 0.0012058607178586868 0.0038181698073659807 0.0008812977056630155 -0.0007195984021241805 0.041324177137982455 0.178390226972093 0.5737758399540251 0.5250811018103793 -0.5813913394658742 -0.11344144597294215 0.36521145724350795 0.16466667517323388 0.02139597633513573 0.00045790750663281146 0.0019069698372851168 0.0002684899044179019 -0.0017159545604186394 -0.00029980480109145763 0.00004343928820058344 -0.0000021988191443125645 0.000012300598507637332 0.0013565695423445791 0.0038665349065236465 0.004395071261832903 -0.0003332289841250505 0.006675556068683086 0.01608495378898032 -0.009388892379894473 0.018559422091072097 0.05758509572271508 0.025302708579099404 0.0030148689425893195 0.00966479050628078 0.00789225386935449 0.003149857953379602 0.0018862106377545147 0.00108932104291597 -0.0010243661366825592 -0.0004893269361308984 0.00016285951939117426 0.00007172641198458379 6.497370070867986e-7 0.0000051400433814448495 0.0014476943053827835 0.0038053177014048967 0.0020797609147889485 0.0008799334636624306 0.004965333248060033 0.005352168149356571 -0.00004801338946846028 0.01699587781238679 0.01677040388990389 0.0045333095656445435 0.016932723447069465 0.018666822870323507 0.003749302186387996 0.004651883235936193 0.0013285863271380216 0.0005348179173900785 -0.0009184645414570734 0.0005397496335880765 0.00035121776604114997 0.00000950187339042019 -1.0757453710401364e-9 2.1090830599968697e-7 0.00008105355337124176 0.0002155760055263469 0.00011501577075805388 0.000030347330183002778 0.00019266074282248586 0.00030982193696406504 0.00003005883825841116 0.0006927052668695002 0.000654123860920101 0.000104816302350261 0.000990435324303425 0.0012263852473854277 0.0004067025194761456 0.0005806547649038291 0.00011801205253635735 0.00007628759301961175 -0.000004538623174788449 0.0001140463573750342 0.00004208580465872725 6.195161585382886e-7 3.4540250807249953e-10 0 7.93651591496568e-7 0.00016268870078885346 0.000662173448392721 0.00003648507794970726 -0.00042823545649375063 -0.0028469490596771713 -0.0017423525074813746 -0.00024423127669973325 0.0004532705373869414 0.0007295964340834938 0.0002479666276962905 0.00007874396766069036 -0.00004678484243246104 0.00009749322227228354 0.00003624024547244862 -0.00011852487999460898 0.00006212907105935455 0.00016000844931114035 0.00002077784739453202 -0.000004479603423637905 -1.5768915958197692e-9 -1.844949929887949e-8 0.00045797739160959505 0.00511215106818163 0.011796754103884522 -0.0005125312481900782 -0.005002057527956978 -0.0421517684256022 -0.002681498426151893 0.07661249329828301 0.2306333026444629 0.18754146446857706 0.14512872647932684 0.14810679897873705 0.08624980983727534 0.011809690917585691 0.015346028250521209 0.04871409038334543 0.008794969383693695 0.0028348087247260954 -0.0002339584688753483 -0.00032468586186093506 -9.723004198964012e-8 -0.0000029382210042700507 0.001640951288912375 0.010463175844825149 0.014130067302726607 -0.0055659179397766064 0.0015610363113157325 -0.002893407148546897 0.09913182246501297 0.47742808023940264 1.040541209213169 1.0123908347510333 1.0707018049658974 0.6599278840004406 0.3134556431005861 0.030200169683304762 0.045149146602191464 0.12932902647690975 0.011587727994767294 -0.000379903699729423 -0.0015828590522952116 -0.0009736326189045389 -0.0000039045730818855026 -0.000024552237285220184 -0.0012660913755461747 -0.0031065907612646835 -0.00024807416106161227 0.014584067264394434 0.14794107685315364 0.4059244627122157 0.3914968979777781 0.7801382129317258 0.7468891241578687 0.7932288346002896 0.8053331817355743 0.34989667611401276 0.20306430063864833 0.1499383620054332 0.25541655346637393 0.2377569756300151 0.022956544635772732 -0.001662335409955385 -0.004102280515747502 -0.0014030104612847334 -0.0000024012214331714968 -0.00001528269221783508 -0.00136659328001062 -0.00488813011203717 0.000758842567357834 0.21146373031063437 0.7262128909990407 0.8201304578681181 0.8393498474017398 0.9695702233595715 0.7904093566465673 0.6923194056482138 0.6727864287499215 0.5961676029126566 0.7388174008448913 1.0196846469559775 1.13210603133611 0.757255983818179 0.16572215769720838 0.022883235168857326 0.018392148486561757 0.006031727003142195 0.000058211122231492664 6.6607170522031e-7 -0.00019528853833448236 0.00002542859937775386 0.08284993651838828 0.5616225459973839 1.1010186498295507 1.3322989193306165 1.2130096175034757 0.726420723093746 0.5438791569540552 0.3924590366623924 0.41537874046615986 0.4869972466810661 0.47527200689345145 1.3827843800973032 1.7842595451149161 0.8772829063809305 0.5585684487792676 0.15752019883502708 0.04598830627255988 0.021672842718392364 0.0003816682398883962 0.0000017502406104585941 -0.00012206139714822172 0.012714483808912777 0.39025293862773225 1.115578816085145 1.524433912611875 1.5102091464180631 0.9768043390430092 0.278627958263485 -0.09101604173220892 -0.22888379307266624 -0.14754273236751286 0.20572286539972515 0.15122618153158007 0.9673381859805175 1.0209258314150378 0.5779558345652591 1.1980764915221016 0.41132532531297644 0.04356307318087954 0.015030787051719289 0.0004410770650502122 0.0000014964524934978503 0.0001713744650151238 0.06329846905172481 0.9656227218819275 1.81369361058905 1.6014764899808427 1.0526853298902654 0.3548281494548885 -0.08617395279633024 -0.11750063895601916 0.011067343287734665 -0.1410566012172145 -0.0676432164589461 -0.030189029985745755 0.3815966578284682 0.18969339833002014 0.4924534278631131 1.1874819216916557 0.4537610507672714 0.04280165329903932 0.008683064501284862 0.00014941095426369134 4.096690091247613e-7 0.0005334912731541928 0.11510471289534036 1.2462430523002697 1.9429190085049735 1.142097016049224 0.3097501534298006 -0.14780228243398663 -0.19359821775010522 -0.08964464771942005 -0.025278784348918455 -0.062712707383939 -0.05297411449286992 0.02178916069331202 0.3548201524210654 0.46697247471784276 1.1501197565876933 2.0162146241653227 1.051965916404426 0.07457140112140079 0.0025316410025623985 0.00004274602270924017 0.00003317686642022065 0.005145086191688127 0.11853100833106639 0.7810560006419581 0.9779756163268075 0.4033122220880668 0.03831424691374078 -0.083846555011129 -0.15181129368523036 -0.048449614018538305 -0.01717074714655526 0.05380718961225574 0.06382935183433794 -0.001236765876899772 0.18338885295416893 0.49209220374937596 1.2293632948566267 2.9280298482618075 1.6650740384210725 0.057373680581857094 -0.0012870135881273268 0.00009247696404789918 0.00008734989129752443 0.008628407488832257 0.1542909821395992 0.8788461768395764 0.708472720023662 0.039454204747195784 -0.0816793007940981 -0.0907801702959076 -0.10258428008093495 -0.023678086778476833 -0.030984051104073828 0.0010878254543033147 0.03743249498968263 0.02087950765696619 0.2665039691572601 0.5543190282893536 1.5495743265294688 3.4919198135555267 1.4466348970222767 -0.005073251824072906 -0.00014217037998485494 0.00024639246820261216 0.00011208151407112341 0.015563422488667955 0.16514570595394912 1.2810284809572046 1.4375987370493273 0.22497580922627441 0.017460472195806223 -0.022679312490027758 -0.03925811077462967 -0.04382205469328688 -0.0654519591481322 -0.034519356412527985 0.023113227942868075 0.07209359883184598 0.32901593557263376 0.7594549078127891 2.3536846668010516 3.6159066425038198 1.0379654406545744 0.04430418317916294 0.008530310577101324 0.00019928500590507805 0.00009092658503725821 0.01508434520501686 0.10463310373223254 1.1984210430790565 2.070696886591997 0.6772942871621813 0.2279959757735654 0.11781602444213046 0.06626384944410275 0.08683268480862394 0.04620773520017244 0.04822694166117862 0.035573139807327944 -0.011270084671433136 -0.0579597621141058 0.7168620618574065 3.1666960432344844 3.3698762692652484 0.75947078838626 0.04219991673363975 0.0028278745384915033 0.000028049185198972964 -0.000042046508436012635 -0.0007458684469010589 0.026699186637271263 0.8596724360634752 2.809297307541139 1.6992923551623431 0.41328247492977643 0.07187322414838623 -0.019284491500426493 0.015574403836772499 0.023123843706324927 0.07694672853038434 0.06017826487353183 0.05663042224850518 0.4236217461021619 1.7788704111371916 4.651306410909643 3.114411151030656 0.3907500048763619 0.04691219212810824 0.004727557981636605 -0.000003901869434672826 -4.270769836184185e-7 0.0003502122933063307 0.008062030870387971 0.5239501736470922 3.394325701054106 3.573847645102397 0.9272695637948601 0.2405682984574366 0.03900008377512969 -0.018028669969125177 0.005490753414613794 0.05476412112177172 0.10015130765833638 0.2500126089715291 0.968532308708976 2.2896920257034403 3.9469436637969117 1.639067590155314 0.09302631343545746 0.042262560675063746 0.008992038362276597 0.00005287607181153648 0.000008786152018312045 0.0001673787582394441 0.0005581873821766715 0.2560868728039625 2.70009958554967 4.687853476562468 1.9416114201075234 0.5978852857228775 0.1795736252480602 -0.028322684778897152 -0.05189110918028947 0.025741161428098253 0.1014786133177357 0.5156881080800383 2.286804213532805 4.22859097152625 2.5849238967054373 0.40792535834177523 0.027541453366341957 0.004464373505617704 0.0005611632730767457 2.779092884081993e-7 7.282037245471352e-7 -0.00040526059017666996 -0.00008038706219270068 0.08664325171098121 1.528465590287974 4.529139646966933 4.241009969281225 1.9815896112842084 0.5864576460913784 0.21296452321808584 0.16510595326191055 0.32953267071083514 0.8234385185244785 2.4261198495105276 5.041118846012441 5.113674504551228 1.8008520816440863 0.019849336902269907 -0.03440259585158172 -0.0023223185812774314 0.0023347955776332734 0.0000868234879287096 -0.000004325631041299292 -0.0005056039695623128 -0.0012240499831782023 0.010217543703743146 0.4605042466617097 3.0693796625939345 6.442135337297962 5.60979347654207 2.710462904426084 1.7130924220551573 1.2979191540967348 1.441004803058007 2.3388707156766815 3.6159832425817 4.897066429476828 2.8571853179173927 0.580318677814613 0.1141998682127006 0.015203714255118204 0.001902342027030296 0.0015250604953451327 0.00002546185454122052 -0.000015100811974432287 -0.000519115390184965 -0.0004961609526141249 0.004602179193428012 0.06696929752066035 0.9078414071547166 4.433229429749527 6.784731508893524 5.0194675762911265 3.4539885857328367 2.979480386882687 2.9652512161494924 2.6805842547133567 2.8102024135825654 2.281723132643386 0.9356642105980187 0.16455229025215018 0.08855336993958536 0.018908456214463343 -0.0029281369589375544 -0.0020929572841743736 -0.00007956783478392157 -0.000009329030211293794 -0.00007364436965863916 0.0009978713654342165 0.010313769652958377 0.007866359342241683 0.08949061012746046 1.120904689428053 3.1081907083648743 3.729534719809908 1.696918924479609 1.0436840676945385 1.0899393975006366 0.8710218514108174 1.2896239249564556 0.5404025785798758 0.13158603841036756 0.017907013959859646 0.023942080714557265 0.00851796752634989 0.00027937127235271345 -0.0004204758661589202 -0.000024328044196696265 0.000007621470129110657 0.00046794926819332546 -0.0015014959020405942 -0.0007147570572229276 -0.0018042021906512363 0.0009160823895353853 0.12532384639898195 0.5653057297144487 1.3031091821364598 0.2748817023709374 -0.7114961371919432 -0.5984829955581171 -0.3851924401229172 0.07493381536617907 0.1397087212340425 0.061644382166527394 0.02577737608112274 0.010261555770962955 0.000978779550452894 0.000030078046435208935 0.0000918055594339913 0.000002992132232416362 0.000003374636891590463 0.0001336811330954311 -0.00047394479544408106 -0.000001938259833029284 -0.00088117820199521 -0.00013253213679433715 0.007138018172396005 0.024424824273074335 0.09763457668661019 0.10596785436126267 -0.015726394086557707 0.05388357173260927 0.08734180381470442 0.04944276200342377 0.049275927357380914 0.017588908457309753 0.007137837870893564 0.0011075450385468846 -0.00043897508065748306 0.000330637699340937 0.00009263816090275155 7.266810753946996e-7 0.000002296060455231283 0.0003390233072055233 0.0007905074562631516 0.001643008393788542 -0.0007233323725608904 0.00026198523454720453 0.0029234781269828146 0.0052182019796335275 0.028492527468150387 0.04565272684654539 0.0369208637193365 0.019700204197240063 0.02019354238735382 0.0035593297570554335 0.004878732814896295 0.005699115714772125 0.001225815697003264 0.0004616060523109682 0.0017267285848167108 0.0008443791970031938 0.000029469707943455366 4.5636815863280666e-7 9.594631686120775e-7 0.0003032302990010405 0.0009200987868181762 0.0015575545311509436 0.000430255453727609 0.0003562358373273812 0.0015925681183944545 0.006452910654093133 0.019928451976574627 0.01811648590649403 0.010178375895664902 0.008301854126539391 0.010313481792098046 -0.004715150291604293 0.000433694938566869 0.004587728882049534 0.0013893633655606811 0.0008033198022234024 0.0024299541863062294 0.0008394589537464899 0.000003219096494082618 -4.984771294906374e-8 4.064782776176917e-8 0.000015840706876865338 0.00005219598060892055 0.00009740844578856344 0.000026575311618725187 -0.00003236696538721204 0.0000606116376119145 0.00032569698987702377 0.0009833053775056447 0.0007641378429606833 0.00039579727327093 0.00022290484841382943 0.0005119754005724983 -0.00021315101407867038 0.00014079128162853592 0.00039779269780803727 0.00015423165628692675 0.00005620105763220204 0.00020619074420234905 0.00006615873563299369 0.0000013133175260582998 -2.0063501524884314e-10 0 -0.0000010042130338616585 0.000047739119896238626 0.0003017976520963619 0.0009750620768289078 0.0003602189137059329 -0.0007972425282649821 0.000013012009945568537 -0.000038253762482406106 -0.00016338327853882695 0.000019970271479816702 0.00003174643675944172 0.000009391602127962759 -0.000005154485620034134 0.0001325154872519064 0.00009220522548107437 -0.000022803603382463207 0.00012001635094180395 0.0002990989480177168 0.00004785579808210867 -0.0000015736921049620353 -1.5820233532238815e-9 -3.505758171693238e-9 0.00016661938475088454 0.004628148246511765 0.008882990500962492 0.01372660936024153 0.013214975009081998 -0.007022007243599183 0.004433817578779216 0.015166297770866687 0.036735209004123054 0.03539869914489078 0.030590801778121634 0.025322462115757227 0.014661040160415589 0.0014636248407370624 -0.004644651199507721 -0.00038915709724613416 -0.0008024087268998895 0.006160975682148871 0.0007841069426913291 -0.0003054569077494947 1.3056290809319659e-7 -0.0000021803090820339896 0.0004123244403276968 0.01278492724078025 0.017590797499889687 0.020901187482209073 0.02926984423036215 -0.041827178002311435 0.036706059431670816 0.16393691102832114 0.3256388171091368 0.3855301876626294 0.35617966921820965 0.1788120263136099 0.048648078669893464 -0.0037710363243895506 -0.024475151543159525 -0.0222195088896323 -0.014777094524031137 0.004002430134595027 0.0006511164517612961 -0.0008767075333456666 -0.0000012702677727125929 -0.00003461018488764624 -0.0029081374024447697 -0.003157812504989205 0.0027306227486513543 0.003672213914751917 0.001548532336700896 0.045891680553234566 0.3339839925061478 0.512383396961104 0.4521179479967396 0.592088531864695 0.24529617409306695 0.3315628756888794 0.06012238609154999 0.00845445009667376 0.11918572824123419 0.03147461729642858 -0.006170578542975942 -0.00012653656202737132 -0.005127300756366447 -0.001666517836715473 -0.000012520016577674631 -0.000022731642940109904 -0.0025517704352765206 -0.004963827131387504 0.0014791635596174786 0.019715151502751913 0.24151507081178308 0.5282736335142463 0.4420812050221265 0.49926117867641256 0.5848606288607953 0.8435872028468248 0.7309948135319286 0.7795815228812822 0.6327109037460782 0.20801131591709718 0.32492965323069817 0.2860451275210894 0.02844248160959976 0.0013516697898082821 -0.00437485022715067 -0.003363541208848515 -0.00011189634133797222 0.000006681637736942752 -0.00009915151497519024 -0.0009231216377732717 0.008990178514933741 0.19361984924702974 0.5811575853500468 1.1261805001001874 1.0662357566070442 1.0900928243336245 0.9263540258671464 1.1150995579844354 1.374843625437932 1.4254018713889036 1.6570137922539736 1.3216282993899777 1.229940611157614 1.0702289723430671 0.3121285344812673 0.021978125864889963 0.011033761547143126 0.003946288190130455 0.00005332778840775392 0.000003255653621016725 0.00007594329170764148 0.0015669737937076206 0.10780734674918353 0.905874412962361 1.7035469072478078 1.8273740185753868 1.831571041695387 1.2235645253100758 0.6868287782109955 0.3369486517083244 0.4197335960089581 0.8719865854562896 1.3387653222128018 1.9805495259155224 2.2340264542857153 1.8991247077103746 1.0685871887404153 0.14109424219590264 0.006903652368183472 0.004408695808843387 0.00015230436242354012 -7.575266017595375e-7 0.00007921044722402529 0.008717240797274109 0.4351686020284394 1.869486779974812 2.6061973218799195 2.1936178436471936 1.2937322726522682 0.22077867423403855 -0.1310942418386232 0.030709272021361384 -0.0031724353273173017 0.11600228636340786 0.40824598293089326 1.4643314078951615 2.1570666861636454 2.597621513172463 2.190098866693833 0.38000769063902584 0.0001574344625865687 -0.0013815022064070336 -0.00004722320848579662 6.134778689806098e-7 0.00012716118249237593 0.014628520049638107 0.5283189199718987 1.8988991221897478 2.0111356922032817 1.2257173856552759 0.21004469314536212 -0.3045477306109099 -0.30475753365423786 -0.1284792776769375 -0.03769044897147867 0.11621915833334043 0.2732832443222791 1.1705011510652275 2.7043858243498278 3.434094320589345 2.7606523279039936 0.5477586696455382 0.0014437476346170432 0.0025219329698067785 0.00005360618265122162 0.00002042969711757152 0.002423566629370081 0.019599808325163257 0.40390962070229114 1.348769027087406 1.3278540243660333 0.3811365262911934 -0.13903666952906127 -0.30357184455889896 -0.1485648232317457 -0.03583195126407021 0.18552869352850157 0.20854685537520082 0.22732493692344152 0.6480422439375609 2.30292823300507 4.134166824993636 2.99781943196525 0.5804016178359399 -0.016901140222153287 -0.0014560693530147877 0.000019909176209518824 0.0000487912504540297 0.007183611938083106 0.03043490799719773 0.47926871748067285 1.4609826542687456 0.8124367191052462 0.10715536405388289 -0.014145396461073953 -0.2178590439812477 -0.07366777318759626 0.0449092518347247 0.16642006483943664 0.24800314654954272 0.27588465278287716 0.6194675533692523 1.9578360446832708 4.14424990787399 2.5371193431589756 0.34912026854337425 -0.018479120927557238 -0.0027639514449547503 -0.000019848151792411357 0.000002599215682836767 0.0043971266950514525 0.020073616656656152 0.522987262629231 1.9348757227708218 1.0765951513367953 0.14037731236017656 -0.09553516623039708 -0.20703027116386824 -0.05665222907867009 0.04359646822023167 0.09497038578013063 0.18179079225435946 -0.02168470261481227 -0.1931742060176495 1.386690110186844 4.452851061683468 2.209062580160263 0.20511324698565622 -0.00039462817237763496 -0.0002865646264197211 -0.000011247931407181063 0.00001614325247739899 0.004493474812207614 0.01665878234641441 0.39075113974868236 2.1400239252982245 1.951786069242375 0.5973693929709415 -0.15542479254182318 -0.40388790470950825 -0.03341091872330349 0.030191352479926527 0.03377910019954019 0.11478775637753252 -0.15369650758858863 -1.3836149317265438 0.33709847780079794 4.707402046669575 1.9053415017936761 0.12238156426845351 -0.007494623721193601 -0.0063876083681955985 -0.00010455494250738148 -0.000021636249583150287 0.0003028784424608772 0.004067549080726816 0.23995272459899053 2.217558574994128 3.10243486582204 1.2996734417156628 0.4594416420026984 0.05155785465001822 0.04998234514515656 0.0013371528508778672 0.08532558133888885 0.13885539234021482 0.2060535547849645 0.5884268361583997 2.8602932351429455 3.990036125577779 1.063631995826211 0.03494946392086589 -0.008656877509743083 -0.0035917910933534374 -0.00005908223546638013 -0.000009009870692060237 -0.0004221126324468867 0.0009183886013897169 0.09397074194671907 1.609848019529156 3.6497738937089164 2.008481303111263 0.785158448370025 0.4054248295361376 0.20525272783713164 0.08859463720977682 0.13708427660330508 0.3184893470957183 0.9075302834444251 2.809944900381502 4.079655921035146 2.4162014964884597 0.3852611011175287 0.00915258549296407 0.002885395941077495 0.0005449857603372478 3.142047843371751e-7 -9.4546796696774e-7 -0.00014027133141675984 0.00016100381793666705 0.016499201524331996 0.723382433866536 3.2119613557235542 3.881425771807289 1.9601816183301108 0.891681270010852 0.5339654828895984 0.42834494735895356 0.6439320098045332 1.1360729004858245 2.553338092415889 5.20248326087248 4.2690474930981575 0.9462628203572865 0.06274955393521989 0.01328911444552082 0.002422726473846891 -0.000412042356289923 -0.000010219142020743486 0.0000019477806166416065 -0.00033416602231417346 -0.00037543859912601753 0.003787957253611346 0.2020169113195588 1.949181965472627 5.474728141548629 5.097412531125782 3.042314038076452 2.618168910591378 2.5956977821269827 3.1169464156699562 4.242044657314795 6.28814055753367 6.54401709818991 2.961405999884376 0.43631186752106377 0.01638496612947764 0.008848560812079874 0.0014665228511205294 -0.000177417481409771 -0.000001424335782611654 -0.000003374535124311727 -0.0005861266847765808 -0.0013752386009974057 0.0009285157443857844 0.025880403341493708 0.6728480658185656 3.968693408438655 7.0055995525194215 6.62246177965067 7.1168660725602555 7.079059918054727 6.680419320671875 7.315440811079954 6.787323410975008 3.8164582363947024 0.7074123379792998 0.02905200724731188 0.004475618212424206 0.0017135921056954286 0.0013347660117018756 0.0006447146762601439 0.000012430973583919843 -0.000008298222225461509 -0.00030782210897646974 -0.0004703491181643067 0.0018258816459221605 0.005611988919049835 0.10395974322221098 0.965534922213998 2.629850588466237 4.835753660247314 7.3261382930272925 7.866744567127459 5.994825803092559 4.069685970361917 2.1892035636110436 0.7442150031377627 0.09813241866167964 0.0014062105816821115 0.00015653459883809692 -0.0001000189821276507 -0.0004119087600610958 -0.00030252785212605404 -0.0000084750848073775 -8.878425327198886e-7 6.179877835839565e-7 0.0007380719704066336 0.0029165696192426124 0.001592872515456674 0.0017221739270227609 0.06340437126273812 0.2788664425184871 1.0660321914789772 1.9445202941266795 2.281748066331415 1.8183058930632816 0.8495733783555964 0.2534864664704436 0.06073553871858829 0.007379047360697918 -0.0019498348621632096 -0.0002241499962984267 0.00003486301741496382 -0.00031430630654236683 -0.00005503331004284886 -0.0000012806980151038077 0.0000020575317224152396 0.0001940053202666233 0.00039182839299200536 0.0012400112916744748 -0.0005284784374621329 -0.0037045458431545896 -0.0036106343305614577 0.0016736716043506705 0.04507777541728215 0.04226924661811018 0.041049150100186504 0.037594951223621484 0.011545547801594277 0.007528023960619606 0.006712953486347005 0.00017362921394882476 -0.0015448716657617402 -0.0007291752436322124 -0.000303417255724781 -0.0004996387303388316 -0.00016183027218202932 -2.4910855406875386e-7 -0.0000015365619430377982 0.000059015356715732477 0.0002784944643165308 0.0006308103322505464 0.0004370898281736241 -0.0021818855300404774 -0.007120247180828414 -0.0047499285084358365 -0.005204374642503452 -0.005407680075582175 -0.014561731707554955 -0.011131911314128587 0.0011356927650618956 -0.002872595279430284 -0.0017106385971553885 0.000813343643891667 0.0008629319466959371 -0.0003645548849442662 -0.000054256848373319766 -0.00017981111196275842 -0.00006170646995721862 2.1528428359067623e-7 -1.383233077345847e-7 0.00006624800169331767 0.0002937171729492735 0.0004325179099780033 -0.00030926822495419874 -0.0017176296249425246 -0.004532753636127184 -0.00041328211025150704 0.003647242586306584 0.0027944278187990233 -0.002240128789337628 -0.01127478412720555 -0.004326392155670914 -0.0031819857123850416 0.0007650167861458358 0.001565308630382145 -0.00025173697347166186 0.0003607936104721701 0.0011095617563769771 0.0002184024643439358 -0.000013503677056820842 -1.1023646670274422e-8 2.0419396187821158e-8 0.000019982682156720362 0.00018238823535271297 0.000543716492201318 0.00026492849026024754 -0.000029754887301562055 -0.0005693752537091174 0.0003240582106006988 0.001971482991512674 0.0020256729992656963 0.0010707573923641888 -0.006935099390441461 -0.0064335382800436705 -0.00471306602876057 0.000442749467166147 0.0011987760651068734 -0.0006068363340194809 0.00023198633737685882 0.0013203203917960872 0.0003287744993204433 0.0000017930098363504653 -1.552025959316841e-8 2.4200006775916205e-11 5.983894243319096e-7 0.000007633057137629919 0.000030159349748871917 0.000029672850863287576 0.00002092441235352137 -0.000012377078437958723 0.00003956836891910498 0.00008843241101266121 0.0000904943879232965 0.00005054308580416188 -0.00040748383227662635 -0.0005655348152310794 -0.0004332623757202265 0.00007235913931680751 0.0001286212292923301 -0.000018603969027641645 -0.0000036225325640418117 0.00008401509914099996 0.00002014884351308249 3.2682879108051147e-7 -6.27982159111693e-11 0 8.584478755817484e-8 0.000003393911917538701 0.00004900790302793983 0.0003105154910190456 0.0002193577115371188 0.0002833349722851225 0.00011101438709625974 -0.0001416499231002037 -0.00012811784510454542 -0.0003114085776167331 -0.00009716414677637059 -0.000010105647135592015 -0.00002646370931724494 0.00008656427098418155 0.00015901745939890736 0.00006866732054114927 0.00022245058681861062 0.00020473635184468884 0.00003410718943665023 0.000003884396249440978 -8.284779988273635e-9 1.1318595440975288e-11 0.00001494354287093756 0.0004911507550207328 0.001713087266104132 0.003643441972898697 0.000909617668857036 0.0016860786198229156 0.004499266451535191 0.005073140224621056 0.006839233748266237 0.0010709369294754842 0.004977490067965903 0.005960366880180337 -0.00009741294106628089 0.00521780789860095 0.004145745296753627 -0.0015133661357783934 0.007404672525214014 0.005460093481098232 0.0002999370453875955 -0.00014144347040020235 -9.260218414950925e-7 -2.851202226660215e-7 0.00006073945050087053 0.0019010452353924506 0.0010331638825353952 0.004370244190709982 -0.005455766084181064 -0.023320339132838954 -0.00027163558899452264 0.0770963722473629 0.10676081612545775 0.07144360248850946 0.0048737024700225276 0.04417831787668095 0.05038559148614748 0.03947270885048106 -0.00035650778234906503 -0.03752804396868383 0.007620008078687002 0.015208117516506713 0.0007872568206785128 -0.0007547647589445961 -0.000004773482859406422 -0.000005673638046896209 -0.00046202845501185346 -0.0007162868182164845 -0.003816655522652038 -0.004716335642510414 -0.017335492577012224 -0.031657859802877414 0.03479937528614321 0.1512275383152287 0.2873826809882523 0.21901260911354253 -0.15753954534339393 0.0670802652754538 0.125410789066766 0.04827550210278943 0.016424515525498066 -0.019465217297811362 0.011821488722496968 0.012893472410157349 0.0008133094645205177 -0.0003502054279364845 -0.0000066282608101243864 -0.000005014558242471598 -0.000644266696944832 -0.0016666539715995822 0.00034932801275680244 0.0008059262557404749 0.015505699236026892 0.23728072970318168 0.47633172496109516 0.5712460627679349 0.6936439294332569 0.5251555458801056 0.12238597365963311 0.08945615798501369 0.22895568232600222 -0.005305440999489216 -0.0068097911194457735 0.013275204730055156 0.004399933234475473 -0.000340684593454382 -0.01353903391152426 -0.007038309822799124 -0.00015588079552232383 1.5908447721876927e-8 -0.00021198377450694738 -0.0015969056396934727 -0.005637659926409287 0.003888611035830671 0.1736590168049768 0.7669661739230431 1.1153627626054325 1.359308487788643 1.0426423203259134 0.8341226010194823 1.3072642967532804 1.2447845181347634 1.0502555269217215 0.4864892755327477 0.28968757363057074 0.260513107415525 0.02433323406714122 -0.007257161113303575 -0.02009690206816934 -0.010569302489917063 -0.00019498674923922396 -6.622712906684423e-7 -0.00022848447452517023 -0.002606651823388365 -0.01366455290508659 0.1516598628766222 0.8657311730924331 1.3414649000580001 1.5130259347414143 1.7379633983384626 1.4883929152179356 1.1118959306412173 1.4662814916738423 1.956932358176575 2.1716981118776775 1.7396656234345742 0.9234265632547782 0.45670867482160427 0.16464224818179632 0.0008797370032630691 -0.018080905888268797 -0.01271302711983149 -0.00029675032100562755 -0.000002516955006226536 -0.00033045890379911194 -0.0023933971307667566 0.020535815679329092 0.4841179410277445 2.1604326384772317 2.294127249335913 1.8332769085124687 1.4120921940402587 0.8797845009804123 0.6362005757205444 0.7652466877727634 1.2700752672381035 2.083276857351011 2.7336571514342674 1.9616529845606552 0.8079073531391054 0.46433052829786914 0.04378533087427726 -0.01948523193457556 -0.013358770355508304 -0.00028660317984838273 -0.000003845227207092366 -0.0009189568960969236 -0.004910924136774618 0.0451722531502914 0.6701362882952745 2.2245281464708073 2.3048584394924667 1.8487781288500604 1.0911588182254743 0.449635667803303 0.2750343939895665 0.38807976934636823 0.8480820193701156 1.5198638271374103 2.6252244415208756 3.4431551251695938 2.148442235244176 0.7950314601781181 0.0625450380764917 0.0005512184742260555 -0.00019997012450612522 0.000011824813348403396 0.0000010055504989899947 -0.0002029477808013612 -0.006608980198390257 0.05286993978855106 0.882330978760647 2.134584966751338 1.8299543153033209 1.2459619027277755 0.4754701339941904 0.18098640025064366 0.17792713829919368 0.392200934419489 0.5215572192512805 0.9614513627338601 2.294150062428438 4.016082097013943 3.106274728852606 0.9459245449297508 0.02752238367064576 -0.009592250142118425 -0.0010537742422837145 -0.000017801745910684016 -0.000006531071057677611 0.004468323388276946 0.013602052266527864 0.1104372673829589 1.019327108414449 1.8973297293510982 1.4841653903514491 1.0667148144842835 0.25034368853399097 0.07718164424232155 0.18600349672331223 0.2719255604582919 0.5520884265812916 0.9128128501441068 2.085193616201395 3.762226688864731 2.9642408144994405 0.6968099800822873 -0.0034460577812367066 -0.01816728728854278 -0.004092416633506527 -0.00010258719566810014 -0.000018375749688078512 0.002314908189125238 0.009655305864146075 0.11789152895160437 1.255114449295373 2.1948026113496453 1.1176810129826045 0.38027896884911067 -0.1313517537867489 -0.045436483185052064 0.0025280359080935965 0.06448079406586742 0.37806400152666264 0.3119846915690487 0.5080696986428574 2.51269259783661 2.618078709320294 0.4207380200612674 -0.002654941680663691 -0.009125517812332192 -0.00028966071367866707 -0.000003061369545906252 -0.000029309289743179034 0.002274757698458386 0.01470963101339418 0.07014163103532804 1.0219466057227446 2.2911697807529814 1.1478608254932274 -1.3267280209498642 -1.829373868987995 -0.29504171521131606 -0.059119009967509184 0.015865074122499837 0.14936834326188134 -0.16942860653942474 -0.322289439535589 1.557663345276296 2.1042276561861635 0.2828104529307194 -0.002228697953178063 0.0001843088565873351 0.0024373584783133288 0.00002844957947764775 -0.00003908262520310514 -0.0015747510882376168 0.0018013638237804417 0.02772898833189371 0.6375319441766997 2.2473334980675403 2.2638029061070806 0.7502821523312717 -0.28597952932849635 0.006703204394638273 0.03672684592249926 0.1262782434622614 0.22541265864217105 0.3922180679414714 1.5380794896466767 2.174393694962861 1.1041111634488294 0.10597022032691822 -0.009618565944463265 -0.0027812689366802927 0.0006500813124253136 0.000009839671165117524 -0.000005562479630414324 -0.0007584404534033405 -0.0015773685911519677 0.005250361561756817 0.22575719306334147 1.483869148296015 2.8580551797098117 1.5699721038704841 0.67236116831138 0.46740793902944006 0.29163654062389494 0.39909374085728877 0.8121120040190875 1.776203024340696 3.609507387229894 2.301292832744384 0.4447302578982691 0.02280366111445375 -0.003690996003151298 -0.0006378100377777716 0.00010880176651581509 5.249792454160621e-7 0.0000060121190743756235 0.00016841873836469603 0.0005616916328948864 0.0008649906637944627 0.04972584515075165 1.0588744079670573 3.6501160250818634 3.011387745355634 2.244926375930109 1.7505082403802783 1.3351561565495647 1.9672324963943801 3.043127775552788 3.7596474482334874 3.678863839535509 1.4693941320461807 0.1286326698362189 -0.0021402651688550234 -0.00045485768723238805 -0.0006761897511437511 -0.00020807129031772894 -0.0000040930705485758945 0.0000035636292068233613 0.0005363867654505542 0.0022664255098571234 0.0015365742883884312 0.008889518758378146 0.42730323431646566 2.54781397811532 4.143450375659009 4.3715468544216876 4.928539419040307 5.245776797579447 5.496907810149271 5.024023495720058 3.930795489423859 2.126694952615236 0.5555133696897041 0.04217249141099675 -0.0016749420084043753 0.0002955658917861894 -0.00021936834771742352 0.000002183782907392449 0.0000013945928137576503 0.000007426331383525047 0.0002532930940411063 -0.00026579356912510236 -0.002075402725153772 -0.0008159828110047058 0.06044733999382862 0.8271341149257652 2.6098190552067675 3.83966347826807 5.575550694944549 6.903604470457147 5.691141702613376 3.6438152526194134 2.039005779753299 0.5546628164345352 0.07519323721237312 0.00622457119288965 -0.002477688157164984 -0.0024633316425572227 -0.0005993531606860293 0.00003921313644838596 0.0000020906045362589688 -0.0000024003258930284725 -0.000012518692143390776 0.00018972412293799656 0.001021040921162284 0.0006575786868787861 0.004412936386011989 0.09664711702788595 0.5141874791401673 1.2419651644024512 2.397153589704769 2.923475608432098 1.8141116869714482 0.8787024211578176 0.33389453385590434 0.06365113205595671 0.015610513044269818 0.0015009738356876758 -0.000984420902267577 -0.0012927626601465137 -0.0014529543456340856 -0.0007347433523002512 -0.000012479148861535864 -0.00000594414799804127 -0.00027927060989829135 -0.00048030110473400243 0.0003211433124240675 -0.0003596279058381179 -0.002300534434732201 -0.0023757347774718777 -0.008563722543581138 0.06877820645796301 0.2909327980205927 0.3873621211276524 0.18171883885570028 0.06314025127453231 0.02240957268957969 0.01173912424567483 0.0019207262182660257 -0.0020412568902162336 -0.0019775813773567916 -0.0005064723785416976 -0.0006740406289027813 -0.00025377333152853287 -0.000003582960267879875 -5.339792131503698e-7 -0.000008576025586370834 -0.0005279741452675399 -0.0024219147271190944 -0.0014995851497079894 -0.00081047540189731 0.005078804164817922 -0.0034928656554033934 -0.004982285451033873 0.007313582531225887 -0.001235869752178405 -0.0031418911025985247 -0.000384347343579027 0.003060426935669065 0.000959634292637354 -0.0021760452027708176 -0.0020193057986799003 -0.0011493324322414055 -0.00007556278632456257 -0.0006142600249558688 -0.00031229693819866296 -0.000004299809158878663 -5.91843267600518e-7 0.000015220674402777174 -0.0002976450854943501 -0.0014638034532910846 0.0003936960539541143 0.00078061603395609 0.0025824506035682254 0.0004464786937009611 0.0004615543173860818 -0.0046738409413843215 -0.010253215715051878 -0.00044392514825334137 0.002299394513006254 -0.004738693339506939 -0.003678430442134339 0.0006494150471425496 0.0013003229432738217 0.00010644870228638749 -0.00021591783581695386 -0.0001695013662143539 -0.0000810159727955278 -0.0000011786262443930325 -2.685061155710644e-8 0.0000027050139887583578 0.00017538308189382138 0.00019834152551485637 0.00019936279420467397 0.0015135105360165543 0.0019776026465801767 -0.0001070479468705895 0.00035623152318366483 0.0019438671896350023 0.002851590836655151 0.0046576315500057065 0.002448711456916098 -0.005063345859899548 -0.002277315148385078 0.0003348082107160111 -0.0007127746575136565 -0.00012713714870760476 -0.0001754571871368398 -0.00006798252790748986 -0.0000059040932770400765 -4.123326506799509e-9 6.5470807668107866e-9 0.000003930129351957807 0.0002478909132406327 0.0003075626249338081 -0.00008825732878908665 0.00014179529109202747 0.0001695577480651602 -0.00040578045190547035 -0.0001507780169372024 0.0023312557228444054 0.004193714118796037 0.002034169877738494 -0.0007892472658984642 -0.004797481645244044 -0.0017288580560867201 -0.0007397272003101787 -0.0013704255116346268 -0.00007371822309729236 -0.00007352830035556836 -0.0000014464210032091395 -2.9204722911211644e-7 -2.3664058144698867e-10 1.8578049583652634e-12 3.869053425394777e-7 0.000011624049298518376 0.000005502184178039933 -0.00001640104170438671 -0.000004541751466320453 -0.000004401700792224431 -0.000011796044474740448 0.0000034526605426657524 0.00009818278559195 0.00016056174002547922 0.00012237979217355312 -0.0000206811014908249 -0.0003280221895131594 -0.00004734766332477842 -0.000035380892725599346 -0.000046449277542434105 0.000019508918305886977 -0.000004320645856404446 4.096000734080798e-8 2.5543929426798466e-9 -4.6747324293168e-13 0 -2.289992178816413e-9 -3.355392887051233e-8 -5.955214653115014e-7 -0.00005005411360489343 -0.0005197978617583455 -0.0006285324952853737 -0.0001333245985860113 -0.0000892005171667927 -0.00019234306749971907 -0.00029429176791951353 -0.00003943016418700138 -0.00001741752897216051 -0.000015008164675979402 0.0001054295249656332 0.00014526679783537528 -0.000016400628717658636 0.00010459451613246334 -0.000044370576747346384 -0.000007162983621919346 0.000013469253402468584 4.0747875878204316e-9 6.797837114257729e-20 -1.438624204162751e-7 -8.376412063034623e-7 0.0006215693554024152 0.0018658990397558764 -0.01697785179795865 -0.029739524455647818 -0.004385865619135671 -0.0036628334439045888 -0.008772751530940957 -0.008689646785174528 0.00008660439974034923 -0.0028715984196568153 -0.0021176520067905584 0.013505875139623633 0.017109619606525434 0.005830800159282498 0.01317280950807776 0.001106090386392046 -0.00003320879103726581 0.00017295212803257917 -6.508822082423981e-7 -1.230370933848561e-10 7.267133823509722e-8 -0.00013806580143133085 0.0005869705389172446 0.007115851765794241 -0.05508752700247345 -0.09399150599190295 -0.016954874118440107 -0.003258951993926578 -0.008280098366961067 -0.009696126580911298 -0.00633768421825259 -0.0176044339589233 -0.00823186489130106 0.0327938005153898 0.03945195592161257 -0.0043165940446276635 0.033413942347240815 0.01402805013787165 0.0010412165595962907 -0.0001436821609499321 -0.0000026293161079538926 -9.71573431060435e-9 0.000009372231418183232 0.00021937188091233057 -0.0021077928417256907 0.0000780232593575785 -0.013569786611947354 -0.017941507643462966 -0.0033827427533838633 0.010872673155896113 0.010969382412102213 0.01139020932241814 -0.029169887546964476 -0.028107272752063282 -0.01608441453711548 -0.001781172520672184 0.004969077423865162 -0.006562249714377222 0.02823239216979779 0.014421326265799839 0.0009753409617825903 -0.0004629039755869838 -0.0000021874166426304937 -9.154623883904667e-8 -0.000006426219907485294 0.000778391137923358 0.0019756063710782298 0.0012616906400730679 0.0030551629309879475 0.04396392563722598 0.08280081597595453 0.11289870907373024 0.12368306901345757 0.07018224878861962 0.07531513246302461 0.027420579971145578 0.03803935451518104 0.02220095419934223 -0.019839151995233537 0.0013073458611251405 0.006781865098686289 0.0008123212404483779 -0.003937229662250761 -0.0019074555212537738 -0.000024262242515449186 -8.879955856704528e-8 -0.00003856210790813563 -0.00020006896521542343 -0.0012328401600058207 0.0004144934369862642 0.004757147347476519 0.08875723396501231 0.2960978151870045 0.5109656573918697 0.439323006777341 0.3138755452027258 0.6599187660783238 0.26523990348615356 0.1121768752040585 0.11605149698544939 0.03346015712505336 0.015781973009440932 -0.006390089405634349 -0.003724618441795118 -0.00480684321755936 -0.0011645378286089464 -0.000010995658452833484 -1.3081291646889484e-7 -0.00005391275874415342 -0.0009306922154403748 -0.003138643548723055 0.003871809890176956 0.07137349392910051 0.28313923382958106 0.44636350965946037 0.5703187112449642 0.6636671963473031 0.6380772399296115 0.786756534704782 0.4940316187983554 0.660271258663515 0.5193217039978691 0.17757876306399217 0.018423698020895274 -0.004788149914250959 -0.002407776954106238 -0.005100986069963511 -0.002673001106222103 -0.0000626106959903504 -0.0000014335164776584498 -0.00002845272656026891 -0.0009409106949248039 -0.003779326399723704 0.021639561955041527 0.305674294062057 0.6519675788490815 0.6794969104046716 0.5973655522217834 0.6507969779863194 0.5316380125868357 0.5751924234167054 1.0154383229581254 1.5384671998448138 1.2564693446686759 0.47018134782737536 0.06772944480718646 0.006033006036164837 0.00017875672862161567 -0.012646446160377686 -0.007150510507336729 -0.00012865135957115768 -0.000002226572927772372 -0.0003436160771885698 -0.002431279126794193 -0.0031777696547516453 0.05908778042634135 0.5490117797668546 1.0894549201986399 1.1779544365313037 0.8115206376729822 0.5691378573344585 0.6738398464156643 0.7803708378462214 1.190219986228971 1.4636069867051054 1.2573015289472664 0.8330841948097819 0.2238152243454642 0.02857714012039034 0.004318564477095741 -0.0050373033999344735 -0.0032713433447427633 -0.00005494741789598693 4.977740609422725e-7 -0.0003368072960333735 -0.0037886156170557914 -0.004674656627491236 0.13155520791648984 0.7809244952899309 1.2037704018695412 0.9472663918638515 0.6704059463643409 0.5850042617807483 0.728337738960604 0.646681077675902 0.6917465223918343 0.9462611201549466 1.4344131548939854 1.4688352364066262 0.37060577997768024 0.030589902442916622 0.007534658384489482 -0.0010010035863713073 -0.00022078892222931554 -0.00001239185916723935 -0.0000021936111332565973 0.00053450053632214 0.0021322539040194138 0.003472934711334502 0.17460146568852186 0.9101472189095254 1.2485008533476851 0.9054640373011668 0.6600557795143233 0.6195912670775672 0.6061048155088624 0.5209367719297512 0.8333620093192069 1.4481194754402218 1.9800408799271858 1.8865392407190793 0.45907452189171855 0.025183026510574025 -0.0015792872855881573 -0.0036155461069600743 -0.00038679921790531966 -0.000015101532703145887 -0.000005718805044533832 -0.0001574475311645901 0.0012260791765812617 0.005420480349668584 0.20475997626574913 1.0186940207679591 1.0464360657162521 0.506922949346961 0.16111279209971752 0.25433981670808126 0.2057147747466591 0.10435400236624451 0.6607985352087925 1.4034803294414253 1.8654022644565666 1.808509882290355 0.4769759085232937 0.014119862303023823 -0.0038206429510140097 0.00021578060367499364 0.000811674579138864 0.000005695467712040288 -0.000009670431219372419 -0.0006038355939383072 0.00020719255403711767 0.0034426341427898468 0.132428003767723 0.7578961788387528 0.8504246821661762 -0.6551949958772877 -1.2988180666709184 -0.512147479693278 -0.1528395128543036 -0.18101575225115082 0.08878876831270556 0.631392189463699 1.6071124326573696 1.1838284706864852 0.23756610948288345 0.007402390606577744 -0.0009910099757554412 0.007725270225016543 0.0039921018745382566 0.00003389404895701437 -0.000008612362607894054 -0.0009160399566350371 -0.003144994223467359 -0.00043139734631241335 0.040164094957849734 0.3555162193837907 0.9038446890592616 0.5655025879779652 -0.15580325928284441 -0.2483147027993652 -0.06144132812182296 0.1449022717214171 0.22167352804178425 0.48379009226832304 1.541143329672042 0.7675174802680214 0.08682874798166139 -0.0032886892795205595 0.0013255399435025232 0.004205575585645942 0.0016494299419814258 0.000018658241335747034 -0.0000017208389109884532 -0.00029118562236583894 -0.0026985069286707335 -0.001489998642774215 0.0017751264798486336 0.25837011000486576 1.1762479429361952 0.780931583585387 0.39679402569966765 0.4100976169928686 0.44169567694419193 0.7223767971708374 1.2120189957334961 1.139376397291011 1.1218510183948238 0.35319498402859295 0.012481550125300717 -0.007837339055120516 0.009914679857050144 0.003680465150897731 0.00020320954474167282 0.0000013334866809761472 0.000004537163933288687 -0.00024692324500969533 -0.004112122050015318 -0.004261354280220999 -0.0022578634848164623 0.12886780189549676 0.763577227542043 0.707125498914242 1.3024018481118402 1.6478541255277592 1.287505911023823 1.813770723631745 2.256213693300935 1.5403673923625056 0.6774457146396244 0.14554449116084905 0.003440255722651415 -0.00954610988306376 0.004523295320546156 0.00043399646052949526 0.00001446085369804821 -2.679339679177291e-7 0.0000020846803683792705 0.000043582218167423306 -0.0023874311141604838 -0.007782575850293708 -0.005791119736754647 0.017346542415148127 0.268833470728959 0.7941601161014674 1.6172992165591507 2.219628917925522 2.125315144519666 2.208000231683027 1.6410679068046807 0.8191406479962946 0.22830894833891818 0.05489875544557001 0.005201850134563771 -0.0058119899008761584 -0.0014455572551476529 -0.0008191610180520292 0.00005002231471643951 0.0000014725063026189785 0.0000033648076974897123 0.00019958931533277076 -0.00033675953337296657 -0.008199919835766886 -0.015483965207497218 -0.00571622237881661 0.02988165650333482 0.11652703774069675 0.33741767934704103 0.9458006869579347 1.3983066709962804 0.9381974456308566 0.2971101355299094 0.13741306476974177 0.05596631794525647 0.01689978942307079 0.005526835924433073 -0.0011608028690988153 -0.0025424352181140446 -0.0005176371390302006 -0.00011243433747266894 -0.0000019816419410338146 3.266626428809694e-7 0.0003002316217350186 0.0024666087788510625 -0.0010034147844174943 -0.014734410453388884 -0.015717687659175316 -0.0043571565486818275 0.012817990965951234 0.033993853254852054 0.11004263344132621 0.18622953891709498 0.10627192012348538 0.03718822377589988 0.02984222908664212 0.01924514340256899 0.00821760774086808 0.0016109756983815513 -0.0005512789092487986 0.0011219436892964875 0.00036843408366875796 -0.00017419055754493292 -0.0000030750869133592566 -0.0000022575094127634243 0.00012122791407731338 0.0005816651904374115 -0.0003968128632605636 -0.001107461654064938 -0.003892096628449393 0.0030710285805769714 -0.0003802057461166375 -0.012613869303367152 0.011355771547455228 0.02342141612336728 0.007694847879663629 0.027446152693155222 0.016577296776981523 0.006355187180959724 0.009763955175643432 0.00005680126720088259 -0.000408712427098931 0.0008066594473758772 0.00009946121607107287 -0.0000884386127563826 -0.0000010328174445935266 -3.4490595473124256e-8 0.00006674884607636392 -0.0029787429443372745 -0.01163636195648701 -0.00773225301898714 0.0006028892772174209 0.012680641704513319 0.013514115484960792 0.016733660882836 0.025011938613546114 0.013498155203195755 -0.0025407031297529294 0.005275316491432576 -0.0013110865450266195 -0.0283730478562994 -0.0028988753141318243 0.0024836370561746946 0.0005389658359438368 0.0007169746596425215 0.000027077682613355904 -0.00002949995657096534 -4.3826662297110596e-7 2.0933731821595076e-7 -0.000058039125322758625 -0.004251737395442124 -0.009245062858625351 -0.00018305600940886886 0.00100143388691459 0.0168904974123876 0.020738281742543923 0.018355931597884425 0.017051798345697346 0.01718124862427947 0.0179289699224941 0.006147851496347348 -0.010424472239395225 -0.02392981862272304 -0.0013438332190038418 0.002959173299504278 0.00036818819620841896 -0.0002666170309915626 -0.000040209075976522485 -0.000003181287648721916 -5.977076382168464e-8 1.5192795249703212e-8 -0.00003407549611579572 -0.0009992758420090462 -0.0007936911461202853 0.00037251264138858653 0.005546632565032013 0.01180609408862124 0.004971992092478069 0.0011708244542449127 0.0066400335249877296 0.010551680211225484 0.01971994699184107 0.013327437396169393 0.001994867966742787 0.0006513417595630983 0.0009526577730814074 -0.0004592263050651816 0.000024820601351934997 -0.0001923035851087871 -0.000037591477591407705 -9.5881424129092e-7 1.100677107325684e-11 8.351071083482286e-10 5.976460622026133e-7 0.00006119650346842735 0.0002420679114184202 -0.00001183448934954899 0.00044191935561965626 0.0007410166671382397 -0.0009337364151221477 -0.0010893520932950232 0.0009666305966234257 0.002696185511263928 0.00393890199203919 0.0024295567180676555 0.0014342050069180979 0.0007757107906671693 -0.0001210705625285602 -0.0006548333571081341 0.00035970615793339304 0.00004592693658925128 -0.0000011768436640625185 -5.6618522806483844e-8 0 7.249065462484585e-15 7.322490447583511e-8 0.000002975849844549357 0.000003512898473490293 -0.0000014091150091400305 -0.000002878047223294414 -9.070103379636427e-7 -4.173007108569382e-7 0.0000015390751339138928 0.000039826891178959534 0.00009791346890805653 0.00017665339955070245 0.0002475958946828142 0.00011480495540928616 0.000095908275328086 0.00002748994134520961 -0.0000014792089650136234 0.00004545013645107527 0.000004542140487226796 -2.1526461994455093e-8 0 0 0 0 0 -5.32627184539175e-7 -0.00003108747674769245 -0.00026810073382270747 -0.0003117256633527845 -0.000024098930673082906 0.0000010742335685694086 -0.00004577679389411382 -0.000036252722754995926 -0.0000041876615541709505 -0.0000040793997860488595 -1.750255757935769e-7 0.000009290046693620371 -0.0000015566869999035756 -0.000027946467140726827 0.00000649219688057042 -0.000023650511551655794 -0.000005147296077068846 0.0000032973497693447714 4.16733996917173e-9 0 -5.667241531981843e-12 -0.000009064616262645342 -0.000014025556009896458 0.0008916148121036482 -0.006476791303602635 -0.011183630175169875 -0.0011593877212298395 -0.0020172017476590464 -0.004681780151343042 -0.002917285045436599 -0.00047322181347649695 -0.00034277394960603757 -0.0001581503828943503 0.0014958455026365372 0.003208606253046825 0.0015448990523053555 0.0011678755035262843 -0.000184157608638524 -0.00004176826894850008 0.000050015538612776736 1.2635780562383258e-8 0 1.3868113426341026e-8 -0.00008524427613794838 -0.0010559911771945718 0.005699708514605264 -0.012720053936244324 -0.026457295430934356 -0.0028203784468644228 -0.014095187398434066 -0.01457059928697714 -0.012995651740375872 -0.003585580387916678 -0.0020218601000668904 -0.0025086696990324945 0.0028662434574362457 0.009529773691219911 0.0031911328266910673 0.0027702254813935364 0.0004620283202813972 -0.000408760763409244 -0.00002615351609271812 -1.6538239200414322e-7 -4.004145639854453e-11 0.0000042208429022012214 0.00008489564512773214 -0.000979735799913087 0.0061429143608887566 0.003984970428364637 -0.0028221699884081897 0.0009425072133637474 -0.009739766162049463 -0.006879658475497556 -0.004033147701039573 -0.0019820442617356363 -0.0036629014782509285 -0.005454151900490556 -0.0018320685542848592 0.0009125612500537679 -0.000632556203644093 0.003069894893730716 0.0007301299087930902 -0.0003645455574901335 -0.00009580317394007425 -2.5995883438340926e-7 -5.241905829973489e-10 0.00000832048034747628 0.0003013041591406023 0.0007106146910010122 0.0011533852604780298 0.003699370596370369 0.008968213656596013 0.00503715822758264 0.005225751720024666 -0.00023598533543104814 0.007242424902615353 0.007971632689226044 0.002368775088599624 -0.00022311372655661667 -0.0025254609876429607 -0.005968827921976463 -0.0005946348519563087 0.0008222128860075844 0.00029759392268389903 0.0003305720312603868 0.000048010281733243935 1.5966684388516143e-7 -5.942499721312605e-10 8.837199115934994e-7 0.00006456724855823597 0.00019987711914411054 0.00016952530275184333 -0.0015183805828589284 0.0020007476420383697 -0.004544418832497004 0.013479255081644232 0.024686545331363132 0.05631546768604902 0.08610383732454517 0.025059287562635913 0.0036435903419309024 -0.0017734628198798924 -0.000439689682197437 0.0021410008693523858 0.00013196254807559972 0.00023958808486801414 0.0005580190360505652 0.000319592626350878 0.000004542074957664384 -1.4511083666477345e-9 2.2397044805340873e-7 -0.00004516323090649036 -0.00010533385039897554 0.000396415860923315 -0.0006765077549321751 0.0032073275023346394 -0.0017946822323201233 0.02817794985719735 0.08620801123337973 0.10571976066081754 0.10686027112492968 0.044897403059491824 0.059607820341884284 0.031090536041430143 0.002068578570725945 0.0016629589637349872 0.001808936755788299 0.0002673537389204917 -0.00023757657851018233 -0.0000801415300996307 -0.0000020698457047992652 -3.8794774322392385e-8 0.000008347071873042926 -0.0001242911251728533 -0.00032789577469539424 -0.000028172275080420926 0.0005231681343789224 0.015516425436791399 0.046283877323875865 0.06241573860459961 0.10372116763580916 0.10602419732210344 0.10392375527319345 0.13710515384663796 0.1766120338838229 0.10854887185950823 0.012233365517602448 -0.00029664173686965323 0.0013371260880186045 0.00001868105051901689 -0.000878626667378799 -0.00043525407703592803 -0.000007507806331904505 -3.2828169221662195e-8 -0.000038340056854677015 -0.0001799905894086405 -0.00006131162222076822 0.00025018978118616724 0.009644660881413114 0.06382515409940005 0.12398783843581003 0.036491583405848405 -0.005948409014612397 0.11056448311371204 0.15386284252089072 0.1591065281615853 0.18439337574781597 0.11747754395217162 0.024418626623254894 0.0006724177519227361 0.0009094601776484836 0.0005005344802729842 -0.0004299847841815817 -0.0002803294558044947 -0.000005334097212085982 2.8403123833580968e-8 -0.00001247103402817042 0.0001849948799912197 -0.000021267443587700268 0.0004023071606181976 0.0343566702778662 0.10883159474835175 0.06838799248268207 0.03569722151255438 0.10035937832611501 0.2187563523415784 0.1531076744042785 0.050094426454989245 0.08238550252003028 0.09751434800603904 0.05874158839967286 0.0035082251899886114 0.0012480040791524399 0.002680965717058619 0.00025443926367366176 -0.000009287372827757698 -1.6938663679333697e-8 -2.961800299199303e-7 -0.00003976693773550739 0.0005212532163816591 -0.0001893162191084618 -0.00016851546498197238 0.05009124786930204 0.15499239777333257 0.059194492868130104 0.0759619102839492 0.25413102473634447 0.34616148055489987 0.2551758313800993 0.15498347446273103 0.2460889318908233 0.19095629235051348 0.09300595044329113 0.007883479550669484 -0.00019309052320431476 -0.000018798048936718347 -0.00004312607489550477 0.00002576412008854017 0.0000011050040745459197 -0.000001008988152708804 -0.0001773433111753383 -0.00010428802810710759 -0.0002764878192400621 0.001274299051682489 0.04391963352989887 0.12227125506533003 0.11022867593432836 -0.006274178768926731 0.05040794015412029 0.12901174857098763 0.063447913656739 0.14248458658179153 0.3865550655476283 0.2993441248469206 0.11788072784601478 0.010324822981402195 -0.0005429585291023057 -0.000916663632797172 0.00013626655188152796 0.00009269012500075151 4.276841604998587e-7 -4.5285272401972e-7 -0.00007093790250702703 -0.00005485796173483992 0.00006590772819846116 0.001895339311246331 0.036076658541714095 0.13140863987982565 0.06596525848020274 -0.20499736793824466 -0.22935248773872297 -0.0754964417793431 -0.1134113861823301 0.0011893336571868075 0.28926946103185536 0.2942073841192877 0.08536877074113375 0.004484587219022811 0.00011361477082816535 -0.00015692296768139193 0.0008104805246507407 0.0003354463328468761 0.0000021467290772156097 -1.763735702036552e-9 -0.000008745077934055538 -0.0000808437963231339 -0.000252378860503559 -0.0003104910572755725 0.0017005982828075194 0.06210005232858193 0.06683451854537421 -0.02508435034815504 -0.08895130647469064 -0.0027295437951645653 0.06552416271963142 0.07788124752299821 0.1522192893914107 0.21446170190014519 0.04452519767927773 0.0022593831881690504 -0.0005467500564884133 0.00044093573821791274 0.00038682235273349735 0.00009787729174778867 7.923503638991831e-7 -2.257534237661893e-8 -0.000036398077726949876 -0.0004811178213052554 -0.0009146865770453184 -0.004324293998579494 -0.005898048592821102 0.05576044612837487 -0.013477071712579137 -0.027593407055767512 0.05703672752600997 0.17620280924303383 0.21652995194127572 0.348458617115593 0.2041987969374137 0.07246203979165816 0.004201359902470971 -0.0006992793002637297 -0.0005691824942915954 0.003053111140689816 0.0009383010472785619 0.000029792372677891594 5.105859730701659e-8 4.058947884335708e-7 -0.0001352661661078875 -0.001551666340867407 -0.002843053080087241 -0.0024491733889581806 -0.003367805616915438 0.005346907613006117 -0.08296755616921092 0.02791651851522831 0.26725224234302986 0.29223886134213173 0.28594201069160685 0.3632262058617237 0.13266530537534477 0.03198349043740099 0.008030518281398828 0.000709563147708255 0.00034429882903418564 0.0020505642131688965 0.00034661098520122064 0.00001544042614500438 1.001686686502763e-9 2.859208495165623e-7 -0.0002730769707262842 -0.0025056155436854583 -0.005812739504919024 -0.004405434051819582 -0.004340083504252195 -0.004216397748142034 -0.03750418555268617 0.02412449145456189 0.19049640736036566 0.1840114650370653 0.15930933482237675 0.09802631789606141 0.033512109219403834 0.020201958953208286 0.007532823885920035 0.0001239449241111328 -0.00003912935148896789 0.0002474016877682844 -0.00008926094479457844 1.98762709860913e-7 2.257436185927951e-9 -5.811432592543784e-8 -0.00005716587198035563 -0.0005372050651607481 -0.005976422463030695 -0.011453483240746921 -0.0042810254152077475 -0.0024375824796441297 -0.028098865560691084 -0.02661395281071206 0.018681483959628535 0.028064253110706063 0.024736030600928084 0.0205130412745569 0.016173884519889166 0.01018423203926942 0.0021012529370304047 0.0011018833595980047 0.0005514873282945388 -0.00008093806193845078 0.00012265054753711862 -0.0000017267991100088251 -1.381871867840385e-7 -1.5368196644601862e-10 0.0001503221550914093 0.0016061075701003327 -0.0024357842739287493 -0.012759025074696654 -0.00775770210728552 -0.001970946958886253 0.0033949146194305925 0.0016919681011419781 0.007979874439868268 0.008338364611623137 0.012768682597160881 0.02007270142940042 0.010516448695100034 0.007277445488592595 0.0031608207882433776 0.00043826584647230606 -0.00007426233477523099 0.001627168255289573 0.0005883040047902297 -0.000003608847380858068 -1.1608491401990856e-7 -3.620027182469375e-9 0.00012005439771316444 0.00043176262091214194 -0.0008621733159455045 -0.00024038751636028258 -0.0002157485723282418 0.0030820759362170155 -0.0004272045134026856 -0.01219725094244163 0.0043903530941314765 0.01604627824708599 0.007156337775446114 0.018954071017898227 0.006709714331558935 0.0016316419715497956 0.0050749225496515595 0.0001316428966141789 0.0002178436979343635 0.0008728121661798692 0.00023410678550729824 -0.0000020936919687682047 -5.4542722664371475e-8 1.0248293096225232e-8 0.000014446240993078326 -0.0013256910498426996 -0.005160621425917178 -0.0029897945145477603 0.000996266531424694 0.004048533958584031 0.004274904738166009 0.00690276335717998 0.011674166808141965 0.008344785938763208 0.0005928511803515528 0.0052813353930613975 -0.0003872019593625785 -0.015469583218634918 -0.002185379157551064 0.000918975875981049 0.0002613953205361563 0.00029443057166241845 0.000044446320660584526 0.00000448447144252999 3.271706748050782e-9 6.507423717243666e-9 -0.00003751210639435639 -0.001966689851719541 -0.004644420642333638 -0.0015094000900714264 -0.0025005123519786366 0.004383112943583066 0.010356659736653725 0.009985901008219797 0.011566560596967325 0.013040899304658803 0.00977863220228245 0.0033112514358995754 -0.002073211152246709 -0.010842539140819361 -0.001638588333892667 0.0008586849761263203 0.00010598356302021634 -0.000026355399590359934 -0.00000504670832151196 7.650861020411944e-7 3.99249265030521e-9 7.930319399073034e-11 -0.000014872359485136358 -0.0005247104867176002 -0.0007970193393188258 -0.0008039356355058786 0.0005543246067203049 0.0038394698818957616 0.0022804056647201462 0.0007249852759568204 0.0042064337086732875 0.006326887383512717 0.008622474722546729 0.005917483967880551 0.0023580191934189955 0.0013009055330035716 0.000611656746439075 0.00006629703218981808 -0.00003364842165825183 -0.0000617458723138004 -0.000007861398996114453 -1.6936183318879608e-10 2.024264079800971e-12 0 -9.879818228353104e-8 -0.000004224374196578261 0.00003890260998319869 -0.0000698562399640503 0.00007507467697701182 0.00022860470590785618 -0.00045344650984348577 -0.0005376958577578372 0.0000652133967377498 0.0007243747525569114 0.0011226414096475363 0.001575235677100965 0.0016012947620973456 0.0005199770999855242 0.00013023416284486605 -0.000011241669655205597 0.000010444792199150255 0.0000015043376303516382 -4.969538286491086e-9 -4.114566880097159e-11 0 0 6.151057997047467e-12 2.3524199753259594e-10 3.8941483002817575e-10 1.3139516589052957e-10 3.0808542454309558e-12 -1.185269111668028e-11 8.047687799899801e-11 -1.829924848088327e-7 -5.577984395899629e-7 0.000007945790790734584 0.000002480880869547042 0.00011777599281893759 0.00011260472314868587 0.000023333691189098234 0.000008591188596107225 7.094316612428655e-7 0.0000013921336107618377 1.4544747454899444e-7 1.872635821954231e-13 0 0 0 0 0 -2.1629882604823847e-8 -0.0000012024305076017393 -0.000003913383306889112 -0.0000025170372478253526 -7.838899519961585e-9 -2.0264938414420167e-8 -8.318473160672146e-7 -4.3241997556070015e-7 -9.913781119743592e-9 -5.160514954581568e-9 1.659526178614089e-10 -6.364794511287826e-10 -6.273647920172209e-8 -1.6400012445017433e-7 -7.152949704516584e-8 -1.4322280775385562e-7 -3.2294652637617346e-8 1.1855150349272525e-9 1.7088417497193485e-12 0 0 -1.8061621007008814e-7 -0.000002172595220696839 -0.000010427217212919453 -0.00006662323675872576 -0.00003731982841267076 0.000019017222726199406 -0.000004266558147584211 -0.00007447791956462796 -0.0000767207936071229 -0.000016257498049822572 -0.0000022596462662716916 -0.0000057479320046338755 -4.844030580677138e-7 0.000041822847031527336 0.00003513384473172152 -0.0000012868173707749246 -0.0000012235253372374042 2.4823696310232206e-7 2.7802679858666215e-8 3.009355483152487e-11 0 2.8140816321529973e-10 -0.0000015237127586829381 -0.000014490836611510087 0.00016482043334810754 0.0001425474352973035 0.00009735690383584405 0.00011492501052948725 -0.00009317087392842366 -0.0002313760627017531 -0.00037359736109652153 -0.00011281639689148649 -0.000014687237005649054 -0.00004250511525510508 -0.000010029474193088999 0.00012431611502743638 0.00006488369359031648 -0.000014790335957772995 0.0000010681532488867588 0.0000018175253045329032 4.0119584750320913e-8 2.572265902041306e-11 0 8.215546709062665e-9 -4.805498202137467e-7 -5.462621485545769e-7 0.0003350559888449591 0.00038117991318317875 0.00011128290826420359 0.000036411306365478594 -0.00022056601164238554 -0.00012120035034501109 -0.00010620147082416027 -0.0000345471407158702 -0.00001184229431914572 -0.00003692479419601165 -0.000011975372848390826 8.676299593290433e-7 -0.000026242714536344444 -0.000005301898732783486 5.342317371401557e-7 6.453315362639138e-7 9.468860734121715e-8 1.2918091144178261e-12 0 1.0451288805508791e-8 5.698716740711529e-7 0.000004154162834414639 0.00004517747169468118 0.00008971609892239575 0.00006260924604537091 -0.00001564773223119039 -0.000038025874830590256 -0.00006930510881381714 0.000044635417457547855 0.00003562639805773093 0.000011628787374149885 -0.0000062503757008620465 -0.00003305751844083981 -0.00009021791513191326 -0.00001732940687824955 0.0000025493702206325334 5.750169929581659e-7 0.0000017754030879892894 3.373495468650949e-7 3.307949050423932e-12 0 2.0111997421277107e-9 1.229784983274828e-7 0.000001146083354261465 0.000002783842089823087 0.000010837843207182933 0.00001391297218767001 -0.00004448121216434343 0.00002331304133306776 -0.00004272293768148813 0.0000772190862286867 0.00009005160502164689 0.00006070976987779844 -0.000024192044033452125 -0.0000661459069822998 0.000011783421039130427 0.00002054334664666728 0.000004111523543335535 0.000003265347564669608 0.0000014010117797937216 1.7475682167678898e-7 1.424680859535262e-12 -5.928895877773842e-14 7.665870211275335e-10 -2.307766714469879e-7 -5.818030808520617e-7 0.00000654745792598814 0.000004315138111195831 -0.00001820866083421003 -0.00010855471748497938 -0.0000033332001458508273 0.00012024253968644105 0.00018518076936970858 0.00018876538054218102 0.0000795493247894246 -0.00002454513948476669 -0.00004470303151370524 -0.00002160863316242493 0.0000023743541226904452 0.00001656802125864523 0.00000601989846029188 3.477774714943385e-7 4.44511891123953e-8 -1.6311512719608978e-13 1.2658336829675282e-10 -3.0011091580273486e-7 -0.0000015573638717529706 -0.0000018110572817712778 0.000005339831926367419 0.0000030375612212768555 0.000010381984561474672 -0.00003469532641562992 9.833809148611214e-7 0.001001095232269229 0.0028380901377117983 0.003141224162438967 0.0006569143033950816 0.0000021852685264857696 -0.000009997257746022299 -0.00001776403401599662 -0.000006241816437313357 0.00000851146698394815 0.0000018120241632848786 3.7301511790267635e-7 9.652413360291042e-8 -7.821628415269755e-14 8.115968218553223e-10 -0.0000013382401586241489 -0.000005868879376001308 -9.075015676464594e-7 0.0000020425086273700314 0.0000010386540020137337 0.0000025180417312272777 0.00004466854974605852 0.00020109470443929774 0.0007773958526421371 0.001911306021104913 0.002558895034818176 0.0006871023226751268 0.00008216337835204061 0.00001851495561831194 0.0000025382543432011915 0.000002039115074469471 5.083496240581561e-7 -8.048892747872464e-7 7.382075965849351e-8 2.452756958789738e-8 5.649046220462439e-14 3.709200299430008e-11 -3.3925689881543884e-7 0.0000017057148150616264 6.901610039056213e-7 -0.000013531078158289173 -0.000002017500660682456 0.00021458242163321185 0.00041585135918588846 0.000366012959201323 0.0007694621688004405 0.0007539367847391998 -0.0005570820667461277 -0.0013158656572837093 0.0008245663689068233 0.0003269260064964205 -0.000019601538821756816 0.000002067987670800827 0.000001309114316544534 -5.235526952316556e-7 -1.779423712535288e-7 -3.060698758900348e-8 1.0554579125665816e-14 -1.4714253970891603e-9 3.5183871763430426e-8 0.000006988820973916329 -0.000027004904050829187 -0.00010942310048611566 -0.00009091125757586252 0.0006808634559611196 0.0016138961329320435 0.000404721313051468 0.003620030351822518 0.006048635670355244 0.0028748338242366067 -0.0015510941593545001 0.0019333521458928925 0.0008450243983819881 -0.00004253667020731944 -0.000002273973035101463 -0.000008978624896097574 -0.00001757432891062577 -0.0000022124194728012183 -5.203722333478541e-8 -1.715489018321021e-11 -5.827888436963759e-9 -9.750087356567207e-7 0.000003051864725368929 -0.00002514847185549254 -0.00007932290242115043 -0.0001926961747533933 0.00011079947389751199 0.004059657554876476 0.0016298997894123978 0.0008445846247428398 0.0030587245030391946 0.00142177053009448 -0.0017940922857735456 0.0014654588397249595 0.0013489689879598692 0.000007400213458629956 -0.000006386730408445665 -0.000006750028309696125 -0.000010127943479754716 -0.0000010447667321694853 2.2757954531173524e-8 -7.470078545579395e-11 -3.0791135290525915e-9 -4.796210902361726e-7 0.0000014425380233407717 0.0000037328084175978875 0.000015091260002353257 0.000024696672466378252 0.0003629738121930493 0.0019534841251633763 0.00004047608634708837 -0.0015603885624130682 -0.0007467906198333895 -0.0011829191086496153 0.000039746675114945076 0.002872080307936278 0.001287896011198499 0.000018743993382660974 7.496355367861412e-8 -9.29414725667544e-7 -5.49069853914004e-7 3.82125340405421e-7 1.0355791358511893e-7 -2.031501407049666e-11 -5.110202513331535e-11 4.856535561247109e-8 0.0000011436105843947066 -0.0000034040099223145615 -0.000012197353346022557 -0.00006603056675671188 -0.000009072877193250543 0.00021031658866292897 -0.0006967488146597999 -0.00037346724696254475 0.0009906304240941176 0.0016578799967482442 0.0018894130222222236 0.0017222045377830756 0.0006675820907799444 0.000004970180499818962 0.0000031730033376024146 -0.0000019642752065212247 1.688834758897205e-7 1.9072751480519486e-7 2.5768730445055642e-8 -4.0956456719996727e-16 0 -4.205142591847268e-7 -0.000005243167772367439 -0.000020823733420986036 -0.000119106533613092 -0.0003408570350579817 -0.0006015734147982376 -0.0010897865778912827 -0.0010304192446554858 0.0005709813186216726 0.002376868723497306 0.0012456537789847602 0.004292002102798935 0.0016618358562457934 -0.00004726775941539913 -0.00003444137953053359 0.0000031308891502807336 -0.000001977043374196451 0.0000031298963739186913 9.497481481626699e-7 3.660427595452932e-8 0 0 -0.0000026781371863109537 -0.000024664245114709247 -0.00005375699970354239 -0.0000732896743291842 -0.00019428671327457523 -0.0005063421572988775 -0.0014538589074601146 -0.0011683695142592414 0.003302828913533112 0.0033625799820680246 0.0005910616393216056 0.0027017524390252515 0.0006067289242957338 -0.00014957781668103196 -0.000008833751257799872 -0.0000035093365996798324 0.000006934409483701291 0.000006105517716440346 8.535366926107602e-7 2.1018957457373036e-8 0 0 -0.00000806802250910301 -0.00006023940080713498 -0.0001484634239970889 -0.0001407433219074902 -0.00012099452252124272 -0.00031204308600312885 -0.001876606915587377 -0.002491542429442193 0.001078080834879118 0.0012516578069272674 0.0002709300356556952 0.0002851776453345685 0.00018343423710771286 0.0001570989546238005 0.000002707530355045349 -0.00002516182225982847 0.000006474980201893682 0.000004790024588022817 5.144641065553303e-7 1.5887854111460042e-9 0 0 -0.0000019395854484312463 -0.000012252705168139334 -0.00017975171317747275 -0.00034281252747031787 -0.00009821030904118722 -0.00006738839745901806 -0.0006945583961214522 -0.0005848679916063718 0.00024519926876025535 0.00012730309396914756 0.00015473264919489989 0.00030991646490962304 0.0002652185477595388 0.0001035191210434958 -0.000015633742725109298 -0.0000015596120019829505 0.000009636576158126304 0.000002650015661245016 0.0000020346087032558576 2.296057705959541e-9 0 0 0.000002158122094033718 0.0000324752658058227 -0.0001272750858641675 -0.0004157579638165987 -0.00010151610919804866 0.00001634536288728176 0.0001422569137051029 0.00008060027937551932 -0.000025470356772870766 -0.0001299456513086552 0.00025278305162358195 0.0002264401599072832 0.00015594276308752308 0.00013903693817222972 0.000026847925934994184 -0.0000060632276658351174 0.000006188750629691843 0.00004688216302284697 0.000013398081321446741 6.284517681217193e-10 0 0 0.0000015606613434545524 0.0000044579970989599575 -0.000045897052389857146 -0.000007360383940686787 0.00006299092182450507 0.00009179056680634253 -0.000060145610968580044 -0.00021101117011096765 0.000048244910936411596 0.00027355383830975094 0.00012863769530063724 0.0002674127037179863 0.00008957146167295125 0.00005922998108826839 0.00006574707778176914 -0.000004086759938103533 0.000006214397125327067 0.000022077847137171916 0.000005388558432531757 6.350137800974121e-11 0 0 2.769819125372844e-8 -0.000011335291874671902 -0.00004242459792199454 -0.0000014511478770892636 0.0000713207122055172 -0.00003980313420909736 -0.00009066332715568252 0.00012525671280184662 0.00022035929744025932 0.00015942171919294538 -0.000007489498579679735 0.00012824624436178926 0.00010316896310991034 -0.0000554386631381773 -0.0000070746307634386935 0.0000023915922038556747 -1.0467584698191678e-7 4.67347425267728e-7 8.424836017312989e-8 8.471550190344799e-14 0 0 -1.5795482163342368e-7 -0.000014135156096271918 -0.00005137851632087379 -0.00004578306012038006 -0.00006796850086453104 -0.00007132864626649985 0.00011368344355552768 0.00018705533854938483 0.0003091294603830177 0.0003792296781107937 0.0001874185142459095 0.0001158969004527302 0.00016844298396598105 0.000029224973502333538 -0.000011956151368587561 0.0000030945856790655284 0.000001338711321577991 7.149007596590654e-7 5.5836292080323186e-8 0 0 0 -7.461506100865588e-8 -0.000004059499439469598 -0.000017610188112520592 -0.00003247915817650573 -0.000025668200332967025 0.000009180426872861183 0.00003279279011624159 0.00002524317929248292 0.00014985005564768376 0.0002056746980030338 0.0001571258160416172 0.00010054607245839979 0.00006721789370040574 0.00004431418369562251 0.00000909323252761373 4.188433063230912e-7 1.5683730645778292e-7 -5.544693867803637e-10 -5.430112110765975e-9 0 0 0 -8.246729200075178e-10 -7.29198045734157e-8 -3.6344889135746944e-7 -0.0000021761903874234466 -0.000001078494443655642 6.693296954482345e-7 -0.000005262957937662141 -0.000006237532804794803 0.0000070520259354826616 0.000021386979266426556 0.000018292812566815734 0.000032937256721520005 0.0000272976294667786 0.0000037840296075730975 0.0000013182001730501876 2.9577158903149375e-9 -3.112935282687941e-12 -4.522287355293879e-11 -9.16632832452838e-12 0 0 0 0 0 0 0 0 0 -1.615141173727769e-14 4.872762852971813e-9 1.1210196286658399e-7 2.142654784086122e-7 -4.2322641435085876e-7 0.0000017940833419235197 0.0000020608752776527706 -1.1591773470055917e-7 -4.795315439085286e-8 -5.38930591350124e-10 0 0 0 0 0)
(UseBinaryFormatForTransformationParameters "false")
(UseCyclicTransform "false")
(UseDirectionCosines "true")

// ResampleInterpolator specific
(FinalBSplineInterpolationOrder 3)
(ResampleInterpolator "FinalBSplineInterpolator")

// Resampler specific
(CompressResultImage "true")
(DefaultPixelValue 0)
(Resampler "DefaultResampler")
(ResultImageFormat "mhd")
(ResultImagePixelType "float")
